{
  "meta": {
    "data_version": "1.1.0",
    "created": "2021-08-01",
    "revision": 2
  },
  "info": {
    "balls_per_over": 5,
    "city": "Leeds",
    "dates": [
      "2021-07-31"
    ],
    "event": {
      "name": "The Hundred Women's Competition",
      "match_number": 13
    },
    "gender": "female",
    "match_type": "T20",
    "officials": {
      "match_referees": [
        "TJ Boon"
      ],
      "reserve_umpires": [
        "Y Dolphin-Cooper"
      ],
      "tv_umpires": [
        "NJ Llong"
      ],
      "umpires": [
        "AY Harris",
        "SJ O'Shaughnessy"
      ]
    },
    "outcome": {
      "winner": "Northern Superchargers",
      "by": {
        "runs": 4
      }
    },
    "overs": 20,
    "player_of_match": [
      "AN Davidson-Richards"
    ],
    "players": {
      "Northern Superchargers": [
        "L Winfield-Hill",
        "JI Rodrigues",
        "L Wolvaardt",
        "AN Davidson-Richards",
        "BAM Heath",
        "L Harris",
        "LCN Smith",
        "K Moore",
        "PC Graham",
        "EA Russell",
        "KA Levick"
      ],
      "Oval Invincibles": [
        "GL Adams",
        "A Capsey",
        "SJ Bryce",
        "FC Wilson",
        "D van Niekerk",
        "MK Villiers",
        "NE Farrant",
        "GJ Gibbs",
        "J Gardner",
        "E Gray",
        "D Gregory"
      ]
    },
    "registry": {
      "people": {
        "A Capsey": "910dd54e",
        "AN Davidson-Richards": "35828bdd",
        "AY Harris": "90d95b82",
        "BAM Heath": "3b5a9438",
        "D Gregory": "b3ccffff",
        "D van Niekerk": "8c5775f3",
        "E Gray": "58717de2",
        "EA Russell": "708584cf",
        "FC Wilson": "a28132bd",
        "GJ Gibbs": "04381402",
        "GL Adams": "7b1f2542",
        "J Gardner": "184512d1",
        "JI Rodrigues": "cb08b611",
        "K Moore": "d12c8445",
        "KA Levick": "8f30d191",
        "L Harris": "36e2dc83",
        "L Winfield-Hill": "5230a33d",
        "L Wolvaardt": "e60f81c9",
        "LCN Smith": "340202b0",
        "MK Villiers": "cd62f670",
        "NE Farrant": "15f609ed",
        "NJ Llong": "573fb985",
        "PC Graham": "b5c83d22",
        "SJ Bryce": "2ca65aee",
        "SJ O'Shaughnessy": "4d4fdf4a",
        "TJ Boon": "0bdf177a",
        "Y Dolphin-Cooper": "87568a36"
      }
    },
    "season": "2021",
    "team_type": "club",
    "teams": [
      "Northern Superchargers",
      "Oval Invincibles"
    ],
    "toss": {
      "decision": "field",
      "winner": "Oval Invincibles"
    },
    "venue": "Headingley, Leeds"
  },
  "innings": [
    {
      "team": "Northern Superchargers",
      "overs": [
        {
          "over": 0,
          "deliveries": [
            {
              "batter": "L Winfield-Hill",
              "bowler": "A Capsey",
              "non_striker": "JI Rodrigues",
              "runs": {
                "batter": 1,
                "extras": 0,
                "total": 1
              }
            },
            {
              "batter": "JI Rodrigues",
              "bowler": "A Capsey",
              "non_striker": "L Winfield-Hill",
              "runs": {
                "batter": 1,
                "extras": 0,
                "total": 1
              }
            },
            {
              "batter": "L Winfield-Hill",
              "bowler": "A Capsey",
              "non_striker": "JI Rodrigues",
              "runs": {
                "batter": 1,
                "extras": 0,
                "total": 1
              }
            },
            {
              "batter": "JI Rodrigues",
              "bowler": "A Capsey",
              "non_striker": "L Winfield-Hill",
              "runs": {
                "batter": 0,
                "extras": 0,
                "total": 0
              }
            },
            {
              "batter": "JI Rodrigues",
              "bowler": "A Capsey",
              "non_striker": "L Winfield-Hill",
              "runs": {
                "batter": 0,
                "extras": 0,
                "total": 0
              }
            }
          ]
        },
        {
          "over": 1,
          "deliveries": [
            {
              "batter": "JI Rodrigues",
              "bowler": "NE Farrant",
              "non_striker": "L Winfield-Hill",
              "runs": {
                "batter": 4,
                "extras": 0,
                "total": 4
              }
            },
            {
              "batter": "JI Rodrigues",
              "bowler": "NE Farrant",
              "non_striker": "L Winfield-Hill",
              "runs": {
                "batter": 0,
                "extras": 0,
                "total": 0
              }
            },
            {
              "batter": "JI Rodrigues",
              "bowler": "NE Farrant",
              "non_striker": "L Winfield-Hill",
              "runs": {
                "batter": 4,
                "extras": 0,
                "total": 4
              }
            },
            {
              "batter": "JI Rodrigues",
              "bowler": "NE Farrant",
              "non_striker": "L Winfield-Hill",
              "runs": {
                "batter": 1,
                "extras": 0,
                "total": 1
              }
            },
            {
              "batter": "L Winfield-Hill",
              "bowler": "NE Farrant",
              "non_striker": "JI Rodrigues",
              "runs": {
                "batter": 0,
                "extras": 0,
                "total": 0
              }
            }
          ]
        },
        {
          "over": 2,
          "deliveries": [
            {
              "batter": "JI Rodrigues",
              "bowler": "MK Villiers",
              "non_striker": "L Winfield-Hill",
              "runs": {
                "batter": 4,
                "extras": 0,
                "total": 4
              }
            },
            {
              "batter": "JI Rodrigues",
              "bowler": "MK Villiers",
              "non_striker": "L Winfield-Hill",
              "runs": {
                "batter": 0,
                "extras": 0,
                "total": 0
              }
            },
            {
              "batter": "JI Rodrigues",
              "bowler": "MK Villiers",
              "non_striker": "L Winfield-Hill",
              "review": {
                "by": "Oval Invincibles",
                "umpire": "SJ O'Shaughnessy",
                "batter": "JI Rodrigues",
                "decision": "upheld"
              },
              "runs": {
                "batter": 0,
                "extras": 0,
                "total": 0
              },
              "wickets": [
                {
                  "player_out": "JI Rodrigues",
                  "fielders": [
                    {
                      "name": "SJ Bryce"
                    }
                  ],
                  "kind": "caught"
                }
              ]
            },
            {
              "batter": "L Wolvaardt",
              "bowler": "MK Villiers",
              "non_striker": "L Winfield-Hill",
              "runs": {
                "batter": 4,
                "extras": 0,
                "total": 4
              }
            },
            {
              "batter": "L Wolvaardt",
              "bowler": "MK Villiers",
              "non_striker": "L Winfield-Hill",
              "runs": {
                "batter": 1,
                "extras": 0,
                "total": 1
              }
            }
          ]
        },
        {
          "over": 3,
          "deliveries": [
            {
              "batter": "L Winfield-Hill",
              "bowler": "A Capsey",
              "non_striker": "L Wolvaardt",
              "runs": {
                "batter": 0,
                "extras": 0,
                "total": 0
              }
            },
            {
              "batter": "L Winfield-Hill",
              "bowler": "A Capsey",
              "non_striker": "L Wolvaardt",
              "runs": {
                "batter": 1,
                "extras": 0,
                "total": 1
              }
            },
            {
              "batter": "L Wolvaardt",
              "bowler": "A Capsey",
              "non_striker": "L Winfield-Hill",
              "runs": {
                "batter": 0,
                "extras": 0,
                "total": 0
              }
            },
            {
              "batter": "L Wolvaardt",
              "bowler": "A Capsey",
              "non_striker": "L Winfield-Hill",
              "runs": {
                "batter": 0,
                "extras": 0,
                "total": 0
              }
            },
            {
              "batter": "L Wolvaardt",
              "bowler": "A Capsey",
              "non_striker": "L Winfield-Hill",
              "runs": {
                "batter": 1,
                "extras": 0,
                "total": 1
              }
            }
          ]
        },
        {
          "over": 4,
          "deliveries": [
            {
              "batter": "L Wolvaardt",
              "bowler": "NE Farrant",
              "non_striker": "L Winfield-Hill",
              "runs": {
                "batter": 1,
                "extras": 0,
                "total": 1
              }
            },
            {
              "batter": "L Winfield-Hill",
              "bowler": "NE Farrant",
              "non_striker": "L Wolvaardt",
              "runs": {
                "batter": 1,
                "extras": 0,
                "total": 1
              }
            },
            {
              "batter": "L Wolvaardt",
              "bowler": "NE Farrant",
              "non_striker": "L Winfield-Hill",
              "runs": {
                "batter": 0,
                "extras": 0,
                "total": 0
              }
            },
            {
              "batter": "L Wolvaardt",
              "bowler": "NE Farrant",
              "non_striker": "L Winfield-Hill",
              "runs": {
                "batter": 0,
                "extras": 0,
                "total": 0
              }
            },
            {
              "batter": "L Wolvaardt",
              "bowler": "NE Farrant",
              "non_striker": "L Winfield-Hill",
              "runs": {
                "batter": 0,
                "extras": 0,
                "total": 0
              }
            }
          ]
        },
        {
          "over": 5,
          "deliveries": [
            {
              "batter": "L Wolvaardt",
              "bowler": "GJ Gibbs",
              "non_striker": "L Winfield-Hill",
              "runs": {
                "batter": 2,
                "extras": 0,
                "total": 2
              }
            },
            {
              "batter": "L Wolvaardt",
              "bowler": "GJ Gibbs",
              "non_striker": "L Winfield-Hill",
              "runs": {
                "batter": 0,
                "extras": 0,
                "total": 0
              }
            },
            {
              "batter": "L Wolvaardt",
              "bowler": "GJ Gibbs",
              "non_striker": "L Winfield-Hill",
              "runs": {
                "batter": 1,
                "extras": 0,
                "total": 1
              }
            },
            {
              "batter": "L Winfield-Hill",
              "bowler": "GJ Gibbs",
              "non_striker": "L Wolvaardt",
              "runs": {
                "batter": 0,
                "extras": 0,
                "total": 0
              }
            },
            {
              "batter": "L Winfield-Hill",
              "bowler": "GJ Gibbs",
              "non_striker": "L Wolvaardt",
              "runs": {
                "batter": 0,
                "extras": 0,
                "total": 0
              },
              "wickets": [
                {
                  "player_out": "L Winfield-Hill",
                  "fielders": [
                    {
                      "name": "MK Villiers"
                    }
                  ],
                  "kind": "caught"
                }
              ]
            }
          ]
        },
        {
          "over": 6,
          "deliveries": [
            {
              "batter": "L Wolvaardt",
              "bowler": "D van Niekerk",
              "non_striker": "AN Davidson-Richards",
              "runs": {
                "batter": 1,
                "extras": 0,
                "total": 1
              }
            },
            {
              "batter": "AN Davidson-Richards",
              "bowler": "D van Niekerk",
              "non_striker": "L Wolvaardt",
              "runs": {
                "batter": 0,
                "extras": 0,
                "total": 0
              }
            },
            {
              "batter": "AN Davidson-Richards",
              "bowler": "D van Niekerk",
              "non_striker": "L Wolvaardt",
              "runs": {
                "batter": 1,
                "extras": 0,
                "total": 1
              }
            },
            {
              "batter": "L Wolvaardt",
              "bowler": "D van Niekerk",
              "non_striker": "AN Davidson-Richards",
              "runs": {
                "batter": 1,
                "extras": 0,
                "total": 1
              }
            },
            {
              "batter": "AN Davidson-Richards",
              "bowler": "D van Niekerk",
              "non_striker": "L Wolvaardt",
              "runs": {
                "batter": 1,
                "extras": 0,
                "total": 1
              }
            }
          ]
        },
        {
          "over": 7,
          "deliveries": [
            {
              "batter": "L Wolvaardt",
              "bowler": "D van Niekerk",
              "non_striker": "AN Davidson-Richards",
              "runs": {
                "batter": 4,
                "extras": 0,
                "total": 4
              }
            },
            {
              "batter": "L Wolvaardt",
              "bowler": "D van Niekerk",
              "non_striker": "AN Davidson-Richards",
              "runs": {
                "batter": 0,
                "extras": 0,
                "total": 0
              }
            },
            {
              "batter": "L Wolvaardt",
              "bowler": "D van Niekerk",
              "non_striker": "AN Davidson-Richards",
              "runs": {
                "batter": 1,
                "extras": 0,
                "total": 1
              }
            },
            {
              "batter": "AN Davidson-Richards",
              "bowler": "D van Niekerk",
              "non_striker": "L Wolvaardt",
              "runs": {
                "batter": 4,
                "extras": 0,
                "total": 4
              }
            },
            {
              "batter": "AN Davidson-Richards",
              "bowler": "D van Niekerk",
              "non_striker": "L Wolvaardt",
              "runs": {
                "batter": 1,
                "extras": 0,
                "total": 1
              }
            }
          ]
        },
        {
          "over": 8,
          "deliveries": [
            {
              "batter": "AN Davidson-Richards",
              "bowler": "MK Villiers",
              "non_striker": "L Wolvaardt",
              "runs": {
                "batter": 1,
                "extras": 0,
                "total": 1
              }
            },
            {
              "batter": "L Wolvaardt",
              "bowler": "MK Villiers",
              "non_striker": "AN Davidson-Richards",
              "runs": {
                "batter": 1,
                "extras": 0,
                "total": 1
              }
            },
            {
              "batter": "AN Davidson-Richards",
              "bowler": "MK Villiers",
              "non_striker": "L Wolvaardt",
              "runs": {
                "batter": 0,
                "extras": 0,
                "total": 0
              }
            },
            {
              "batter": "AN Davidson-Richards",
              "bowler": "MK Villiers",
              "non_striker": "L Wolvaardt",
              "runs": {
                "batter": 1,
                "extras": 0,
                "total": 1
              }
            },
            {
              "batter": "L Wolvaardt",
              "bowler": "MK Villiers",
              "non_striker": "AN Davidson-Richards",
              "runs": {
                "batter": 1,
                "extras": 0,
                "total": 1
              }
            }
          ]
        },
        {
          "over": 9,
          "deliveries": [
            {
              "batter": "AN Davidson-Richards",
              "bowler": "D Gregory",
              "non_striker": "L Wolvaardt",
              "runs": {
                "batter": 4,
                "extras": 0,
                "total": 4
              }
            },
            {
              "batter": "AN Davidson-Richards",
              "bowler": "D Gregory",
              "non_striker": "L Wolvaardt",
              "runs": {
                "batter": 1,
                "extras": 0,
                "total": 1
              }
            },
            {
              "batter": "L Wolvaardt",
              "bowler": "D Gregory",
              "non_striker": "AN Davidson-Richards",
              "runs": {
                "batter": 4,
                "extras": 0,
                "total": 4
              }
            },
            {
              "batter": "L Wolvaardt",
              "bowler": "D Gregory",
              "non_striker": "AN Davidson-Richards",
              "runs": {
                "batter": 1,
                "extras": 0,
                "total": 1
              }
            },
            {
              "batter": "AN Davidson-Richards",
              "bowler": "D Gregory",
              "non_striker": "L Wolvaardt",
              "runs": {
                "batter": 1,
                "extras": 0,
                "total": 1
              }
            }
          ]
        },
        {
          "over": 10,
          "deliveries": [
            {
              "batter": "AN Davidson-Richards",
              "bowler": "GJ Gibbs",
              "non_striker": "L Wolvaardt",
              "runs": {
                "batter": 4,
                "extras": 0,
                "total": 4
              }
            },
            {
              "batter": "AN Davidson-Richards",
              "bowler": "GJ Gibbs",
              "non_striker": "L Wolvaardt",
              "runs": {
                "batter": 1,
                "extras": 0,
                "total": 1
              }
            },
            {
              "batter": "L Wolvaardt",
              "bowler": "GJ Gibbs",
              "non_striker": "AN Davidson-Richards",
              "runs": {
                "batter": 2,
                "extras": 0,
                "total": 2
              }
            },
            {
              "batter": "L Wolvaardt",
              "bowler": "GJ Gibbs",
              "non_striker": "AN Davidson-Richards",
              "runs": {
                "batter": 0,
                "extras": 0,
                "total": 0
              }
            },
            {
              "batter": "L Wolvaardt",
              "bowler": "GJ Gibbs",
              "non_striker": "AN Davidson-Richards",
              "runs": {
                "batter": 1,
                "extras": 0,
                "total": 1
              }
            }
          ]
        },
        {
          "over": 11,
          "deliveries": [
            {
              "batter": "AN Davidson-Richards",
              "bowler": "A Capsey",
              "non_striker": "L Wolvaardt",
              "runs": {
                "batter": 1,
                "extras": 0,
                "total": 1
              }
            },
            {
              "batter": "L Wolvaardt",
              "bowler": "A Capsey",
              "non_striker": "AN Davidson-Richards",
              "runs": {
                "batter": 0,
                "extras": 0,
                "total": 0
              }
            },
            {
              "batter": "L Wolvaardt",
              "bowler": "A Capsey",
              "non_striker": "AN Davidson-Richards",
              "runs": {
                "batter": 0,
                "extras": 0,
                "total": 0
              },
              "wickets": [
                {
                  "player_out": "L Wolvaardt",
                  "fielders": [
                    {
                      "name": "SJ Bryce"
                    }
                  ],
                  "kind": "caught"
                }
              ]
            },
            {
              "batter": "BAM Heath",
              "bowler": "A Capsey",
              "non_striker": "AN Davidson-Richards",
              "runs": {
                "batter": 0,
                "extras": 0,
                "total": 0
              }
            },
            {
              "batter": "BAM Heath",
              "bowler": "A Capsey",
              "non_striker": "AN Davidson-Richards",
              "runs": {
                "batter": 0,
                "extras": 0,
                "total": 0
              },
              "wickets": [
                {
                  "player_out": "BAM Heath",
                  "kind": "caught and bowled"
                }
              ]
            }
          ]
        },
        {
          "over": 12,
          "deliveries": [
            {
              "batter": "AN Davidson-Richards",
              "bowler": "E Gray",
              "non_striker": "L Harris",
              "runs": {
                "batter": 0,
                "extras": 0,
                "total": 0
              }
            },
            {
              "batter": "AN Davidson-Richards",
              "bowler": "E Gray",
              "non_striker": "L Harris",
              "runs": {
                "batter": 1,
                "extras": 0,
                "total": 1
              }
            },
            {
              "batter": "L Harris",
              "bowler": "E Gray",
              "non_striker": "AN Davidson-Richards",
              "runs": {
                "batter": 4,
                "extras": 0,
                "total": 4
              }
            },
            {
              "batter": "L Harris",
              "bowler": "E Gray",
              "non_striker": "AN Davidson-Richards",
              "runs": {
                "batter": 1,
                "extras": 0,
                "total": 1
              }
            },
            {
              "batter": "AN Davidson-Richards",
              "bowler": "E Gray",
              "non_striker": "L Harris",
              "runs": {
                "batter": 1,
                "extras": 0,
                "total": 1
              }
            }
          ]
        },
        {
          "over": 13,
          "deliveries": [
            {
              "batter": "L Harris",
              "bowler": "GJ Gibbs",
              "non_striker": "AN Davidson-Richards",
              "runs": {
                "batter": 0,
                "extras": 0,
                "total": 0
              },
              "wickets": [
                {
                  "player_out": "L Harris",
                  "fielders": [
                    {
                      "name": "A Capsey"
                    }
                  ],
                  "kind": "caught"
                }
              ]
            },
            {
              "batter": "LCN Smith",
              "bowler": "GJ Gibbs",
              "non_striker": "AN Davidson-Richards",
              "runs": {
                "batter": 0,
                "extras": 0,
                "total": 0
              }
            },
            {
              "batter": "LCN Smith",
              "bowler": "GJ Gibbs",
              "non_striker": "AN Davidson-Richards",
              "runs": {
                "batter": 1,
                "extras": 0,
                "total": 1
              }
            },
            {
              "batter": "AN Davidson-Richards",
              "bowler": "GJ Gibbs",
              "non_striker": "LCN Smith",
              "runs": {
                "batter": 1,
                "extras": 0,
                "total": 1
              }
            },
            {
              "batter": "LCN Smith",
              "bowler": "GJ Gibbs",
              "non_striker": "AN Davidson-Richards",
              "runs": {
                "batter": 0,
                "extras": 0,
                "total": 0
              }
            }
          ]
        },
        {
          "over": 14,
          "deliveries": [
            {
              "batter": "AN Davidson-Richards",
              "bowler": "MK Villiers",
              "non_striker": "LCN Smith",
              "runs": {
                "batter": 1,
                "extras": 0,
                "total": 1
              }
            },
            {
              "batter": "LCN Smith",
              "bowler": "MK Villiers",
              "non_striker": "AN Davidson-Richards",
              "runs": {
                "batter": 0,
                "extras": 0,
                "total": 0
              }
            },
            {
              "batter": "LCN Smith",
              "bowler": "MK Villiers",
              "non_striker": "AN Davidson-Richards",
              "runs": {
                "batter": 2,
                "extras": 0,
                "total": 2
              }
            },
            {
              "batter": "LCN Smith",
              "bowler": "MK Villiers",
              "non_striker": "AN Davidson-Richards",
              "runs": {
                "batter": 0,
                "extras": 0,
                "total": 0
              }
            },
            {
              "batter": "LCN Smith",
              "bowler": "MK Villiers",
              "non_striker": "AN Davidson-Richards",
              "runs": {
                "batter": 0,
                "extras": 0,
                "total": 0
              },
              "wickets": [
                {
                  "player_out": "LCN Smith",
                  "kind": "bowled"
                }
              ]
            }
          ]
        },
        {
          "over": 15,
          "deliveries": [
            {
              "batter": "K Moore",
              "bowler": "A Capsey",
              "non_striker": "AN Davidson-Richards",
              "runs": {
                "batter": 0,
                "extras": 0,
                "total": 0
              }
            },
            {
              "batter": "K Moore",
              "bowler": "A Capsey",
              "non_striker": "AN Davidson-Richards",
              "runs": {
                "batter": 0,
                "extras": 0,
                "total": 0
              }
            },
            {
              "batter": "K Moore",
              "bowler": "A Capsey",
              "non_striker": "AN Davidson-Richards",
              "runs": {
                "batter": 1,
                "extras": 0,
                "total": 1
              }
            },
            {
              "batter": "AN Davidson-Richards",
              "bowler": "A Capsey",
              "non_striker": "K Moore",
              "runs": {
                "batter": 1,
                "extras": 0,
                "total": 1
              }
            },
            {
              "batter": "K Moore",
              "bowler": "A Capsey",
              "non_striker": "AN Davidson-Richards",
              "runs": {
                "batter": 1,
                "extras": 0,
                "total": 1
              }
            }
          ]
        },
        {
          "over": 16,
          "deliveries": [
            {
              "batter": "K Moore",
              "bowler": "GJ Gibbs",
              "non_striker": "AN Davidson-Richards",
              "runs": {
                "batter": 4,
                "extras": 0,
                "total": 4
              }
            },
            {
              "batter": "K Moore",
              "bowler": "GJ Gibbs",
              "non_striker": "AN Davidson-Richards",
              "runs": {
                "batter": 0,
                "extras": 0,
                "total": 0
              }
            },
            {
              "batter": "K Moore",
              "bowler": "GJ Gibbs",
              "non_striker": "AN Davidson-Richards",
              "runs": {
                "batter": 1,
                "extras": 0,
                "total": 1
              }
            },
            {
              "batter": "AN Davidson-Richards",
              "bowler": "GJ Gibbs",
              "non_striker": "K Moore",
              "runs": {
                "batter": 4,
                "extras": 0,
                "total": 4
              }
            },
            {
              "batter": "AN Davidson-Richards",
              "bowler": "GJ Gibbs",
              "non_striker": "K Moore",
              "runs": {
                "batter": 2,
                "extras": 0,
                "total": 2
              }
            }
          ]
        },
        {
          "over": 17,
          "deliveries": [
            {
              "batter": "AN Davidson-Richards",
              "bowler": "NE Farrant",
              "non_striker": "K Moore",
              "runs": {
                "batter": 1,
                "extras": 0,
                "total": 1
              }
            },
            {
              "batter": "K Moore",
              "bowler": "NE Farrant",
              "non_striker": "AN Davidson-Richards",
              "runs": {
                "batter": 2,
                "extras": 0,
                "total": 2
              }
            },
            {
              "batter": "K Moore",
              "bowler": "NE Farrant",
              "non_striker": "AN Davidson-Richards",
              "runs": {
                "batter": 1,
                "extras": 0,
                "total": 1
              }
            },
            {
              "batter": "AN Davidson-Richards",
              "bowler": "NE Farrant",
              "non_striker": "K Moore",
              "runs": {
                "batter": 4,
                "extras": 0,
                "total": 4
              }
            },
            {
              "batter": "AN Davidson-Richards",
              "bowler": "NE Farrant",
              "non_striker": "K Moore",
              "runs": {
                "batter": 1,
                "extras": 0,
                "total": 1
              }
            }
          ]
        },
        {
          "over": 18,
          "deliveries": [
            {
              "batter": "AN Davidson-Richards",
              "bowler": "MK Villiers",
              "extras": {
                "legbyes": 1
              },
              "non_striker": "K Moore",
              "runs": {
                "batter": 0,
                "extras": 1,
                "total": 1
              }
            },
            {
              "batter": "K Moore",
              "bowler": "MK Villiers",
              "non_striker": "AN Davidson-Richards",
              "runs": {
                "batter": 0,
                "extras": 0,
                "total": 0
              }
            },
            {
              "batter": "K Moore",
              "bowler": "MK Villiers",
              "non_striker": "AN Davidson-Richards",
              "runs": {
                "batter": 1,
                "extras": 0,
                "total": 1
              }
            },
            {
              "batter": "AN Davidson-Richards",
              "bowler": "MK Villiers",
              "non_striker": "K Moore",
              "runs": {
                "batter": 0,
                "extras": 0,
                "total": 0
              }
            },
            {
              "batter": "AN Davidson-Richards",
              "bowler": "MK Villiers",
              "non_striker": "K Moore",
              "runs": {
                "batter": 2,
                "extras": 0,
                "total": 2
              }
            }
          ]
        },
        {
          "over": 19,
          "deliveries": [
            {
              "batter": "AN Davidson-Richards",
              "bowler": "NE Farrant",
              "non_striker": "K Moore",
              "runs": {
                "batter": 2,
                "extras": 0,
                "total": 2
              }
            },
            {
              "batter": "AN Davidson-Richards",
              "bowler": "NE Farrant",
              "non_striker": "K Moore",
              "runs": {
                "batter": 0,
                "extras": 0,
                "total": 0
              },
              "wickets": [
                {
                  "player_out": "AN Davidson-Richards",
                  "fielders": [
                    {
                      "name": "E Gray"
                    }
                  ],
                  "kind": "caught"
                }
              ]
            },
            {
              "batter": "PC Graham",
              "bowler": "NE Farrant",
              "non_striker": "K Moore",
              "runs": {
                "batter": 1,
                "extras": 0,
                "total": 1
              }
            },
            {
              "batter": "K Moore",
              "bowler": "NE Farrant",
              "non_striker": "PC Graham",
              "runs": {
                "batter": 0,
                "extras": 0,
                "total": 0
              },
              "wickets": [
                {
                  "player_out": "K Moore",
                  "fielders": [
                    {
                      "name": "GJ Gibbs"
                    }
                  ],
                  "kind": "caught"
                }
              ]
            },
            {
              "batter": "EA Russell",
              "bowler": "NE Farrant",
              "non_striker": "PC Graham",
              "runs": {
                "batter": 1,
                "extras": 0,
                "total": 1
              }
            }
          ]
        }
      ],
      "powerplays": [
        {
          "from": 0.1,
          "to": 4.5,
          "type": "mandatory"
        }
      ]
    },
    {
      "team": "Oval Invincibles",
      "overs": [
        {
          "over": 0,
          "deliveries": [
            {
              "batter": "GL Adams",
              "bowler": "EA Russell",
              "non_striker": "A Capsey",
              "runs": {
                "batter": 4,
                "extras": 0,
                "total": 4
              }
            },
            {
              "batter": "GL Adams",
              "bowler": "EA Russell",
              "non_striker": "A Capsey",
              "runs": {
                "batter": 1,
                "extras": 0,
                "total": 1
              }
            },
            {
              "batter": "A Capsey",
              "bowler": "EA Russell",
              "extras": {
                "wides": 1
              },
              "non_striker": "GL Adams",
              "runs": {
                "batter": 0,
                "extras": 1,
                "total": 1
              }
            },
            {
              "batter": "A Capsey",
              "bowler": "EA Russell",
              "non_striker": "GL Adams",
              "runs": {
                "batter": 0,
                "extras": 0,
                "total": 0
              }
            },
            {
              "batter": "A Capsey",
              "bowler": "EA Russell",
              "non_striker": "GL Adams",
              "runs": {
                "batter": 0,
                "extras": 0,
                "total": 0
              }
            },
            {
              "batter": "A Capsey",
              "bowler": "EA Russell",
              "non_striker": "GL Adams",
              "runs": {
                "batter": 0,
                "extras": 0,
                "total": 0
              }
            }
          ]
        },
        {
          "over": 1,
          "deliveries": [
            {
              "batter": "A Capsey",
              "bowler": "AN Davidson-Richards",
              "non_striker": "GL Adams",
              "runs": {
                "batter": 2,
                "extras": 0,
                "total": 2
              }
            },
            {
              "batter": "A Capsey",
              "bowler": "AN Davidson-Richards",
              "non_striker": "GL Adams",
              "runs": {
                "batter": 0,
                "extras": 0,
                "total": 0
              }
            },
            {
              "batter": "A Capsey",
              "bowler": "AN Davidson-Richards",
              "non_striker": "GL Adams",
              "runs": {
                "batter": 0,
                "extras": 0,
                "total": 0
              }
            },
            {
              "batter": "A Capsey",
              "bowler": "AN Davidson-Richards",
              "non_striker": "GL Adams",
              "runs": {
                "batter": 0,
                "extras": 0,
                "total": 0
              }
            },
            {
              "batter": "A Capsey",
              "bowler": "AN Davidson-Richards",
              "non_striker": "GL Adams",
              "runs": {
                "batter": 0,
                "extras": 0,
                "total": 0
              }
            }
          ]
        },
        {
          "over": 2,
          "deliveries": [
            {
              "batter": "GL Adams",
              "bowler": "LCN Smith",
              "non_striker": "A Capsey",
              "runs": {
                "batter": 1,
                "extras": 0,
                "total": 1
              }
            },
            {
              "batter": "A Capsey",
              "bowler": "LCN Smith",
              "non_striker": "GL Adams",
              "runs": {
                "batter": 1,
                "extras": 0,
                "total": 1
              }
            },
            {
              "batter": "GL Adams",
              "bowler": "LCN Smith",
              "non_striker": "A Capsey",
              "runs": {
                "batter": 0,
                "extras": 0,
                "total": 0
              }
            },
            {
              "batter": "GL Adams",
              "bowler": "LCN Smith",
              "non_striker": "A Capsey",
              "runs": {
                "batter": 0,
                "extras": 0,
                "total": 0
              }
            },
            {
              "batter": "GL Adams",
              "bowler": "LCN Smith",
              "non_striker": "A Capsey",
              "runs": {
                "batter": 1,
                "extras": 0,
                "total": 1
              }
            }
          ]
        },
        {
          "over": 3,
          "deliveries": [
            {
              "batter": "A Capsey",
              "bowler": "KA Levick",
              "non_striker": "GL Adams",
              "runs": {
                "batter": 1,
                "extras": 0,
                "total": 1
              }
            },
            {
              "batter": "GL Adams",
              "bowler": "KA Levick",
              "non_striker": "A Capsey",
              "runs": {
                "batter": 0,
                "extras": 0,
                "total": 0
              }
            },
            {
              "batter": "GL Adams",
              "bowler": "KA Levick",
              "non_striker": "A Capsey",
              "runs": {
                "batter": 0,
                "extras": 0,
                "total": 0
              }
            },
            {
              "batter": "GL Adams",
              "bowler": "KA Levick",
              "non_striker": "A Capsey",
              "runs": {
                "batter": 4,
                "extras": 0,
                "total": 4
              }
            },
            {
              "batter": "GL Adams",
              "bowler": "KA Levick",
              "non_striker": "A Capsey",
              "runs": {
                "batter": 0,
                "extras": 0,
                "total": 0
              }
            }
          ]
        },
        {
          "over": 4,
          "deliveries": [
            {
              "batter": "A Capsey",
              "bowler": "AN Davidson-Richards",
              "non_striker": "GL Adams",
              "runs": {
                "batter": 4,
                "extras": 0,
                "total": 4
              }
            },
            {
              "batter": "A Capsey",
              "bowler": "AN Davidson-Richards",
              "non_striker": "GL Adams",
              "runs": {
                "batter": 0,
                "extras": 0,
                "total": 0
              },
              "wickets": [
                {
                  "player_out": "A Capsey",
                  "fielders": [
                    {
                      "name": "PC Graham"
                    }
                  ],
                  "kind": "caught"
                }
              ]
            },
            {
              "batter": "SJ Bryce",
              "bowler": "AN Davidson-Richards",
              "non_striker": "GL Adams",
              "runs": {
                "batter": 0,
                "extras": 0,
                "total": 0
              }
            },
            {
              "batter": "SJ Bryce",
              "bowler": "AN Davidson-Richards",
              "non_striker": "GL Adams",
              "runs": {
                "batter": 1,
                "extras": 0,
                "total": 1
              }
            },
            {
              "batter": "GL Adams",
              "bowler": "AN Davidson-Richards",
              "non_striker": "SJ Bryce",
              "runs": {
                "batter": 1,
                "extras": 0,
                "total": 1
              }
            }
          ]
        },
        {
          "over": 5,
          "deliveries": [
            {
              "batter": "SJ Bryce",
              "bowler": "EA Russell",
              "non_striker": "GL Adams",
              "runs": {
                "batter": 0,
                "extras": 0,
                "total": 0
              }
            },
            {
              "batter": "SJ Bryce",
              "bowler": "EA Russell",
              "extras": {
                "legbyes": 1
              },
              "non_striker": "GL Adams",
              "runs": {
                "batter": 0,
                "extras": 1,
                "total": 1
              }
            },
            {
              "batter": "GL Adams",
              "bowler": "EA Russell",
              "non_striker": "SJ Bryce",
              "runs": {
                "batter": 0,
                "extras": 0,
                "total": 0
              }
            },
            {
              "batter": "GL Adams",
              "bowler": "EA Russell",
              "non_striker": "SJ Bryce",
              "runs": {
                "batter": 0,
                "extras": 0,
                "total": 0
              }
            },
            {
              "batter": "GL Adams",
              "bowler": "EA Russell",
              "non_striker": "SJ Bryce",
              "runs": {
                "batter": 2,
                "extras": 0,
                "total": 2
              }
            }
          ]
        },
        {
          "over": 6,
          "deliveries": [
            {
              "batter": "SJ Bryce",
              "bowler": "KA Levick",
              "non_striker": "GL Adams",
              "runs": {
                "batter": 1,
                "extras": 0,
                "total": 1
              }
            },
            {
              "batter": "GL Adams",
              "bowler": "KA Levick",
              "non_striker": "SJ Bryce",
              "runs": {
                "batter": 0,
                "extras": 0,
                "total": 0
              }
            },
            {
              "batter": "GL Adams",
              "bowler": "KA Levick",
              "non_striker": "SJ Bryce",
              "runs": {
                "batter": 4,
                "extras": 0,
                "total": 4
              }
            },
            {
              "batter": "GL Adams",
              "bowler": "KA Levick",
              "non_striker": "SJ Bryce",
              "runs": {
                "batter": 4,
                "extras": 0,
                "total": 4
              }
            },
            {
              "batter": "GL Adams",
              "bowler": "KA Levick",
              "non_striker": "SJ Bryce",
              "runs": {
                "batter": 1,
                "extras": 0,
                "total": 1
              }
            }
          ]
        },
        {
          "over": 7,
          "deliveries": [
            {
              "batter": "SJ Bryce",
              "bowler": "PC Graham",
              "non_striker": "GL Adams",
              "runs": {
                "batter": 0,
                "extras": 0,
                "total": 0
              }
            },
            {
              "batter": "SJ Bryce",
              "bowler": "PC Graham",
              "non_striker": "GL Adams",
              "runs": {
                "batter": 1,
                "extras": 0,
                "total": 1
              }
            },
            {
              "batter": "GL Adams",
              "bowler": "PC Graham",
              "non_striker": "SJ Bryce",
              "runs": {
                "batter": 1,
                "extras": 0,
                "total": 1
              }
            },
            {
              "batter": "SJ Bryce",
              "bowler": "PC Graham",
              "non_striker": "GL Adams",
              "runs": {
                "batter": 0,
                "extras": 0,
                "total": 0
              }
            },
            {
              "batter": "SJ Bryce",
              "bowler": "PC Graham",
              "non_striker": "GL Adams",
              "runs": {
                "batter": 4,
                "extras": 0,
                "total": 4
              }
            }
          ]
        },
        {
          "over": 8,
          "deliveries": [
            {
              "batter": "GL Adams",
              "bowler": "LCN Smith",
              "non_striker": "SJ Bryce",
              "runs": {
                "batter": 1,
                "extras": 0,
                "total": 1
              }
            },
            {
              "batter": "SJ Bryce",
              "bowler": "LCN Smith",
              "non_striker": "GL Adams",
              "runs": {
                "batter": 1,
                "extras": 0,
                "total": 1
              }
            },
            {
              "batter": "GL Adams",
              "bowler": "LCN Smith",
              "non_striker": "SJ Bryce",
              "runs": {
                "batter": 0,
                "extras": 0,
                "total": 0
              }
            },
            {
              "batter": "GL Adams",
              "bowler": "LCN Smith",
              "non_striker": "SJ Bryce",
              "runs": {
                "batter": 1,
                "extras": 0,
                "total": 1
              }
            },
            {
              "batter": "SJ Bryce",
              "bowler": "LCN Smith",
              "non_striker": "GL Adams",
              "runs": {
                "batter": 0,
                "extras": 0,
                "total": 0
              }
            }
          ]
        },
        {
          "over": 9,
          "deliveries": [
            {
              "batter": "SJ Bryce",
              "bowler": "KA Levick",
              "non_striker": "GL Adams",
              "runs": {
                "batter": 1,
                "extras": 0,
                "total": 1
              }
            },
            {
              "batter": "GL Adams",
              "bowler": "KA Levick",
              "non_striker": "SJ Bryce",
              "runs": {
                "batter": 0,
                "extras": 0,
                "total": 0
              }
            },
            {
              "batter": "GL Adams",
              "bowler": "KA Levick",
              "non_striker": "SJ Bryce",
              "runs": {
                "batter": 0,
                "extras": 0,
                "total": 0
              },
              "wickets": [
                {
                  "player_out": "GL Adams",
                  "fielders": [
                    {
                      "name": "L Harris"
                    }
                  ],
                  "kind": "caught"
                }
              ]
            },
            {
              "batter": "FC Wilson",
              "bowler": "KA Levick",
              "non_striker": "SJ Bryce",
              "runs": {
                "batter": 1,
                "extras": 0,
                "total": 1
              }
            },
            {
              "batter": "SJ Bryce",
              "bowler": "KA Levick",
              "extras": {
                "wides": 1
              },
              "non_striker": "FC Wilson",
              "runs": {
                "batter": 0,
                "extras": 1,
                "total": 1
              }
            },
            {
              "batter": "SJ Bryce",
              "bowler": "KA Levick",
              "non_striker": "FC Wilson",
              "runs": {
                "batter": 1,
                "extras": 0,
                "total": 1
              }
            }
          ]
        },
        {
          "over": 10,
          "deliveries": [
            {
              "batter": "SJ Bryce",
              "bowler": "EA Russell",
              "non_striker": "FC Wilson",
              "runs": {
                "batter": 1,
                "extras": 0,
                "total": 1
              }
            },
            {
              "batter": "FC Wilson",
              "bowler": "EA Russell",
              "non_striker": "SJ Bryce",
              "runs": {
                "batter": 0,
                "extras": 0,
                "total": 0
              }
            },
            {
              "batter": "FC Wilson",
              "bowler": "EA Russell",
              "non_striker": "SJ Bryce",
              "runs": {
                "batter": 1,
                "extras": 0,
                "total": 1
              }
            },
            {
              "batter": "SJ Bryce",
              "bowler": "EA Russell",
              "non_striker": "FC Wilson",
              "runs": {
                "batter": 1,
                "extras": 0,
                "total": 1
              }
            },
            {
              "batter": "FC Wilson",
              "bowler": "EA Russell",
              "non_striker": "SJ Bryce",
              "runs": {
                "batter": 1,
                "extras": 0,
                "total": 1
              }
            }
          ]
        },
        {
          "over": 11,
          "deliveries": [
            {
              "batter": "SJ Bryce",
              "bowler": "PC Graham",
              "non_striker": "FC Wilson",
              "runs": {
                "batter": 4,
                "extras": 0,
                "total": 4
              }
            },
            {
              "batter": "SJ Bryce",
              "bowler": "PC Graham",
              "non_striker": "FC Wilson",
              "runs": {
                "batter": 1,
                "extras": 0,
                "total": 1
              }
            },
            {
              "batter": "FC Wilson",
              "bowler": "PC Graham",
              "non_striker": "SJ Bryce",
              "runs": {
                "batter": 0,
                "extras": 0,
                "total": 0
              }
            },
            {
              "batter": "FC Wilson",
              "bowler": "PC Graham",
              "non_striker": "SJ Bryce",
              "runs": {
                "batter": 4,
                "extras": 0,
                "total": 4
              }
            },
            {
              "batter": "FC Wilson",
              "bowler": "PC Graham",
              "extras": {
                "wides": 1
              },
              "non_striker": "SJ Bryce",
              "runs": {
                "batter": 0,
                "extras": 1,
                "total": 1
              }
            },
            {
              "batter": "FC Wilson",
              "bowler": "PC Graham",
              "non_striker": "SJ Bryce",
              "runs": {
                "batter": 0,
                "extras": 0,
                "total": 0
              }
            }
          ]
        },
        {
          "over": 12,
          "deliveries": [
            {
              "batter": "SJ Bryce",
              "bowler": "LCN Smith",
              "non_striker": "FC Wilson",
              "runs": {
                "batter": 1,
                "extras": 0,
                "total": 1
              }
            },
            {
              "batter": "FC Wilson",
              "bowler": "LCN Smith",
              "non_striker": "SJ Bryce",
              "runs": {
                "batter": 1,
                "extras": 0,
                "total": 1
              }
            },
            {
              "batter": "SJ Bryce",
              "bowler": "LCN Smith",
              "non_striker": "FC Wilson",
              "runs": {
                "batter": 1,
                "extras": 0,
                "total": 1
              }
            },
            {
              "batter": "FC Wilson",
              "bowler": "LCN Smith",
              "non_striker": "SJ Bryce",
              "runs": {
                "batter": 0,
                "extras": 0,
                "total": 0
              },
              "wickets": [
                {
                  "player_out": "FC Wilson",
                  "fielders": [
                    {
                      "name": "L Harris"
                    }
                  ],
                  "kind": "caught"
                }
              ]
            },
            {
              "batter": "D van Niekerk",
              "bowler": "LCN Smith",
              "non_striker": "SJ Bryce",
              "runs": {
                "batter": 1,
                "extras": 0,
                "total": 1
              }
            }
          ]
        },
        {
          "over": 13,
          "deliveries": [
            {
              "batter": "SJ Bryce",
              "bowler": "AN Davidson-Richards",
              "non_striker": "D van Niekerk",
              "runs": {
                "batter": 1,
                "extras": 0,
                "total": 1
              }
            },
            {
              "batter": "D van Niekerk",
              "bowler": "AN Davidson-Richards",
              "non_striker": "SJ Bryce",
              "runs": {
                "batter": 1,
                "extras": 0,
                "total": 1
              }
            },
            {
              "batter": "SJ Bryce",
              "bowler": "AN Davidson-Richards",
              "extras": {
                "wides": 1
              },
              "non_striker": "D van Niekerk",
              "runs": {
                "batter": 0,
                "extras": 1,
                "total": 1
              }
            },
            {
              "batter": "SJ Bryce",
              "bowler": "AN Davidson-Richards",
              "non_striker": "D van Niekerk",
              "runs": {
                "batter": 1,
                "extras": 0,
                "total": 1
              }
            },
            {
              "batter": "D van Niekerk",
              "bowler": "AN Davidson-Richards",
              "non_striker": "SJ Bryce",
              "runs": {
                "batter": 0,
                "extras": 0,
                "total": 0
              }
            },
            {
              "batter": "D van Niekerk",
              "bowler": "AN Davidson-Richards",
              "non_striker": "SJ Bryce",
              "runs": {
                "batter": 0,
                "extras": 0,
                "total": 0
              }
            }
          ]
        },
        {
          "over": 14,
          "deliveries": [
            {
              "batter": "SJ Bryce",
              "bowler": "K Moore",
              "non_striker": "D van Niekerk",
              "runs": {
                "batter": 1,
                "extras": 0,
                "total": 1
              }
            },
            {
              "batter": "D van Niekerk",
              "bowler": "K Moore",
              "non_striker": "SJ Bryce",
              "runs": {
                "batter": 1,
                "extras": 0,
                "total": 1
              }
            },
            {
              "batter": "SJ Bryce",
              "bowler": "K Moore",
              "non_striker": "D van Niekerk",
              "runs": {
                "batter": 1,
                "extras": 0,
                "total": 1
              }
            },
            {
              "batter": "D van Niekerk",
              "bowler": "K Moore",
              "non_striker": "SJ Bryce",
              "runs": {
                "batter": 0,
                "extras": 0,
                "total": 0
              }
            },
            {
              "batter": "D van Niekerk",
              "bowler": "K Moore",
              "non_striker": "SJ Bryce",
              "runs": {
                "batter": 4,
                "extras": 0,
                "total": 4
              }
            }
          ]
        },
        {
          "over": 15,
          "deliveries": [
            {
              "batter": "D van Niekerk",
              "bowler": "EA Russell",
              "non_striker": "SJ Bryce",
              "runs": {
                "batter": 0,
                "extras": 0,
                "total": 0
              }
            },
            {
              "batter": "D van Niekerk",
              "bowler": "EA Russell",
              "non_striker": "SJ Bryce",
              "runs": {
                "batter": 1,
                "extras": 0,
                "total": 1
              }
            },
            {
              "batter": "SJ Bryce",
              "bowler": "EA Russell",
              "non_striker": "D van Niekerk",
              "runs": {
                "batter": 0,
                "extras": 0,
                "total": 0
              }
            },
            {
              "batter": "SJ Bryce",
              "bowler": "EA Russell",
              "non_striker": "D van Niekerk",
              "runs": {
                "batter": 1,
                "extras": 0,
                "total": 1
              }
            },
            {
              "batter": "D van Niekerk",
              "bowler": "EA Russell",
              "non_striker": "SJ Bryce",
              "runs": {
                "batter": 0,
                "extras": 0,
                "total": 0
              }
            }
          ]
        },
        {
          "over": 16,
          "deliveries": [
            {
              "batter": "SJ Bryce",
              "bowler": "KA Levick",
              "non_striker": "D van Niekerk",
              "runs": {
                "batter": 1,
                "extras": 0,
                "total": 1
              }
            },
            {
              "batter": "D van Niekerk",
              "bowler": "KA Levick",
              "non_striker": "SJ Bryce",
              "runs": {
                "batter": 1,
                "extras": 0,
                "total": 1
              }
            },
            {
              "batter": "SJ Bryce",
              "bowler": "KA Levick",
              "non_striker": "D van Niekerk",
              "runs": {
                "batter": 0,
                "extras": 0,
                "total": 0
              }
            },
            {
              "batter": "SJ Bryce",
              "bowler": "KA Levick",
              "non_striker": "D van Niekerk",
              "runs": {
                "batter": 1,
                "extras": 0,
                "total": 1
              }
            },
            {
              "batter": "D van Niekerk",
              "bowler": "KA Levick",
              "non_striker": "SJ Bryce",
              "runs": {
                "batter": 1,
                "extras": 0,
                "total": 1
              }
            }
          ]
        },
        {
          "over": 17,
          "deliveries": [
            {
              "batter": "SJ Bryce",
              "bowler": "K Moore",
              "non_striker": "D van Niekerk",
              "runs": {
                "batter": 0,
                "extras": 0,
                "total": 0
              }
            },
            {
              "batter": "SJ Bryce",
              "bowler": "K Moore",
              "non_striker": "D van Niekerk",
              "runs": {
                "batter": 1,
                "extras": 0,
                "total": 1
              }
            },
            {
              "batter": "D van Niekerk",
              "bowler": "K Moore",
              "non_striker": "SJ Bryce",
              "runs": {
                "batter": 1,
                "extras": 0,
                "total": 1
              }
            },
            {
              "batter": "SJ Bryce",
              "bowler": "K Moore",
              "non_striker": "D van Niekerk",
              "runs": {
                "batter": 1,
                "extras": 0,
                "total": 1
              }
            },
            {
              "batter": "D van Niekerk",
              "bowler": "K Moore",
              "non_striker": "SJ Bryce",
              "runs": {
                "batter": 1,
                "extras": 0,
                "total": 1
              }
            }
          ]
        },
        {
          "over": 18,
          "deliveries": [
            {
              "batter": "D van Niekerk",
              "bowler": "LCN Smith",
              "non_striker": "SJ Bryce",
              "runs": {
                "batter": 4,
                "extras": 0,
                "total": 4
              }
            },
            {
              "batter": "D van Niekerk",
              "bowler": "LCN Smith",
              "non_striker": "SJ Bryce",
              "runs": {
                "batter": 4,
                "extras": 0,
                "total": 4
              }
            },
            {
              "batter": "D van Niekerk",
              "bowler": "LCN Smith",
              "non_striker": "SJ Bryce",
              "runs": {
                "batter": 4,
                "extras": 0,
                "total": 4
              }
            },
            {
              "batter": "D van Niekerk",
              "bowler": "LCN Smith",
              "non_striker": "SJ Bryce",
              "runs": {
                "batter": 0,
                "extras": 0,
                "total": 0
              }
            },
            {
              "batter": "D van Niekerk",
              "bowler": "LCN Smith",
              "extras": {
                "legbyes": 1
              },
              "non_striker": "SJ Bryce",
              "review": {
                "by": "Northern Superchargers",
                "umpire": "SJ O'Shaughnessy",
                "batter": "D van Niekerk",
                "decision": "struck down"
              },
              "runs": {
                "batter": 0,
                "extras": 1,
                "total": 1
              }
            }
          ]
        },
        {
          "over": 19,
          "deliveries": [
            {
              "batter": "SJ Bryce",
              "bowler": "AN Davidson-Richards",
              "non_striker": "D van Niekerk",
              "runs": {
                "batter": 1,
                "extras": 0,
                "total": 1
              }
            },
            {
              "batter": "D van Niekerk",
              "bowler": "AN Davidson-Richards",
              "non_striker": "SJ Bryce",
              "runs": {
                "batter": 2,
                "extras": 0,
                "total": 2
              }
            },
            {
              "batter": "D van Niekerk",
              "bowler": "AN Davidson-Richards",
              "non_striker": "SJ Bryce",
              "runs": {
                "batter": 1,
                "extras": 0,
                "total": 1
              }
            },
            {
              "batter": "SJ Bryce",
              "bowler": "AN Davidson-Richards",
              "non_striker": "D van Niekerk",
              "runs": {
                "batter": 0,
                "extras": 0,
                "total": 0
              },
              "wickets": [
                {
                  "player_out": "SJ Bryce",
                  "fielders": [
                    {
                      "name": "BAM Heath"
                    }
                  ],
                  "kind": "caught"
                }
              ]
            },
            {
              "batter": "MK Villiers",
              "bowler": "AN Davidson-Richards",
              "non_striker": "D van Niekerk",
              "runs": {
                "batter": 1,
                "extras": 0,
                "total": 1
              }
            }
          ]
        }
      ],
      "powerplays": [
        {
          "from": 0.1,
          "to": 4.5,
          "type": "mandatory"
        }
      ],
      "target": {
        "overs": 20,
        "runs": 110
      }
    }
  ]
}