{
  "meta": {
    "data_version": "1.1.0",
    "created": "2022-08-12",
    "revision": 1
  },
  "info": {
    "balls_per_over": 5,
    "city": "Southampton",
    "dates": [
      "2022-08-12"
    ],
    "event": {
      "name": "The Hundred Women's Competition",
      "match_number": 2
    },
    "gender": "female",
    "match_type": "T20",
    "officials": {
      "match_referees": [
        "SG Hinks"
      ],
      "reserve_umpires": [
        "CA Polosak"
      ],
      "tv_umpires": [
        "PK Baldwin"
      ],
      "umpires": [
        "S Redfern",
        "Tom Lungley"
      ]
    },
    "outcome": {
      "winner": "Southern Brave",
      "by": {
        "wickets": 6
      }
    },
    "overs": 20,
    "player_of_match": [
      "DN Wyatt"
    ],
    "players": {
      "London Spirit": [
        "BL Mooney",
        "G Scrivens",
        "AC Kerr",
        "DR Gibson",
        "ND Dattani",
        "SN Luff",
        "AZ Monaghan",
        "CE Dean",
        "AD Carr",
        "FR Davies",
        "ML Schutt"
      ],
      "Southern Brave": [
        "S Mandhana",
        "DN Wyatt",
        "SIR Dunkley",
        "ME Bouchier",
        "GL Adams",
        "FG Kemp",
        "M Strano",
        "A Wellington",
        "A Shrubsole",
        "CE Rudd",
        "LK Bell"
      ]
    },
    "registry": {
      "people": {
        "A Shrubsole": "32497ecd",
        "A Wellington": "9b3bcca4",
        "AC Kerr": "7673c908",
        "AD Carr": "c3f4dc55",
        "AZ Monaghan": "0c694738",
        "BL Mooney": "52d1dbc8",
        "CA Polosak": "26a360d2",
        "CE Dean": "c6625a26",
        "CE Rudd": "290af2b3",
        "DN Wyatt": "a139c379",
        "DR Gibson": "d2763568",
        "FG Kemp": "abc9f8a4",
        "FR Davies": "2479daa6",
        "G Scrivens": "7306c48d",
        "GL Adams": "7b1f2542",
        "LK Bell": "38b4583c",
        "M Strano": "f57d5dbb",
        "ME Bouchier": "c2554b59",
        "ML Schutt": "17608a6f",
        "ND Dattani": "13c19f32",
        "PK Baldwin": "6bb53c12",
        "S Mandhana": "5d2eda89",
        "S Redfern": "5b038989",
        "SG Hinks": "0bb4dc0d",
        "SIR Dunkley": "3a9e9cb2",
        "SN Luff": "e19307f3",
        "Tom Lungley": "75169b8c"
      }
    },
    "season": "2022",
    "team_type": "club",
    "teams": [
      "London Spirit",
      "Southern Brave"
    ],
    "toss": {
      "decision": "bat",
      "winner": "London Spirit"
    },
    "venue": "The Rose Bowl, Southampton"
  },
  "innings": [
    {
      "team": "London Spirit",
      "overs": [
        {
          "over": 0,
          "deliveries": [
            {
              "batter": "BL Mooney",
              "bowler": "LK Bell",
              "non_striker": "G Scrivens",
              "runs": {
                "batter": 4,
                "extras": 0,
                "total": 4
              }
            },
            {
              "batter": "BL Mooney",
              "bowler": "LK Bell",
              "extras": {
                "legbyes": 1
              },
              "non_striker": "G Scrivens",
              "runs": {
                "batter": 0,
                "extras": 1,
                "total": 1
              }
            },
            {
              "batter": "G Scrivens",
              "bowler": "LK Bell",
              "non_striker": "BL Mooney",
              "runs": {
                "batter": 1,
                "extras": 0,
                "total": 1
              }
            },
            {
              "batter": "BL Mooney",
              "bowler": "LK Bell",
              "non_striker": "G Scrivens",
              "runs": {
                "batter": 0,
                "extras": 0,
                "total": 0
              }
            },
            {
              "batter": "BL Mooney",
              "bowler": "LK Bell",
              "non_striker": "G Scrivens",
              "runs": {
                "batter": 0,
                "extras": 0,
                "total": 0
              }
            }
          ]
        },
        {
          "over": 1,
          "deliveries": [
            {
              "batter": "BL Mooney",
              "bowler": "M Strano",
              "non_striker": "G Scrivens",
              "runs": {
                "batter": 2,
                "extras": 0,
                "total": 2
              }
            },
            {
              "batter": "BL Mooney",
              "bowler": "M Strano",
              "non_striker": "G Scrivens",
              "runs": {
                "batter": 0,
                "extras": 0,
                "total": 0
              }
            },
            {
              "batter": "BL Mooney",
              "bowler": "M Strano",
              "non_striker": "G Scrivens",
              "runs": {
                "batter": 4,
                "extras": 0,
                "total": 4
              }
            },
            {
              "batter": "BL Mooney",
              "bowler": "M Strano",
              "non_striker": "G Scrivens",
              "runs": {
                "batter": 1,
                "extras": 0,
                "total": 1
              }
            },
            {
              "batter": "G Scrivens",
              "bowler": "M Strano",
              "non_striker": "BL Mooney",
              "runs": {
                "batter": 0,
                "extras": 0,
                "total": 0
              }
            }
          ]
        },
        {
          "over": 2,
          "deliveries": [
            {
              "batter": "BL Mooney",
              "bowler": "A Shrubsole",
              "non_striker": "G Scrivens",
              "runs": {
                "batter": 0,
                "extras": 0,
                "total": 0
              }
            },
            {
              "batter": "BL Mooney",
              "bowler": "A Shrubsole",
              "non_striker": "G Scrivens",
              "runs": {
                "batter": 1,
                "extras": 0,
                "total": 1
              }
            },
            {
              "batter": "G Scrivens",
              "bowler": "A Shrubsole",
              "non_striker": "BL Mooney",
              "runs": {
                "batter": 0,
                "extras": 0,
                "total": 0
              }
            },
            {
              "batter": "G Scrivens",
              "bowler": "A Shrubsole",
              "non_striker": "BL Mooney",
              "runs": {
                "batter": 0,
                "extras": 0,
                "total": 0
              }
            },
            {
              "batter": "G Scrivens",
              "bowler": "A Shrubsole",
              "non_striker": "BL Mooney",
              "runs": {
                "batter": 0,
                "extras": 0,
                "total": 0
              }
            }
          ]
        },
        {
          "over": 3,
          "deliveries": [
            {
              "batter": "G Scrivens",
              "bowler": "FG Kemp",
              "extras": {
                "wides": 2
              },
              "non_striker": "BL Mooney",
              "runs": {
                "batter": 0,
                "extras": 2,
                "total": 2
              }
            },
            {
              "batter": "BL Mooney",
              "bowler": "FG Kemp",
              "non_striker": "G Scrivens",
              "runs": {
                "batter": 6,
                "extras": 0,
                "total": 6
              }
            },
            {
              "batter": "BL Mooney",
              "bowler": "FG Kemp",
              "non_striker": "G Scrivens",
              "runs": {
                "batter": 1,
                "extras": 0,
                "total": 1
              }
            },
            {
              "batter": "G Scrivens",
              "bowler": "FG Kemp",
              "non_striker": "BL Mooney",
              "runs": {
                "batter": 0,
                "extras": 0,
                "total": 0
              }
            },
            {
              "batter": "G Scrivens",
              "bowler": "FG Kemp",
              "extras": {
                "byes": 4
              },
              "non_striker": "BL Mooney",
              "runs": {
                "batter": 0,
                "extras": 4,
                "total": 4
              }
            },
            {
              "batter": "G Scrivens",
              "bowler": "FG Kemp",
              "non_striker": "BL Mooney",
              "runs": {
                "batter": 0,
                "extras": 0,
                "total": 0
              }
            }
          ]
        },
        {
          "over": 4,
          "deliveries": [
            {
              "batter": "BL Mooney",
              "bowler": "LK Bell",
              "non_striker": "G Scrivens",
              "runs": {
                "batter": 0,
                "extras": 0,
                "total": 0
              }
            },
            {
              "batter": "BL Mooney",
              "bowler": "LK Bell",
              "non_striker": "G Scrivens",
              "runs": {
                "batter": 4,
                "extras": 0,
                "total": 4
              }
            },
            {
              "batter": "BL Mooney",
              "bowler": "LK Bell",
              "non_striker": "G Scrivens",
              "runs": {
                "batter": 4,
                "extras": 0,
                "total": 4
              }
            },
            {
              "batter": "BL Mooney",
              "bowler": "LK Bell",
              "non_striker": "G Scrivens",
              "runs": {
                "batter": 0,
                "extras": 0,
                "total": 0
              }
            },
            {
              "batter": "BL Mooney",
              "bowler": "LK Bell",
              "non_striker": "G Scrivens",
              "runs": {
                "batter": 1,
                "extras": 0,
                "total": 1
              }
            }
          ]
        },
        {
          "over": 5,
          "deliveries": [
            {
              "batter": "G Scrivens",
              "bowler": "GL Adams",
              "non_striker": "BL Mooney",
              "runs": {
                "batter": 0,
                "extras": 0,
                "total": 0
              },
              "wickets": [
                {
                  "player_out": "G Scrivens",
                  "kind": "bowled"
                }
              ]
            },
            {
              "batter": "AC Kerr",
              "bowler": "GL Adams",
              "non_striker": "BL Mooney",
              "runs": {
                "batter": 1,
                "extras": 0,
                "total": 1
              }
            },
            {
              "batter": "BL Mooney",
              "bowler": "GL Adams",
              "non_striker": "AC Kerr",
              "runs": {
                "batter": 4,
                "extras": 0,
                "total": 4
              }
            },
            {
              "batter": "BL Mooney",
              "bowler": "GL Adams",
              "non_striker": "AC Kerr",
              "runs": {
                "batter": 1,
                "extras": 0,
                "total": 1
              }
            },
            {
              "batter": "AC Kerr",
              "bowler": "GL Adams",
              "non_striker": "BL Mooney",
              "runs": {
                "batter": 1,
                "extras": 0,
                "total": 1
              }
            }
          ]
        },
        {
          "over": 6,
          "deliveries": [
            {
              "batter": "AC Kerr",
              "bowler": "A Wellington",
              "non_striker": "BL Mooney",
              "runs": {
                "batter": 0,
                "extras": 0,
                "total": 0
              }
            },
            {
              "batter": "AC Kerr",
              "bowler": "A Wellington",
              "non_striker": "BL Mooney",
              "runs": {
                "batter": 1,
                "extras": 0,
                "total": 1
              }
            },
            {
              "batter": "BL Mooney",
              "bowler": "A Wellington",
              "non_striker": "AC Kerr",
              "runs": {
                "batter": 1,
                "extras": 0,
                "total": 1
              }
            },
            {
              "batter": "AC Kerr",
              "bowler": "A Wellington",
              "non_striker": "BL Mooney",
              "runs": {
                "batter": 0,
                "extras": 0,
                "total": 0
              }
            },
            {
              "batter": "AC Kerr",
              "bowler": "A Wellington",
              "non_striker": "BL Mooney",
              "runs": {
                "batter": 1,
                "extras": 0,
                "total": 1
              }
            }
          ]
        },
        {
          "over": 7,
          "deliveries": [
            {
              "batter": "BL Mooney",
              "bowler": "A Shrubsole",
              "non_striker": "AC Kerr",
              "runs": {
                "batter": 2,
                "extras": 0,
                "total": 2
              }
            },
            {
              "batter": "BL Mooney",
              "bowler": "A Shrubsole",
              "non_striker": "AC Kerr",
              "runs": {
                "batter": 0,
                "extras": 0,
                "total": 0
              }
            },
            {
              "batter": "BL Mooney",
              "bowler": "A Shrubsole",
              "non_striker": "AC Kerr",
              "runs": {
                "batter": 0,
                "extras": 0,
                "total": 0
              }
            },
            {
              "batter": "BL Mooney",
              "bowler": "A Shrubsole",
              "extras": {
                "legbyes": 1
              },
              "non_striker": "AC Kerr",
              "runs": {
                "batter": 0,
                "extras": 1,
                "total": 1
              }
            },
            {
              "batter": "AC Kerr",
              "bowler": "A Shrubsole",
              "non_striker": "BL Mooney",
              "runs": {
                "batter": 1,
                "extras": 0,
                "total": 1
              }
            }
          ]
        },
        {
          "over": 8,
          "deliveries": [
            {
              "batter": "AC Kerr",
              "bowler": "M Strano",
              "non_striker": "BL Mooney",
              "runs": {
                "batter": 1,
                "extras": 0,
                "total": 1
              }
            },
            {
              "batter": "BL Mooney",
              "bowler": "M Strano",
              "non_striker": "AC Kerr",
              "runs": {
                "batter": 1,
                "extras": 0,
                "total": 1
              }
            },
            {
              "batter": "AC Kerr",
              "bowler": "M Strano",
              "non_striker": "BL Mooney",
              "runs": {
                "batter": 4,
                "extras": 0,
                "total": 4
              }
            },
            {
              "batter": "AC Kerr",
              "bowler": "M Strano",
              "non_striker": "BL Mooney",
              "runs": {
                "batter": 0,
                "extras": 0,
                "total": 0
              }
            },
            {
              "batter": "AC Kerr",
              "bowler": "M Strano",
              "non_striker": "BL Mooney",
              "runs": {
                "batter": 1,
                "extras": 0,
                "total": 1
              }
            }
          ]
        },
        {
          "over": 9,
          "deliveries": [
            {
              "batter": "BL Mooney",
              "bowler": "FG Kemp",
              "non_striker": "AC Kerr",
              "runs": {
                "batter": 1,
                "extras": 0,
                "total": 1
              }
            },
            {
              "batter": "AC Kerr",
              "bowler": "FG Kemp",
              "non_striker": "BL Mooney",
              "runs": {
                "batter": 1,
                "extras": 0,
                "total": 1
              }
            },
            {
              "batter": "BL Mooney",
              "bowler": "FG Kemp",
              "non_striker": "AC Kerr",
              "runs": {
                "batter": 4,
                "extras": 0,
                "total": 4
              }
            },
            {
              "batter": "BL Mooney",
              "bowler": "FG Kemp",
              "non_striker": "AC Kerr",
              "runs": {
                "batter": 1,
                "extras": 0,
                "total": 1
              }
            },
            {
              "batter": "AC Kerr",
              "bowler": "FG Kemp",
              "non_striker": "BL Mooney",
              "runs": {
                "batter": 1,
                "extras": 0,
                "total": 1
              }
            }
          ]
        },
        {
          "over": 10,
          "deliveries": [
            {
              "batter": "AC Kerr",
              "bowler": "A Wellington",
              "non_striker": "BL Mooney",
              "runs": {
                "batter": 2,
                "extras": 0,
                "total": 2
              }
            },
            {
              "batter": "AC Kerr",
              "bowler": "A Wellington",
              "non_striker": "BL Mooney",
              "runs": {
                "batter": 4,
                "extras": 0,
                "total": 4
              }
            },
            {
              "batter": "AC Kerr",
              "bowler": "A Wellington",
              "non_striker": "BL Mooney",
              "runs": {
                "batter": 2,
                "extras": 0,
                "total": 2
              }
            },
            {
              "batter": "AC Kerr",
              "bowler": "A Wellington",
              "non_striker": "BL Mooney",
              "runs": {
                "batter": 1,
                "extras": 0,
                "total": 1
              }
            },
            {
              "batter": "BL Mooney",
              "bowler": "A Wellington",
              "non_striker": "AC Kerr",
              "runs": {
                "batter": 1,
                "extras": 0,
                "total": 1
              }
            }
          ]
        },
        {
          "over": 11,
          "deliveries": [
            {
              "batter": "AC Kerr",
              "bowler": "A Shrubsole",
              "non_striker": "BL Mooney",
              "runs": {
                "batter": 4,
                "extras": 0,
                "total": 4
              }
            },
            {
              "batter": "AC Kerr",
              "bowler": "A Shrubsole",
              "non_striker": "BL Mooney",
              "runs": {
                "batter": 1,
                "extras": 0,
                "total": 1
              }
            },
            {
              "batter": "BL Mooney",
              "bowler": "A Shrubsole",
              "non_striker": "AC Kerr",
              "runs": {
                "batter": 4,
                "extras": 0,
                "total": 4
              }
            },
            {
              "batter": "BL Mooney",
              "bowler": "A Shrubsole",
              "non_striker": "AC Kerr",
              "runs": {
                "batter": 0,
                "extras": 0,
                "total": 0
              }
            },
            {
              "batter": "BL Mooney",
              "bowler": "A Shrubsole",
              "non_striker": "AC Kerr",
              "runs": {
                "batter": 4,
                "extras": 0,
                "total": 4
              }
            }
          ]
        },
        {
          "over": 12,
          "deliveries": [
            {
              "batter": "AC Kerr",
              "bowler": "GL Adams",
              "non_striker": "BL Mooney",
              "runs": {
                "batter": 1,
                "extras": 0,
                "total": 1
              }
            },
            {
              "batter": "BL Mooney",
              "bowler": "GL Adams",
              "non_striker": "AC Kerr",
              "runs": {
                "batter": 1,
                "extras": 0,
                "total": 1
              }
            },
            {
              "batter": "AC Kerr",
              "bowler": "GL Adams",
              "non_striker": "BL Mooney",
              "runs": {
                "batter": 1,
                "extras": 0,
                "total": 1
              }
            },
            {
              "batter": "BL Mooney",
              "bowler": "GL Adams",
              "non_striker": "AC Kerr",
              "runs": {
                "batter": 0,
                "extras": 0,
                "total": 0
              }
            },
            {
              "batter": "BL Mooney",
              "bowler": "GL Adams",
              "non_striker": "AC Kerr",
              "runs": {
                "batter": 1,
                "extras": 0,
                "total": 1
              }
            }
          ]
        },
        {
          "over": 13,
          "deliveries": [
            {
              "batter": "AC Kerr",
              "bowler": "M Strano",
              "non_striker": "BL Mooney",
              "runs": {
                "batter": 1,
                "extras": 0,
                "total": 1
              }
            },
            {
              "batter": "BL Mooney",
              "bowler": "M Strano",
              "non_striker": "AC Kerr",
              "runs": {
                "batter": 4,
                "extras": 0,
                "total": 4
              }
            },
            {
              "batter": "BL Mooney",
              "bowler": "M Strano",
              "non_striker": "AC Kerr",
              "runs": {
                "batter": 1,
                "extras": 0,
                "total": 1
              }
            },
            {
              "batter": "AC Kerr",
              "bowler": "M Strano",
              "non_striker": "BL Mooney",
              "runs": {
                "batter": 1,
                "extras": 0,
                "total": 1
              }
            },
            {
              "batter": "BL Mooney",
              "bowler": "M Strano",
              "non_striker": "AC Kerr",
              "runs": {
                "batter": 4,
                "extras": 0,
                "total": 4
              }
            }
          ]
        },
        {
          "over": 14,
          "deliveries": [
            {
              "batter": "AC Kerr",
              "bowler": "GL Adams",
              "non_striker": "BL Mooney",
              "runs": {
                "batter": 1,
                "extras": 0,
                "total": 1
              }
            },
            {
              "batter": "BL Mooney",
              "bowler": "GL Adams",
              "non_striker": "AC Kerr",
              "runs": {
                "batter": 4,
                "extras": 0,
                "total": 4
              }
            },
            {
              "batter": "BL Mooney",
              "bowler": "GL Adams",
              "non_striker": "AC Kerr",
              "runs": {
                "batter": 1,
                "extras": 0,
                "total": 1
              }
            },
            {
              "batter": "AC Kerr",
              "bowler": "GL Adams",
              "non_striker": "BL Mooney",
              "runs": {
                "batter": 4,
                "extras": 0,
                "total": 4
              }
            },
            {
              "batter": "AC Kerr",
              "bowler": "GL Adams",
              "non_striker": "BL Mooney",
              "runs": {
                "batter": 1,
                "extras": 0,
                "total": 1
              }
            }
          ]
        },
        {
          "over": 15,
          "deliveries": [
            {
              "batter": "BL Mooney",
              "bowler": "A Wellington",
              "non_striker": "AC Kerr",
              "runs": {
                "batter": 4,
                "extras": 0,
                "total": 4
              }
            },
            {
              "batter": "BL Mooney",
              "bowler": "A Wellington",
              "non_striker": "AC Kerr",
              "runs": {
                "batter": 4,
                "extras": 0,
                "total": 4
              }
            },
            {
              "batter": "BL Mooney",
              "bowler": "A Wellington",
              "non_striker": "AC Kerr",
              "runs": {
                "batter": 1,
                "extras": 0,
                "total": 1
              }
            },
            {
              "batter": "AC Kerr",
              "bowler": "A Wellington",
              "non_striker": "BL Mooney",
              "review": {
                "by": "Southern Brave",
                "umpire": "S Redfern",
                "batter": "AC Kerr",
                "decision": "upheld"
              },
              "runs": {
                "batter": 0,
                "extras": 0,
                "total": 0
              },
              "wickets": [
                {
                  "player_out": "AC Kerr",
                  "fielders": [
                    {
                      "name": "CE Rudd"
                    }
                  ],
                  "kind": "caught"
                }
              ]
            },
            {
              "batter": "DR Gibson",
              "bowler": "A Wellington",
              "non_striker": "BL Mooney",
              "runs": {
                "batter": 0,
                "extras": 0,
                "total": 0
              },
              "wickets": [
                {
                  "player_out": "DR Gibson",
                  "kind": "caught and bowled"
                }
              ]
            }
          ]
        },
        {
          "over": 16,
          "deliveries": [
            {
              "batter": "BL Mooney",
              "bowler": "LK Bell",
              "non_striker": "ND Dattani",
              "runs": {
                "batter": 2,
                "extras": 0,
                "total": 2
              }
            },
            {
              "batter": "BL Mooney",
              "bowler": "LK Bell",
              "non_striker": "ND Dattani",
              "runs": {
                "batter": 1,
                "extras": 0,
                "total": 1
              }
            },
            {
              "batter": "ND Dattani",
              "bowler": "LK Bell",
              "non_striker": "BL Mooney",
              "runs": {
                "batter": 0,
                "extras": 0,
                "total": 0
              }
            },
            {
              "batter": "ND Dattani",
              "bowler": "LK Bell",
              "non_striker": "BL Mooney",
              "runs": {
                "batter": 1,
                "extras": 0,
                "total": 1
              }
            },
            {
              "batter": "BL Mooney",
              "bowler": "LK Bell",
              "non_striker": "ND Dattani",
              "runs": {
                "batter": 1,
                "extras": 0,
                "total": 1
              }
            }
          ]
        },
        {
          "over": 17,
          "deliveries": [
            {
              "batter": "ND Dattani",
              "bowler": "M Strano",
              "non_striker": "BL Mooney",
              "runs": {
                "batter": 1,
                "extras": 0,
                "total": 1
              }
            },
            {
              "batter": "BL Mooney",
              "bowler": "M Strano",
              "non_striker": "ND Dattani",
              "runs": {
                "batter": 4,
                "extras": 0,
                "total": 4
              }
            },
            {
              "batter": "BL Mooney",
              "bowler": "M Strano",
              "extras": {
                "wides": 3
              },
              "non_striker": "ND Dattani",
              "runs": {
                "batter": 0,
                "extras": 3,
                "total": 3
              }
            },
            {
              "batter": "BL Mooney",
              "bowler": "M Strano",
              "non_striker": "ND Dattani",
              "runs": {
                "batter": 0,
                "extras": 0,
                "total": 0
              }
            },
            {
              "batter": "BL Mooney",
              "bowler": "M Strano",
              "extras": {
                "legbyes": 1
              },
              "non_striker": "ND Dattani",
              "runs": {
                "batter": 0,
                "extras": 1,
                "total": 1
              }
            },
            {
              "batter": "ND Dattani",
              "bowler": "M Strano",
              "non_striker": "BL Mooney",
              "runs": {
                "batter": 0,
                "extras": 0,
                "total": 0
              }
            }
          ]
        },
        {
          "over": 18,
          "deliveries": [
            {
              "batter": "BL Mooney",
              "bowler": "LK Bell",
              "non_striker": "ND Dattani",
              "runs": {
                "batter": 0,
                "extras": 0,
                "total": 0
              }
            },
            {
              "batter": "BL Mooney",
              "bowler": "LK Bell",
              "non_striker": "ND Dattani",
              "runs": {
                "batter": 4,
                "extras": 0,
                "total": 4
              }
            },
            {
              "batter": "BL Mooney",
              "bowler": "LK Bell",
              "non_striker": "ND Dattani",
              "runs": {
                "batter": 4,
                "extras": 0,
                "total": 4
              }
            },
            {
              "batter": "BL Mooney",
              "bowler": "LK Bell",
              "non_striker": "ND Dattani",
              "runs": {
                "batter": 1,
                "extras": 0,
                "total": 1
              }
            },
            {
              "batter": "ND Dattani",
              "bowler": "LK Bell",
              "non_striker": "BL Mooney",
              "runs": {
                "batter": 1,
                "extras": 0,
                "total": 1
              }
            }
          ]
        },
        {
          "over": 19,
          "deliveries": [
            {
              "batter": "BL Mooney",
              "bowler": "A Wellington",
              "non_striker": "ND Dattani",
              "runs": {
                "batter": 1,
                "extras": 0,
                "total": 1
              }
            },
            {
              "batter": "ND Dattani",
              "bowler": "A Wellington",
              "non_striker": "BL Mooney",
              "runs": {
                "batter": 0,
                "extras": 0,
                "total": 0
              },
              "wickets": [
                {
                  "player_out": "ND Dattani",
                  "fielders": [
                    {
                      "name": "ME Bouchier"
                    }
                  ],
                  "kind": "caught"
                }
              ]
            },
            {
              "batter": "SN Luff",
              "bowler": "A Wellington",
              "non_striker": "BL Mooney",
              "runs": {
                "batter": 4,
                "extras": 0,
                "total": 4
              }
            },
            {
              "batter": "SN Luff",
              "bowler": "A Wellington",
              "non_striker": "BL Mooney",
              "runs": {
                "batter": 1,
                "extras": 0,
                "total": 1
              }
            },
            {
              "batter": "BL Mooney",
              "bowler": "A Wellington",
              "non_striker": "SN Luff",
              "runs": {
                "batter": 2,
                "extras": 0,
                "total": 2
              }
            }
          ]
        }
      ],
      "powerplays": [
        {
          "from": 0.1,
          "to": 4.5,
          "type": "mandatory"
        }
      ]
    },
    {
      "team": "Southern Brave",
      "overs": [
        {
          "over": 0,
          "deliveries": [
            {
              "batter": "S Mandhana",
              "bowler": "ML Schutt",
              "extras": {
                "wides": 1
              },
              "non_striker": "DN Wyatt",
              "runs": {
                "batter": 0,
                "extras": 1,
                "total": 1
              }
            },
            {
              "batter": "S Mandhana",
              "bowler": "ML Schutt",
              "non_striker": "DN Wyatt",
              "runs": {
                "batter": 0,
                "extras": 0,
                "total": 0
              }
            },
            {
              "batter": "S Mandhana",
              "bowler": "ML Schutt",
              "non_striker": "DN Wyatt",
              "runs": {
                "batter": 4,
                "extras": 0,
                "total": 4
              }
            },
            {
              "batter": "S Mandhana",
              "bowler": "ML Schutt",
              "non_striker": "DN Wyatt",
              "runs": {
                "batter": 1,
                "extras": 0,
                "total": 1
              }
            },
            {
              "batter": "DN Wyatt",
              "bowler": "ML Schutt",
              "non_striker": "S Mandhana",
              "runs": {
                "batter": 0,
                "extras": 0,
                "total": 0
              }
            },
            {
              "batter": "DN Wyatt",
              "bowler": "ML Schutt",
              "non_striker": "S Mandhana",
              "runs": {
                "batter": 0,
                "extras": 0,
                "total": 0
              }
            }
          ]
        },
        {
          "over": 1,
          "deliveries": [
            {
              "batter": "DN Wyatt",
              "bowler": "FR Davies",
              "non_striker": "S Mandhana",
              "runs": {
                "batter": 0,
                "extras": 0,
                "total": 0
              }
            },
            {
              "batter": "DN Wyatt",
              "bowler": "FR Davies",
              "non_striker": "S Mandhana",
              "runs": {
                "batter": 6,
                "extras": 0,
                "total": 6
              }
            },
            {
              "batter": "DN Wyatt",
              "bowler": "FR Davies",
              "non_striker": "S Mandhana",
              "runs": {
                "batter": 0,
                "extras": 0,
                "total": 0
              }
            },
            {
              "batter": "DN Wyatt",
              "bowler": "FR Davies",
              "non_striker": "S Mandhana",
              "runs": {
                "batter": 0,
                "extras": 0,
                "total": 0
              }
            },
            {
              "batter": "DN Wyatt",
              "bowler": "FR Davies",
              "non_striker": "S Mandhana",
              "runs": {
                "batter": 4,
                "extras": 0,
                "total": 4
              }
            }
          ]
        },
        {
          "over": 2,
          "deliveries": [
            {
              "batter": "S Mandhana",
              "bowler": "CE Dean",
              "non_striker": "DN Wyatt",
              "runs": {
                "batter": 0,
                "extras": 0,
                "total": 0
              }
            },
            {
              "batter": "S Mandhana",
              "bowler": "CE Dean",
              "non_striker": "DN Wyatt",
              "runs": {
                "batter": 1,
                "extras": 0,
                "total": 1
              }
            },
            {
              "batter": "DN Wyatt",
              "bowler": "CE Dean",
              "non_striker": "S Mandhana",
              "runs": {
                "batter": 4,
                "extras": 0,
                "total": 4
              }
            },
            {
              "batter": "DN Wyatt",
              "bowler": "CE Dean",
              "non_striker": "S Mandhana",
              "runs": {
                "batter": 0,
                "extras": 0,
                "total": 0
              }
            },
            {
              "batter": "DN Wyatt",
              "bowler": "CE Dean",
              "non_striker": "S Mandhana",
              "runs": {
                "batter": 4,
                "extras": 0,
                "total": 4
              }
            }
          ]
        },
        {
          "over": 3,
          "deliveries": [
            {
              "batter": "DN Wyatt",
              "bowler": "ML Schutt",
              "non_striker": "S Mandhana",
              "runs": {
                "batter": 0,
                "extras": 0,
                "total": 0
              }
            },
            {
              "batter": "DN Wyatt",
              "bowler": "ML Schutt",
              "non_striker": "S Mandhana",
              "runs": {
                "batter": 0,
                "extras": 0,
                "total": 0
              }
            },
            {
              "batter": "DN Wyatt",
              "bowler": "ML Schutt",
              "non_striker": "S Mandhana",
              "runs": {
                "batter": 4,
                "extras": 0,
                "total": 4
              }
            },
            {
              "batter": "DN Wyatt",
              "bowler": "ML Schutt",
              "non_striker": "S Mandhana",
              "runs": {
                "batter": 1,
                "extras": 0,
                "total": 1
              }
            },
            {
              "batter": "S Mandhana",
              "bowler": "ML Schutt",
              "non_striker": "DN Wyatt",
              "runs": {
                "batter": 0,
                "extras": 0,
                "total": 0
              }
            }
          ]
        },
        {
          "over": 4,
          "deliveries": [
            {
              "batter": "DN Wyatt",
              "bowler": "FR Davies",
              "non_striker": "S Mandhana",
              "runs": {
                "batter": 4,
                "extras": 0,
                "total": 4
              }
            },
            {
              "batter": "DN Wyatt",
              "bowler": "FR Davies",
              "non_striker": "S Mandhana",
              "runs": {
                "batter": 4,
                "extras": 0,
                "total": 4
              }
            },
            {
              "batter": "DN Wyatt",
              "bowler": "FR Davies",
              "non_striker": "S Mandhana",
              "runs": {
                "batter": 0,
                "extras": 0,
                "total": 0
              }
            },
            {
              "batter": "DN Wyatt",
              "bowler": "FR Davies",
              "non_striker": "S Mandhana",
              "runs": {
                "batter": 4,
                "extras": 0,
                "total": 4
              }
            },
            {
              "batter": "DN Wyatt",
              "bowler": "FR Davies",
              "non_striker": "S Mandhana",
              "runs": {
                "batter": 0,
                "extras": 0,
                "total": 0
              }
            }
          ]
        },
        {
          "over": 5,
          "deliveries": [
            {
              "batter": "DN Wyatt",
              "bowler": "DR Gibson",
              "non_striker": "S Mandhana",
              "runs": {
                "batter": 1,
                "extras": 0,
                "total": 1
              }
            },
            {
              "batter": "S Mandhana",
              "bowler": "DR Gibson",
              "non_striker": "DN Wyatt",
              "runs": {
                "batter": 1,
                "extras": 0,
                "total": 1
              }
            },
            {
              "batter": "DN Wyatt",
              "bowler": "DR Gibson",
              "non_striker": "S Mandhana",
              "runs": {
                "batter": 0,
                "extras": 0,
                "total": 0
              }
            },
            {
              "batter": "DN Wyatt",
              "bowler": "DR Gibson",
              "non_striker": "S Mandhana",
              "runs": {
                "batter": 1,
                "extras": 0,
                "total": 1
              }
            },
            {
              "batter": "S Mandhana",
              "bowler": "DR Gibson",
              "non_striker": "DN Wyatt",
              "runs": {
                "batter": 1,
                "extras": 0,
                "total": 1
              }
            }
          ]
        },
        {
          "over": 6,
          "deliveries": [
            {
              "batter": "S Mandhana",
              "bowler": "AC Kerr",
              "non_striker": "DN Wyatt",
              "runs": {
                "batter": 0,
                "extras": 0,
                "total": 0
              }
            },
            {
              "batter": "S Mandhana",
              "bowler": "AC Kerr",
              "non_striker": "DN Wyatt",
              "runs": {
                "batter": 4,
                "extras": 0,
                "total": 4
              }
            },
            {
              "batter": "S Mandhana",
              "bowler": "AC Kerr",
              "non_striker": "DN Wyatt",
              "runs": {
                "batter": 6,
                "extras": 0,
                "total": 6
              }
            },
            {
              "batter": "S Mandhana",
              "bowler": "AC Kerr",
              "non_striker": "DN Wyatt",
              "runs": {
                "batter": 1,
                "extras": 0,
                "total": 1
              }
            },
            {
              "batter": "DN Wyatt",
              "bowler": "AC Kerr",
              "non_striker": "S Mandhana",
              "runs": {
                "batter": 1,
                "extras": 0,
                "total": 1
              }
            }
          ]
        },
        {
          "over": 7,
          "deliveries": [
            {
              "batter": "S Mandhana",
              "bowler": "DR Gibson",
              "extras": {
                "byes": 4
              },
              "non_striker": "DN Wyatt",
              "runs": {
                "batter": 0,
                "extras": 4,
                "total": 4
              }
            },
            {
              "batter": "S Mandhana",
              "bowler": "DR Gibson",
              "non_striker": "DN Wyatt",
              "runs": {
                "batter": 0,
                "extras": 0,
                "total": 0
              },
              "wickets": [
                {
                  "player_out": "S Mandhana",
                  "fielders": [
                    {
                      "name": "SN Luff"
                    }
                  ],
                  "kind": "caught"
                }
              ]
            },
            {
              "batter": "SIR Dunkley",
              "bowler": "DR Gibson",
              "non_striker": "DN Wyatt",
              "runs": {
                "batter": 0,
                "extras": 0,
                "total": 0
              }
            },
            {
              "batter": "SIR Dunkley",
              "bowler": "DR Gibson",
              "non_striker": "DN Wyatt",
              "runs": {
                "batter": 1,
                "extras": 0,
                "total": 1
              }
            },
            {
              "batter": "DN Wyatt",
              "bowler": "DR Gibson",
              "non_striker": "SIR Dunkley",
              "runs": {
                "batter": 0,
                "extras": 0,
                "total": 0
              }
            }
          ]
        },
        {
          "over": 8,
          "deliveries": [
            {
              "batter": "SIR Dunkley",
              "bowler": "AC Kerr",
              "non_striker": "DN Wyatt",
              "runs": {
                "batter": 1,
                "extras": 0,
                "total": 1
              }
            },
            {
              "batter": "DN Wyatt",
              "bowler": "AC Kerr",
              "non_striker": "SIR Dunkley",
              "runs": {
                "batter": 4,
                "extras": 0,
                "total": 4
              }
            },
            {
              "batter": "DN Wyatt",
              "bowler": "AC Kerr",
              "non_striker": "SIR Dunkley",
              "runs": {
                "batter": 4,
                "extras": 0,
                "total": 4
              }
            },
            {
              "batter": "DN Wyatt",
              "bowler": "AC Kerr",
              "non_striker": "SIR Dunkley",
              "runs": {
                "batter": 0,
                "extras": 0,
                "total": 0
              }
            },
            {
              "batter": "DN Wyatt",
              "bowler": "AC Kerr",
              "non_striker": "SIR Dunkley",
              "runs": {
                "batter": 6,
                "extras": 0,
                "total": 6
              }
            }
          ]
        },
        {
          "over": 9,
          "deliveries": [
            {
              "batter": "DN Wyatt",
              "bowler": "CE Dean",
              "non_striker": "SIR Dunkley",
              "runs": {
                "batter": 0,
                "extras": 0,
                "total": 0
              }
            },
            {
              "batter": "DN Wyatt",
              "bowler": "CE Dean",
              "non_striker": "SIR Dunkley",
              "runs": {
                "batter": 0,
                "extras": 0,
                "total": 0
              }
            },
            {
              "batter": "DN Wyatt",
              "bowler": "CE Dean",
              "non_striker": "SIR Dunkley",
              "runs": {
                "batter": 4,
                "extras": 0,
                "total": 4
              }
            },
            {
              "batter": "DN Wyatt",
              "bowler": "CE Dean",
              "non_striker": "SIR Dunkley",
              "runs": {
                "batter": 4,
                "extras": 0,
                "total": 4
              }
            },
            {
              "batter": "DN Wyatt",
              "bowler": "CE Dean",
              "non_striker": "SIR Dunkley",
              "runs": {
                "batter": 4,
                "extras": 0,
                "total": 4
              }
            }
          ]
        },
        {
          "over": 10,
          "deliveries": [
            {
              "batter": "SIR Dunkley",
              "bowler": "ML Schutt",
              "extras": {
                "wides": 1
              },
              "non_striker": "DN Wyatt",
              "runs": {
                "batter": 0,
                "extras": 1,
                "total": 1
              }
            },
            {
              "batter": "SIR Dunkley",
              "bowler": "ML Schutt",
              "non_striker": "DN Wyatt",
              "runs": {
                "batter": 1,
                "extras": 0,
                "total": 1
              }
            },
            {
              "batter": "DN Wyatt",
              "bowler": "ML Schutt",
              "non_striker": "SIR Dunkley",
              "runs": {
                "batter": 1,
                "extras": 0,
                "total": 1
              }
            },
            {
              "batter": "SIR Dunkley",
              "bowler": "ML Schutt",
              "non_striker": "DN Wyatt",
              "runs": {
                "batter": 4,
                "extras": 0,
                "total": 4
              }
            },
            {
              "batter": "SIR Dunkley",
              "bowler": "ML Schutt",
              "non_striker": "DN Wyatt",
              "runs": {
                "batter": 0,
                "extras": 0,
                "total": 0
              }
            },
            {
              "batter": "SIR Dunkley",
              "bowler": "ML Schutt",
              "non_striker": "DN Wyatt",
              "runs": {
                "batter": 0,
                "extras": 0,
                "total": 0
              },
              "wickets": [
                {
                  "player_out": "DN Wyatt",
                  "fielders": [
                    {
                      "name": "AC Kerr"
                    }
                  ],
                  "kind": "run out"
                }
              ]
            }
          ]
        },
        {
          "over": 11,
          "deliveries": [
            {
              "batter": "ME Bouchier",
              "bowler": "AC Kerr",
              "non_striker": "SIR Dunkley",
              "runs": {
                "batter": 0,
                "extras": 0,
                "total": 0
              }
            },
            {
              "batter": "ME Bouchier",
              "bowler": "AC Kerr",
              "non_striker": "SIR Dunkley",
              "runs": {
                "batter": 0,
                "extras": 0,
                "total": 0
              },
              "wickets": [
                {
                  "player_out": "ME Bouchier",
                  "kind": "bowled"
                }
              ]
            },
            {
              "batter": "GL Adams",
              "bowler": "AC Kerr",
              "non_striker": "SIR Dunkley",
              "runs": {
                "batter": 1,
                "extras": 0,
                "total": 1
              }
            },
            {
              "batter": "SIR Dunkley",
              "bowler": "AC Kerr",
              "non_striker": "GL Adams",
              "runs": {
                "batter": 1,
                "extras": 0,
                "total": 1
              }
            },
            {
              "batter": "GL Adams",
              "bowler": "AC Kerr",
              "non_striker": "SIR Dunkley",
              "runs": {
                "batter": 1,
                "extras": 0,
                "total": 1
              }
            }
          ]
        },
        {
          "over": 12,
          "deliveries": [
            {
              "batter": "GL Adams",
              "bowler": "AC Kerr",
              "non_striker": "SIR Dunkley",
              "runs": {
                "batter": 0,
                "extras": 0,
                "total": 0
              }
            },
            {
              "batter": "GL Adams",
              "bowler": "AC Kerr",
              "non_striker": "SIR Dunkley",
              "runs": {
                "batter": 0,
                "extras": 0,
                "total": 0
              }
            },
            {
              "batter": "GL Adams",
              "bowler": "AC Kerr",
              "non_striker": "SIR Dunkley",
              "runs": {
                "batter": 6,
                "extras": 0,
                "total": 6
              }
            },
            {
              "batter": "GL Adams",
              "bowler": "AC Kerr",
              "non_striker": "SIR Dunkley",
              "runs": {
                "batter": 1,
                "extras": 0,
                "total": 1
              }
            },
            {
              "batter": "SIR Dunkley",
              "bowler": "AC Kerr",
              "non_striker": "GL Adams",
              "runs": {
                "batter": 0,
                "extras": 0,
                "total": 0
              }
            }
          ]
        },
        {
          "over": 13,
          "deliveries": [
            {
              "batter": "SIR Dunkley",
              "bowler": "DR Gibson",
              "non_striker": "GL Adams",
              "runs": {
                "batter": 2,
                "extras": 0,
                "total": 2
              }
            },
            {
              "batter": "SIR Dunkley",
              "bowler": "DR Gibson",
              "non_striker": "GL Adams",
              "runs": {
                "batter": 0,
                "extras": 0,
                "total": 0
              }
            },
            {
              "batter": "SIR Dunkley",
              "bowler": "DR Gibson",
              "non_striker": "GL Adams",
              "runs": {
                "batter": 4,
                "extras": 0,
                "total": 4
              }
            },
            {
              "batter": "SIR Dunkley",
              "bowler": "DR Gibson",
              "non_striker": "GL Adams",
              "runs": {
                "batter": 0,
                "extras": 0,
                "total": 0
              }
            },
            {
              "batter": "SIR Dunkley",
              "bowler": "DR Gibson",
              "non_striker": "GL Adams",
              "runs": {
                "batter": 4,
                "extras": 0,
                "total": 4
              }
            }
          ]
        },
        {
          "over": 14,
          "deliveries": [
            {
              "batter": "GL Adams",
              "bowler": "CE Dean",
              "non_striker": "SIR Dunkley",
              "runs": {
                "batter": 1,
                "extras": 0,
                "total": 1
              }
            },
            {
              "batter": "SIR Dunkley",
              "bowler": "CE Dean",
              "non_striker": "GL Adams",
              "runs": {
                "batter": 1,
                "extras": 0,
                "total": 1
              }
            },
            {
              "batter": "GL Adams",
              "bowler": "CE Dean",
              "non_striker": "SIR Dunkley",
              "runs": {
                "batter": 1,
                "extras": 0,
                "total": 1
              }
            },
            {
              "batter": "SIR Dunkley",
              "bowler": "CE Dean",
              "non_striker": "GL Adams",
              "runs": {
                "batter": 1,
                "extras": 0,
                "total": 1
              }
            },
            {
              "batter": "GL Adams",
              "bowler": "CE Dean",
              "non_striker": "SIR Dunkley",
              "runs": {
                "batter": 0,
                "extras": 0,
                "total": 0
              }
            }
          ]
        },
        {
          "over": 15,
          "deliveries": [
            {
              "batter": "GL Adams",
              "bowler": "FR Davies",
              "extras": {
                "legbyes": 1,
                "noballs": 2
              },
              "non_striker": "SIR Dunkley",
              "runs": {
                "batter": 0,
                "extras": 3,
                "total": 3
              }
            },
            {
              "batter": "SIR Dunkley",
              "bowler": "FR Davies",
              "non_striker": "GL Adams",
              "runs": {
                "batter": 4,
                "extras": 0,
                "total": 4
              }
            },
            {
              "batter": "SIR Dunkley",
              "bowler": "FR Davies",
              "non_striker": "GL Adams",
              "runs": {
                "batter": 1,
                "extras": 0,
                "total": 1
              }
            },
            {
              "batter": "GL Adams",
              "bowler": "FR Davies",
              "non_striker": "SIR Dunkley",
              "runs": {
                "batter": 1,
                "extras": 0,
                "total": 1
              }
            },
            {
              "batter": "SIR Dunkley",
              "bowler": "FR Davies",
              "non_striker": "GL Adams",
              "runs": {
                "batter": 1,
                "extras": 0,
                "total": 1
              }
            },
            {
              "batter": "GL Adams",
              "bowler": "FR Davies",
              "non_striker": "SIR Dunkley",
              "runs": {
                "batter": 1,
                "extras": 0,
                "total": 1
              }
            }
          ]
        },
        {
          "over": 16,
          "deliveries": [
            {
              "batter": "GL Adams",
              "bowler": "DR Gibson",
              "non_striker": "SIR Dunkley",
              "runs": {
                "batter": 4,
                "extras": 0,
                "total": 4
              }
            },
            {
              "batter": "GL Adams",
              "bowler": "DR Gibson",
              "non_striker": "SIR Dunkley",
              "runs": {
                "batter": 1,
                "extras": 0,
                "total": 1
              }
            },
            {
              "batter": "SIR Dunkley",
              "bowler": "DR Gibson",
              "non_striker": "GL Adams",
              "runs": {
                "batter": 1,
                "extras": 0,
                "total": 1
              }
            },
            {
              "batter": "GL Adams",
              "bowler": "DR Gibson",
              "non_striker": "SIR Dunkley",
              "runs": {
                "batter": 0,
                "extras": 0,
                "total": 0
              },
              "wickets": [
                {
                  "player_out": "GL Adams",
                  "kind": "lbw"
                }
              ]
            },
            {
              "batter": "FG Kemp",
              "bowler": "DR Gibson",
              "non_striker": "SIR Dunkley",
              "runs": {
                "batter": 6,
                "extras": 0,
                "total": 6
              }
            }
          ]
        },
        {
          "over": 17,
          "deliveries": [
            {
              "batter": "FG Kemp",
              "bowler": "ML Schutt",
              "non_striker": "SIR Dunkley",
              "runs": {
                "batter": 0,
                "extras": 0,
                "total": 0
              }
            },
            {
              "batter": "FG Kemp",
              "bowler": "ML Schutt",
              "non_striker": "SIR Dunkley",
              "runs": {
                "batter": 1,
                "extras": 0,
                "total": 1
              }
            },
            {
              "batter": "SIR Dunkley",
              "bowler": "ML Schutt",
              "non_striker": "FG Kemp",
              "runs": {
                "batter": 1,
                "extras": 0,
                "total": 1
              }
            },
            {
              "batter": "FG Kemp",
              "bowler": "ML Schutt",
              "non_striker": "SIR Dunkley",
              "runs": {
                "batter": 1,
                "extras": 0,
                "total": 1
              }
            },
            {
              "batter": "SIR Dunkley",
              "bowler": "ML Schutt",
              "non_striker": "FG Kemp",
              "runs": {
                "batter": 1,
                "extras": 0,
                "total": 1
              }
            }
          ]
        },
        {
          "over": 18,
          "deliveries": [
            {
              "batter": "SIR Dunkley",
              "bowler": "CE Dean",
              "non_striker": "FG Kemp",
              "runs": {
                "batter": 4,
                "extras": 0,
                "total": 4
              }
            },
            {
              "batter": "SIR Dunkley",
              "bowler": "CE Dean",
              "non_striker": "FG Kemp",
              "runs": {
                "batter": 1,
                "extras": 0,
                "total": 1
              }
            },
            {
              "batter": "FG Kemp",
              "bowler": "CE Dean",
              "non_striker": "SIR Dunkley",
              "runs": {
                "batter": 0,
                "extras": 0,
                "total": 0
              }
            },
            {
              "batter": "FG Kemp",
              "bowler": "CE Dean",
              "non_striker": "SIR Dunkley",
              "runs": {
                "batter": 6,
                "extras": 0,
                "total": 6
              }
            }
          ]
        }
      ],
      "powerplays": [
        {
          "from": 0.1,
          "to": 4.5,
          "type": "mandatory"
        }
      ],
      "target": {
        "overs": 20,
        "runs": 156
      }
    }
  ]
}