{
  "meta": {
    "data_version": "1.1.0",
    "created": "2022-08-31",
    "revision": 2
  },
  "info": {
    "balls_per_over": 5,
    "city": "London",
    "dates": [
      "2022-08-27"
    ],
    "event": {
      "name": "The Hundred Women's Competition",
      "match_number": 19
    },
    "gender": "female",
    "match_type": "T20",
    "officials": {
      "match_referees": [
        "SG Hinks"
      ],
      "reserve_umpires": [
        "J Ibbotson"
      ],
      "tv_umpires": [
        "SM Bartlett"
      ],
      "umpires": [
        "James Middlebrook",
        "S Redfern"
      ]
    },
    "outcome": {
      "winner": "Oval Invincibles",
      "by": {
        "wickets": 9
      }
    },
    "overs": 20,
    "player_of_match": [
      "MK Villiers"
    ],
    "players": {
      "London Spirit": [
        "BL Mooney",
        "DR Gibson",
        "SN Luff",
        "AC Kerr",
        "CE Dean",
        "ND Dattani",
        "G Scrivens",
        "AZ Monaghan",
        "FR Davies",
        "ML Schutt",
        "G Ballinger"
      ],
      "Oval Invincibles": [
        "L Winfield-Hill",
        "SW Bates",
        "A Capsey",
        "D van Niekerk",
        "MK Villiers",
        "KM Chathli",
        "E Windsor",
        "E Gray",
        "R MacDonald-Gay",
        "S Ismail",
        "Sophia Smale"
      ]
    },
    "registry": {
      "people": {
        "A Capsey": "910dd54e",
        "AC Kerr": "7673c908",
        "AZ Monaghan": "0c694738",
        "BL Mooney": "52d1dbc8",
        "CE Dean": "c6625a26",
        "D van Niekerk": "8c5775f3",
        "DR Gibson": "d2763568",
        "E Gray": "58717de2",
        "E Windsor": "1d7f8759",
        "FR Davies": "2479daa6",
        "G Ballinger": "2f485713",
        "G Scrivens": "7306c48d",
        "J Ibbotson": "7318fdbf",
        "James Middlebrook": "ddcd1520",
        "KM Chathli": "6ffbf04c",
        "L Winfield-Hill": "5230a33d",
        "MK Villiers": "cd62f670",
        "ML Schutt": "17608a6f",
        "ND Dattani": "13c19f32",
        "R MacDonald-Gay": "459a7b0a",
        "S Ismail": "108c4c09",
        "S Redfern": "5b038989",
        "SG Hinks": "0bb4dc0d",
        "SM Bartlett": "7ba18406",
        "SN Luff": "e19307f3",
        "SW Bates": "89bbc67a",
        "Sophia Smale": "c296dba1"
      }
    },
    "season": "2022",
    "team_type": "club",
    "teams": [
      "London Spirit",
      "Oval Invincibles"
    ],
    "toss": {
      "decision": "field",
      "winner": "Oval Invincibles"
    },
    "venue": "Lord's, London"
  },
  "innings": [
    {
      "team": "London Spirit",
      "overs": [
        {
          "over": 0,
          "deliveries": [
            {
              "batter": "BL Mooney",
              "bowler": "MK Villiers",
              "non_striker": "DR Gibson",
              "runs": {
                "batter": 1,
                "extras": 0,
                "total": 1
              }
            },
            {
              "batter": "DR Gibson",
              "bowler": "MK Villiers",
              "non_striker": "BL Mooney",
              "runs": {
                "batter": 0,
                "extras": 0,
                "total": 0
              }
            },
            {
              "batter": "DR Gibson",
              "bowler": "MK Villiers",
              "non_striker": "BL Mooney",
              "runs": {
                "batter": 0,
                "extras": 0,
                "total": 0
              },
              "wickets": [
                {
                  "player_out": "DR Gibson",
                  "fielders": [
                    {
                      "name": "SW Bates"
                    }
                  ],
                  "kind": "caught"
                }
              ]
            },
            {
              "batter": "SN Luff",
              "bowler": "MK Villiers",
              "non_striker": "BL Mooney",
              "runs": {
                "batter": 0,
                "extras": 0,
                "total": 0
              }
            },
            {
              "batter": "SN Luff",
              "bowler": "MK Villiers",
              "non_striker": "BL Mooney",
              "runs": {
                "batter": 1,
                "extras": 0,
                "total": 1
              }
            }
          ]
        },
        {
          "over": 1,
          "deliveries": [
            {
              "batter": "BL Mooney",
              "bowler": "MK Villiers",
              "non_striker": "SN Luff",
              "runs": {
                "batter": 0,
                "extras": 0,
                "total": 0
              }
            },
            {
              "batter": "BL Mooney",
              "bowler": "MK Villiers",
              "non_striker": "SN Luff",
              "runs": {
                "batter": 2,
                "extras": 0,
                "total": 2
              }
            },
            {
              "batter": "BL Mooney",
              "bowler": "MK Villiers",
              "non_striker": "SN Luff",
              "runs": {
                "batter": 0,
                "extras": 0,
                "total": 0
              }
            },
            {
              "batter": "BL Mooney",
              "bowler": "MK Villiers",
              "non_striker": "SN Luff",
              "runs": {
                "batter": 0,
                "extras": 0,
                "total": 0
              },
              "wickets": [
                {
                  "player_out": "BL Mooney",
                  "fielders": [
                    {
                      "name": "A Capsey"
                    }
                  ],
                  "kind": "caught"
                }
              ]
            },
            {
              "batter": "AC Kerr",
              "bowler": "MK Villiers",
              "non_striker": "SN Luff",
              "runs": {
                "batter": 0,
                "extras": 0,
                "total": 0
              }
            }
          ]
        },
        {
          "over": 2,
          "deliveries": [
            {
              "batter": "SN Luff",
              "bowler": "S Ismail",
              "non_striker": "AC Kerr",
              "review": {
                "by": "Oval Invincibles",
                "umpire": "S Redfern",
                "batter": "SN Luff",
                "decision": "upheld"
              },
              "runs": {
                "batter": 0,
                "extras": 0,
                "total": 0
              },
              "wickets": [
                {
                  "player_out": "SN Luff",
                  "fielders": [
                    {
                      "name": "L Winfield-Hill"
                    }
                  ],
                  "kind": "caught"
                }
              ]
            },
            {
              "batter": "CE Dean",
              "bowler": "S Ismail",
              "non_striker": "AC Kerr",
              "runs": {
                "batter": 2,
                "extras": 0,
                "total": 2
              }
            },
            {
              "batter": "CE Dean",
              "bowler": "S Ismail",
              "non_striker": "AC Kerr",
              "runs": {
                "batter": 1,
                "extras": 0,
                "total": 1
              }
            },
            {
              "batter": "AC Kerr",
              "bowler": "S Ismail",
              "non_striker": "CE Dean",
              "runs": {
                "batter": 0,
                "extras": 0,
                "total": 0
              }
            },
            {
              "batter": "AC Kerr",
              "bowler": "S Ismail",
              "non_striker": "CE Dean",
              "runs": {
                "batter": 0,
                "extras": 0,
                "total": 0
              }
            }
          ]
        },
        {
          "over": 3,
          "deliveries": [
            {
              "batter": "AC Kerr",
              "bowler": "S Ismail",
              "non_striker": "CE Dean",
              "runs": {
                "batter": 0,
                "extras": 0,
                "total": 0
              }
            },
            {
              "batter": "AC Kerr",
              "bowler": "S Ismail",
              "non_striker": "CE Dean",
              "runs": {
                "batter": 0,
                "extras": 0,
                "total": 0
              }
            },
            {
              "batter": "AC Kerr",
              "bowler": "S Ismail",
              "non_striker": "CE Dean",
              "runs": {
                "batter": 0,
                "extras": 0,
                "total": 0
              }
            },
            {
              "batter": "AC Kerr",
              "bowler": "S Ismail",
              "non_striker": "CE Dean",
              "runs": {
                "batter": 0,
                "extras": 0,
                "total": 0
              }
            },
            {
              "batter": "AC Kerr",
              "bowler": "S Ismail",
              "non_striker": "CE Dean",
              "runs": {
                "batter": 4,
                "extras": 0,
                "total": 4
              }
            }
          ]
        },
        {
          "over": 4,
          "deliveries": [
            {
              "batter": "CE Dean",
              "bowler": "Sophia Smale",
              "non_striker": "AC Kerr",
              "runs": {
                "batter": 0,
                "extras": 0,
                "total": 0
              }
            },
            {
              "batter": "CE Dean",
              "bowler": "Sophia Smale",
              "non_striker": "AC Kerr",
              "runs": {
                "batter": 0,
                "extras": 0,
                "total": 0
              }
            },
            {
              "batter": "CE Dean",
              "bowler": "Sophia Smale",
              "non_striker": "AC Kerr",
              "runs": {
                "batter": 2,
                "extras": 0,
                "total": 2
              }
            },
            {
              "batter": "CE Dean",
              "bowler": "Sophia Smale",
              "non_striker": "AC Kerr",
              "runs": {
                "batter": 1,
                "extras": 0,
                "total": 1
              }
            },
            {
              "batter": "AC Kerr",
              "bowler": "Sophia Smale",
              "non_striker": "CE Dean",
              "runs": {
                "batter": 1,
                "extras": 0,
                "total": 1
              }
            }
          ]
        },
        {
          "over": 5,
          "deliveries": [
            {
              "batter": "CE Dean",
              "bowler": "A Capsey",
              "non_striker": "AC Kerr",
              "runs": {
                "batter": 0,
                "extras": 0,
                "total": 0
              }
            },
            {
              "batter": "CE Dean",
              "bowler": "A Capsey",
              "non_striker": "AC Kerr",
              "runs": {
                "batter": 4,
                "extras": 0,
                "total": 4
              }
            },
            {
              "batter": "CE Dean",
              "bowler": "A Capsey",
              "non_striker": "AC Kerr",
              "runs": {
                "batter": 0,
                "extras": 0,
                "total": 0
              }
            },
            {
              "batter": "CE Dean",
              "bowler": "A Capsey",
              "non_striker": "AC Kerr",
              "runs": {
                "batter": 1,
                "extras": 0,
                "total": 1
              }
            },
            {
              "batter": "AC Kerr",
              "bowler": "A Capsey",
              "non_striker": "CE Dean",
              "runs": {
                "batter": 1,
                "extras": 0,
                "total": 1
              }
            }
          ]
        },
        {
          "over": 6,
          "deliveries": [
            {
              "batter": "AC Kerr",
              "bowler": "S Ismail",
              "non_striker": "CE Dean",
              "runs": {
                "batter": 1,
                "extras": 0,
                "total": 1
              }
            },
            {
              "batter": "CE Dean",
              "bowler": "S Ismail",
              "non_striker": "AC Kerr",
              "runs": {
                "batter": 0,
                "extras": 0,
                "total": 0
              }
            },
            {
              "batter": "CE Dean",
              "bowler": "S Ismail",
              "non_striker": "AC Kerr",
              "runs": {
                "batter": 4,
                "extras": 0,
                "total": 4
              }
            },
            {
              "batter": "CE Dean",
              "bowler": "S Ismail",
              "non_striker": "AC Kerr",
              "runs": {
                "batter": 1,
                "extras": 0,
                "total": 1
              }
            },
            {
              "batter": "AC Kerr",
              "bowler": "S Ismail",
              "non_striker": "CE Dean",
              "runs": {
                "batter": 0,
                "extras": 0,
                "total": 0
              }
            }
          ]
        },
        {
          "over": 7,
          "deliveries": [
            {
              "batter": "AC Kerr",
              "bowler": "Sophia Smale",
              "non_striker": "CE Dean",
              "runs": {
                "batter": 1,
                "extras": 0,
                "total": 1
              }
            },
            {
              "batter": "CE Dean",
              "bowler": "Sophia Smale",
              "non_striker": "AC Kerr",
              "runs": {
                "batter": 0,
                "extras": 0,
                "total": 0
              }
            },
            {
              "batter": "CE Dean",
              "bowler": "Sophia Smale",
              "non_striker": "AC Kerr",
              "runs": {
                "batter": 0,
                "extras": 0,
                "total": 0
              }
            },
            {
              "batter": "CE Dean",
              "bowler": "Sophia Smale",
              "non_striker": "AC Kerr",
              "runs": {
                "batter": 0,
                "extras": 0,
                "total": 0
              }
            },
            {
              "batter": "CE Dean",
              "bowler": "Sophia Smale",
              "non_striker": "AC Kerr",
              "runs": {
                "batter": 1,
                "extras": 0,
                "total": 1
              }
            }
          ]
        },
        {
          "over": 8,
          "deliveries": [
            {
              "batter": "CE Dean",
              "bowler": "A Capsey",
              "non_striker": "AC Kerr",
              "runs": {
                "batter": 0,
                "extras": 0,
                "total": 0
              }
            },
            {
              "batter": "CE Dean",
              "bowler": "A Capsey",
              "non_striker": "AC Kerr",
              "runs": {
                "batter": 1,
                "extras": 0,
                "total": 1
              }
            },
            {
              "batter": "AC Kerr",
              "bowler": "A Capsey",
              "non_striker": "CE Dean",
              "runs": {
                "batter": 1,
                "extras": 0,
                "total": 1
              }
            },
            {
              "batter": "CE Dean",
              "bowler": "A Capsey",
              "non_striker": "AC Kerr",
              "runs": {
                "batter": 0,
                "extras": 0,
                "total": 0
              },
              "wickets": [
                {
                  "player_out": "CE Dean",
                  "fielders": [
                    {
                      "name": "L Winfield-Hill"
                    }
                  ],
                  "kind": "stumped"
                }
              ]
            },
            {
              "batter": "ND Dattani",
              "bowler": "A Capsey",
              "non_striker": "AC Kerr",
              "runs": {
                "batter": 1,
                "extras": 0,
                "total": 1
              }
            }
          ]
        },
        {
          "over": 9,
          "deliveries": [
            {
              "batter": "AC Kerr",
              "bowler": "E Gray",
              "non_striker": "ND Dattani",
              "runs": {
                "batter": 4,
                "extras": 0,
                "total": 4
              }
            },
            {
              "batter": "AC Kerr",
              "bowler": "E Gray",
              "non_striker": "ND Dattani",
              "runs": {
                "batter": 0,
                "extras": 0,
                "total": 0
              }
            },
            {
              "batter": "AC Kerr",
              "bowler": "E Gray",
              "non_striker": "ND Dattani",
              "runs": {
                "batter": 0,
                "extras": 0,
                "total": 0
              }
            },
            {
              "batter": "AC Kerr",
              "bowler": "E Gray",
              "non_striker": "ND Dattani",
              "runs": {
                "batter": 1,
                "extras": 0,
                "total": 1
              }
            },
            {
              "batter": "ND Dattani",
              "bowler": "E Gray",
              "non_striker": "AC Kerr",
              "runs": {
                "batter": 0,
                "extras": 0,
                "total": 0
              }
            }
          ]
        },
        {
          "over": 10,
          "deliveries": [
            {
              "batter": "AC Kerr",
              "bowler": "Sophia Smale",
              "non_striker": "ND Dattani",
              "runs": {
                "batter": 4,
                "extras": 0,
                "total": 4
              }
            },
            {
              "batter": "AC Kerr",
              "bowler": "Sophia Smale",
              "non_striker": "ND Dattani",
              "runs": {
                "batter": 1,
                "extras": 0,
                "total": 1
              }
            },
            {
              "batter": "ND Dattani",
              "bowler": "Sophia Smale",
              "non_striker": "AC Kerr",
              "runs": {
                "batter": 1,
                "extras": 0,
                "total": 1
              }
            },
            {
              "batter": "AC Kerr",
              "bowler": "Sophia Smale",
              "non_striker": "ND Dattani",
              "runs": {
                "batter": 1,
                "extras": 0,
                "total": 1
              }
            },
            {
              "batter": "ND Dattani",
              "bowler": "Sophia Smale",
              "non_striker": "AC Kerr",
              "runs": {
                "batter": 1,
                "extras": 0,
                "total": 1
              }
            }
          ]
        },
        {
          "over": 11,
          "deliveries": [
            {
              "batter": "AC Kerr",
              "bowler": "E Gray",
              "non_striker": "ND Dattani",
              "runs": {
                "batter": 1,
                "extras": 0,
                "total": 1
              }
            },
            {
              "batter": "ND Dattani",
              "bowler": "E Gray",
              "non_striker": "AC Kerr",
              "runs": {
                "batter": 0,
                "extras": 0,
                "total": 0
              }
            },
            {
              "batter": "ND Dattani",
              "bowler": "E Gray",
              "non_striker": "AC Kerr",
              "runs": {
                "batter": 0,
                "extras": 0,
                "total": 0
              }
            },
            {
              "batter": "ND Dattani",
              "bowler": "E Gray",
              "extras": {
                "byes": 4
              },
              "non_striker": "AC Kerr",
              "runs": {
                "batter": 0,
                "extras": 4,
                "total": 4
              }
            },
            {
              "batter": "ND Dattani",
              "bowler": "E Gray",
              "non_striker": "AC Kerr",
              "runs": {
                "batter": 1,
                "extras": 0,
                "total": 1
              }
            }
          ]
        },
        {
          "over": 12,
          "deliveries": [
            {
              "batter": "ND Dattani",
              "bowler": "MK Villiers",
              "non_striker": "AC Kerr",
              "runs": {
                "batter": 0,
                "extras": 0,
                "total": 0
              }
            },
            {
              "batter": "ND Dattani",
              "bowler": "MK Villiers",
              "non_striker": "AC Kerr",
              "runs": {
                "batter": 1,
                "extras": 0,
                "total": 1
              }
            },
            {
              "batter": "AC Kerr",
              "bowler": "MK Villiers",
              "non_striker": "ND Dattani",
              "runs": {
                "batter": 1,
                "extras": 0,
                "total": 1
              }
            },
            {
              "batter": "ND Dattani",
              "bowler": "MK Villiers",
              "non_striker": "AC Kerr",
              "runs": {
                "batter": 0,
                "extras": 0,
                "total": 0
              },
              "wickets": [
                {
                  "player_out": "ND Dattani",
                  "kind": "bowled"
                }
              ]
            },
            {
              "batter": "G Scrivens",
              "bowler": "MK Villiers",
              "non_striker": "AC Kerr",
              "runs": {
                "batter": 0,
                "extras": 0,
                "total": 0
              }
            }
          ]
        },
        {
          "over": 13,
          "deliveries": [
            {
              "batter": "G Scrivens",
              "bowler": "MK Villiers",
              "non_striker": "AC Kerr",
              "runs": {
                "batter": 4,
                "extras": 0,
                "total": 4
              }
            },
            {
              "batter": "G Scrivens",
              "bowler": "MK Villiers",
              "non_striker": "AC Kerr",
              "runs": {
                "batter": 0,
                "extras": 0,
                "total": 0
              },
              "wickets": [
                {
                  "player_out": "G Scrivens",
                  "kind": "bowled"
                }
              ]
            },
            {
              "batter": "AZ Monaghan",
              "bowler": "MK Villiers",
              "non_striker": "AC Kerr",
              "runs": {
                "batter": 0,
                "extras": 0,
                "total": 0
              }
            },
            {
              "batter": "AZ Monaghan",
              "bowler": "MK Villiers",
              "non_striker": "AC Kerr",
              "runs": {
                "batter": 1,
                "extras": 0,
                "total": 1
              }
            },
            {
              "batter": "AC Kerr",
              "bowler": "MK Villiers",
              "non_striker": "AZ Monaghan",
              "runs": {
                "batter": 1,
                "extras": 0,
                "total": 1
              }
            }
          ]
        },
        {
          "over": 14,
          "deliveries": [
            {
              "batter": "AC Kerr",
              "bowler": "A Capsey",
              "non_striker": "AZ Monaghan",
              "runs": {
                "batter": 1,
                "extras": 0,
                "total": 1
              }
            },
            {
              "batter": "AZ Monaghan",
              "bowler": "A Capsey",
              "non_striker": "AC Kerr",
              "runs": {
                "batter": 1,
                "extras": 0,
                "total": 1
              }
            },
            {
              "batter": "AC Kerr",
              "bowler": "A Capsey",
              "non_striker": "AZ Monaghan",
              "runs": {
                "batter": 4,
                "extras": 0,
                "total": 4
              }
            },
            {
              "batter": "AC Kerr",
              "bowler": "A Capsey",
              "non_striker": "AZ Monaghan",
              "runs": {
                "batter": 0,
                "extras": 0,
                "total": 0
              }
            },
            {
              "batter": "AC Kerr",
              "bowler": "A Capsey",
              "non_striker": "AZ Monaghan",
              "runs": {
                "batter": 1,
                "extras": 0,
                "total": 1
              }
            }
          ]
        },
        {
          "over": 15,
          "deliveries": [
            {
              "batter": "AZ Monaghan",
              "bowler": "Sophia Smale",
              "non_striker": "AC Kerr",
              "runs": {
                "batter": 1,
                "extras": 0,
                "total": 1
              }
            },
            {
              "batter": "AC Kerr",
              "bowler": "Sophia Smale",
              "non_striker": "AZ Monaghan",
              "runs": {
                "batter": 1,
                "extras": 0,
                "total": 1
              },
              "wickets": [
                {
                  "player_out": "AZ Monaghan",
                  "fielders": [
                    {
                      "name": "S Ismail"
                    },
                    {
                      "name": "Sophia Smale"
                    }
                  ],
                  "kind": "run out"
                }
              ]
            },
            {
              "batter": "AC Kerr",
              "bowler": "Sophia Smale",
              "non_striker": "FR Davies",
              "runs": {
                "batter": 1,
                "extras": 0,
                "total": 1
              }
            },
            {
              "batter": "FR Davies",
              "bowler": "Sophia Smale",
              "non_striker": "AC Kerr",
              "runs": {
                "batter": 0,
                "extras": 0,
                "total": 0
              }
            },
            {
              "batter": "FR Davies",
              "bowler": "Sophia Smale",
              "non_striker": "AC Kerr",
              "runs": {
                "batter": 0,
                "extras": 0,
                "total": 0
              }
            }
          ]
        },
        {
          "over": 16,
          "deliveries": [
            {
              "batter": "AC Kerr",
              "bowler": "E Gray",
              "non_striker": "FR Davies",
              "review": {
                "by": "London Spirit",
                "umpire": "James Middlebrook",
                "batter": "AC Kerr",
                "decision": "struck down",
                "umpires_call": true
              },
              "runs": {
                "batter": 0,
                "extras": 0,
                "total": 0
              },
              "wickets": [
                {
                  "player_out": "AC Kerr",
                  "kind": "lbw"
                }
              ]
            },
            {
              "batter": "ML Schutt",
              "bowler": "E Gray",
              "non_striker": "FR Davies",
              "runs": {
                "batter": 0,
                "extras": 0,
                "total": 0
              }
            },
            {
              "batter": "ML Schutt",
              "bowler": "E Gray",
              "non_striker": "FR Davies",
              "runs": {
                "batter": 0,
                "extras": 0,
                "total": 0
              }
            },
            {
              "batter": "ML Schutt",
              "bowler": "E Gray",
              "non_striker": "FR Davies",
              "runs": {
                "batter": 1,
                "extras": 0,
                "total": 1
              }
            },
            {
              "batter": "FR Davies",
              "bowler": "E Gray",
              "non_striker": "ML Schutt",
              "runs": {
                "batter": 1,
                "extras": 0,
                "total": 1
              }
            }
          ]
        },
        {
          "over": 17,
          "deliveries": [
            {
              "batter": "ML Schutt",
              "bowler": "S Ismail",
              "non_striker": "FR Davies",
              "runs": {
                "batter": 1,
                "extras": 0,
                "total": 1
              }
            },
            {
              "batter": "FR Davies",
              "bowler": "S Ismail",
              "non_striker": "ML Schutt",
              "runs": {
                "batter": 0,
                "extras": 0,
                "total": 0
              }
            },
            {
              "batter": "FR Davies",
              "bowler": "S Ismail",
              "non_striker": "ML Schutt",
              "runs": {
                "batter": 0,
                "extras": 0,
                "total": 0
              }
            },
            {
              "batter": "FR Davies",
              "bowler": "S Ismail",
              "non_striker": "ML Schutt",
              "runs": {
                "batter": 4,
                "extras": 0,
                "total": 4
              }
            },
            {
              "batter": "FR Davies",
              "bowler": "S Ismail",
              "extras": {
                "noballs": 2
              },
              "non_striker": "ML Schutt",
              "runs": {
                "batter": 0,
                "extras": 2,
                "total": 2
              }
            },
            {
              "batter": "FR Davies",
              "bowler": "S Ismail",
              "non_striker": "ML Schutt",
              "runs": {
                "batter": 0,
                "extras": 0,
                "total": 0
              },
              "wickets": [
                {
                  "player_out": "FR Davies",
                  "kind": "bowled"
                }
              ]
            }
          ]
        },
        {
          "over": 18,
          "deliveries": [
            {
              "batter": "ML Schutt",
              "bowler": "A Capsey",
              "non_striker": "G Ballinger",
              "runs": {
                "batter": 0,
                "extras": 0,
                "total": 0
              }
            },
            {
              "batter": "ML Schutt",
              "bowler": "A Capsey",
              "non_striker": "G Ballinger",
              "runs": {
                "batter": 1,
                "extras": 0,
                "total": 1
              }
            },
            {
              "batter": "G Ballinger",
              "bowler": "A Capsey",
              "non_striker": "ML Schutt",
              "runs": {
                "batter": 0,
                "extras": 0,
                "total": 0
              }
            },
            {
              "batter": "G Ballinger",
              "bowler": "A Capsey",
              "non_striker": "ML Schutt",
              "runs": {
                "batter": 0,
                "extras": 0,
                "total": 0
              }
            },
            {
              "batter": "G Ballinger",
              "bowler": "A Capsey",
              "non_striker": "ML Schutt",
              "runs": {
                "batter": 0,
                "extras": 0,
                "total": 0
              }
            }
          ]
        },
        {
          "over": 19,
          "deliveries": [
            {
              "batter": "G Ballinger",
              "bowler": "E Gray",
              "non_striker": "ML Schutt",
              "runs": {
                "batter": 1,
                "extras": 0,
                "total": 1
              }
            },
            {
              "batter": "ML Schutt",
              "bowler": "E Gray",
              "non_striker": "G Ballinger",
              "runs": {
                "batter": 0,
                "extras": 0,
                "total": 0
              },
              "wickets": [
                {
                  "player_out": "ML Schutt",
                  "kind": "bowled"
                }
              ]
            }
          ]
        }
      ],
      "powerplays": [
        {
          "from": 0.1,
          "to": 4.5,
          "type": "mandatory"
        }
      ]
    },
    {
      "team": "Oval Invincibles",
      "overs": [
        {
          "over": 0,
          "deliveries": [
            {
              "batter": "L Winfield-Hill",
              "bowler": "ML Schutt",
              "non_striker": "SW Bates",
              "runs": {
                "batter": 4,
                "extras": 0,
                "total": 4
              }
            },
            {
              "batter": "L Winfield-Hill",
              "bowler": "ML Schutt",
              "non_striker": "SW Bates",
              "runs": {
                "batter": 2,
                "extras": 0,
                "total": 2
              }
            },
            {
              "batter": "L Winfield-Hill",
              "bowler": "ML Schutt",
              "non_striker": "SW Bates",
              "runs": {
                "batter": 1,
                "extras": 0,
                "total": 1
              }
            },
            {
              "batter": "SW Bates",
              "bowler": "ML Schutt",
              "non_striker": "L Winfield-Hill",
              "runs": {
                "batter": 0,
                "extras": 0,
                "total": 0
              }
            },
            {
              "batter": "SW Bates",
              "bowler": "ML Schutt",
              "non_striker": "L Winfield-Hill",
              "runs": {
                "batter": 0,
                "extras": 0,
                "total": 0
              }
            }
          ]
        },
        {
          "over": 1,
          "deliveries": [
            {
              "batter": "SW Bates",
              "bowler": "FR Davies",
              "non_striker": "L Winfield-Hill",
              "runs": {
                "batter": 1,
                "extras": 0,
                "total": 1
              }
            },
            {
              "batter": "L Winfield-Hill",
              "bowler": "FR Davies",
              "extras": {
                "wides": 1
              },
              "non_striker": "SW Bates",
              "runs": {
                "batter": 0,
                "extras": 1,
                "total": 1
              }
            },
            {
              "batter": "L Winfield-Hill",
              "bowler": "FR Davies",
              "non_striker": "SW Bates",
              "runs": {
                "batter": 0,
                "extras": 0,
                "total": 0
              }
            },
            {
              "batter": "L Winfield-Hill",
              "bowler": "FR Davies",
              "non_striker": "SW Bates",
              "runs": {
                "batter": 0,
                "extras": 0,
                "total": 0
              }
            },
            {
              "batter": "L Winfield-Hill",
              "bowler": "FR Davies",
              "non_striker": "SW Bates",
              "runs": {
                "batter": 4,
                "extras": 0,
                "total": 4
              }
            },
            {
              "batter": "L Winfield-Hill",
              "bowler": "FR Davies",
              "non_striker": "SW Bates",
              "runs": {
                "batter": 4,
                "extras": 0,
                "total": 4
              }
            }
          ]
        },
        {
          "over": 2,
          "deliveries": [
            {
              "batter": "SW Bates",
              "bowler": "G Scrivens",
              "non_striker": "L Winfield-Hill",
              "runs": {
                "batter": 0,
                "extras": 0,
                "total": 0
              }
            },
            {
              "batter": "SW Bates",
              "bowler": "G Scrivens",
              "non_striker": "L Winfield-Hill",
              "runs": {
                "batter": 0,
                "extras": 0,
                "total": 0
              }
            },
            {
              "batter": "SW Bates",
              "bowler": "G Scrivens",
              "non_striker": "L Winfield-Hill",
              "runs": {
                "batter": 1,
                "extras": 0,
                "total": 1
              }
            },
            {
              "batter": "L Winfield-Hill",
              "bowler": "G Scrivens",
              "non_striker": "SW Bates",
              "runs": {
                "batter": 2,
                "extras": 0,
                "total": 2
              }
            },
            {
              "batter": "L Winfield-Hill",
              "bowler": "G Scrivens",
              "non_striker": "SW Bates",
              "runs": {
                "batter": 1,
                "extras": 0,
                "total": 1
              }
            }
          ]
        },
        {
          "over": 3,
          "deliveries": [
            {
              "batter": "SW Bates",
              "bowler": "G Scrivens",
              "non_striker": "L Winfield-Hill",
              "runs": {
                "batter": 0,
                "extras": 0,
                "total": 0
              }
            },
            {
              "batter": "SW Bates",
              "bowler": "G Scrivens",
              "non_striker": "L Winfield-Hill",
              "runs": {
                "batter": 2,
                "extras": 0,
                "total": 2
              }
            },
            {
              "batter": "SW Bates",
              "bowler": "G Scrivens",
              "non_striker": "L Winfield-Hill",
              "runs": {
                "batter": 4,
                "extras": 0,
                "total": 4
              }
            },
            {
              "batter": "SW Bates",
              "bowler": "G Scrivens",
              "non_striker": "L Winfield-Hill",
              "runs": {
                "batter": 1,
                "extras": 0,
                "total": 1
              }
            },
            {
              "batter": "L Winfield-Hill",
              "bowler": "G Scrivens",
              "non_striker": "SW Bates",
              "runs": {
                "batter": 1,
                "extras": 0,
                "total": 1
              }
            }
          ]
        },
        {
          "over": 4,
          "deliveries": [
            {
              "batter": "L Winfield-Hill",
              "bowler": "AC Kerr",
              "non_striker": "SW Bates",
              "runs": {
                "batter": 1,
                "extras": 0,
                "total": 1
              }
            },
            {
              "batter": "SW Bates",
              "bowler": "AC Kerr",
              "non_striker": "L Winfield-Hill",
              "runs": {
                "batter": 4,
                "extras": 0,
                "total": 4
              }
            },
            {
              "batter": "SW Bates",
              "bowler": "AC Kerr",
              "non_striker": "L Winfield-Hill",
              "runs": {
                "batter": 4,
                "extras": 0,
                "total": 4
              }
            },
            {
              "batter": "SW Bates",
              "bowler": "AC Kerr",
              "non_striker": "L Winfield-Hill",
              "runs": {
                "batter": 6,
                "extras": 0,
                "total": 6
              }
            },
            {
              "batter": "SW Bates",
              "bowler": "AC Kerr",
              "non_striker": "L Winfield-Hill",
              "runs": {
                "batter": 1,
                "extras": 0,
                "total": 1
              }
            }
          ]
        },
        {
          "over": 5,
          "deliveries": [
            {
              "batter": "L Winfield-Hill",
              "bowler": "CE Dean",
              "non_striker": "SW Bates",
              "runs": {
                "batter": 0,
                "extras": 0,
                "total": 0
              }
            },
            {
              "batter": "L Winfield-Hill",
              "bowler": "CE Dean",
              "non_striker": "SW Bates",
              "runs": {
                "batter": 1,
                "extras": 0,
                "total": 1
              }
            },
            {
              "batter": "SW Bates",
              "bowler": "CE Dean",
              "non_striker": "L Winfield-Hill",
              "runs": {
                "batter": 1,
                "extras": 0,
                "total": 1
              }
            },
            {
              "batter": "L Winfield-Hill",
              "bowler": "CE Dean",
              "non_striker": "SW Bates",
              "review": {
                "by": "London Spirit",
                "umpire": "James Middlebrook",
                "batter": "L Winfield-Hill",
                "decision": "struck down",
                "umpires_call": true
              },
              "runs": {
                "batter": 0,
                "extras": 0,
                "total": 0
              }
            },
            {
              "batter": "L Winfield-Hill",
              "bowler": "CE Dean",
              "non_striker": "SW Bates",
              "runs": {
                "batter": 0,
                "extras": 0,
                "total": 0
              }
            }
          ]
        },
        {
          "over": 6,
          "deliveries": [
            {
              "batter": "SW Bates",
              "bowler": "FR Davies",
              "non_striker": "L Winfield-Hill",
              "runs": {
                "batter": 0,
                "extras": 0,
                "total": 0
              }
            },
            {
              "batter": "SW Bates",
              "bowler": "FR Davies",
              "non_striker": "L Winfield-Hill",
              "runs": {
                "batter": 1,
                "extras": 0,
                "total": 1
              }
            },
            {
              "batter": "L Winfield-Hill",
              "bowler": "FR Davies",
              "non_striker": "SW Bates",
              "runs": {
                "batter": 1,
                "extras": 0,
                "total": 1
              }
            },
            {
              "batter": "SW Bates",
              "bowler": "FR Davies",
              "non_striker": "L Winfield-Hill",
              "runs": {
                "batter": 4,
                "extras": 0,
                "total": 4
              }
            },
            {
              "batter": "SW Bates",
              "bowler": "FR Davies",
              "non_striker": "L Winfield-Hill",
              "runs": {
                "batter": 1,
                "extras": 0,
                "total": 1
              }
            }
          ]
        },
        {
          "over": 7,
          "deliveries": [
            {
              "batter": "L Winfield-Hill",
              "bowler": "G Scrivens",
              "non_striker": "SW Bates",
              "runs": {
                "batter": 1,
                "extras": 0,
                "total": 1
              }
            },
            {
              "batter": "SW Bates",
              "bowler": "G Scrivens",
              "non_striker": "L Winfield-Hill",
              "runs": {
                "batter": 0,
                "extras": 0,
                "total": 0
              },
              "wickets": [
                {
                  "player_out": "SW Bates",
                  "fielders": [
                    {
                      "name": "BL Mooney"
                    }
                  ],
                  "kind": "caught"
                }
              ]
            },
            {
              "batter": "A Capsey",
              "bowler": "G Scrivens",
              "non_striker": "L Winfield-Hill",
              "runs": {
                "batter": 0,
                "extras": 0,
                "total": 0
              }
            },
            {
              "batter": "A Capsey",
              "bowler": "G Scrivens",
              "non_striker": "L Winfield-Hill",
              "runs": {
                "batter": 1,
                "extras": 0,
                "total": 1
              }
            },
            {
              "batter": "L Winfield-Hill",
              "bowler": "G Scrivens",
              "non_striker": "A Capsey",
              "runs": {
                "batter": 1,
                "extras": 0,
                "total": 1
              }
            }
          ]
        },
        {
          "over": 8,
          "deliveries": [
            {
              "batter": "L Winfield-Hill",
              "bowler": "CE Dean",
              "non_striker": "A Capsey",
              "runs": {
                "batter": 1,
                "extras": 0,
                "total": 1
              }
            },
            {
              "batter": "A Capsey",
              "bowler": "CE Dean",
              "non_striker": "L Winfield-Hill",
              "runs": {
                "batter": 1,
                "extras": 0,
                "total": 1
              }
            },
            {
              "batter": "L Winfield-Hill",
              "bowler": "CE Dean",
              "non_striker": "A Capsey",
              "runs": {
                "batter": 0,
                "extras": 0,
                "total": 0
              }
            },
            {
              "batter": "L Winfield-Hill",
              "bowler": "CE Dean",
              "non_striker": "A Capsey",
              "runs": {
                "batter": 1,
                "extras": 0,
                "total": 1
              }
            },
            {
              "batter": "A Capsey",
              "bowler": "CE Dean",
              "non_striker": "L Winfield-Hill",
              "runs": {
                "batter": 0,
                "extras": 0,
                "total": 0
              }
            }
          ]
        },
        {
          "over": 9,
          "deliveries": [
            {
              "batter": "A Capsey",
              "bowler": "CE Dean",
              "non_striker": "L Winfield-Hill",
              "runs": {
                "batter": 1,
                "extras": 0,
                "total": 1
              }
            },
            {
              "batter": "L Winfield-Hill",
              "bowler": "CE Dean",
              "non_striker": "A Capsey",
              "runs": {
                "batter": 1,
                "extras": 0,
                "total": 1
              }
            },
            {
              "batter": "A Capsey",
              "bowler": "CE Dean",
              "non_striker": "L Winfield-Hill",
              "runs": {
                "batter": 0,
                "extras": 0,
                "total": 0
              }
            },
            {
              "batter": "A Capsey",
              "bowler": "CE Dean",
              "non_striker": "L Winfield-Hill",
              "runs": {
                "batter": 0,
                "extras": 0,
                "total": 0
              }
            },
            {
              "batter": "A Capsey",
              "bowler": "CE Dean",
              "non_striker": "L Winfield-Hill",
              "runs": {
                "batter": 1,
                "extras": 0,
                "total": 1
              }
            }
          ]
        },
        {
          "over": 10,
          "deliveries": [
            {
              "batter": "A Capsey",
              "bowler": "ML Schutt",
              "non_striker": "L Winfield-Hill",
              "runs": {
                "batter": 1,
                "extras": 0,
                "total": 1
              }
            },
            {
              "batter": "L Winfield-Hill",
              "bowler": "ML Schutt",
              "non_striker": "A Capsey",
              "runs": {
                "batter": 4,
                "extras": 0,
                "total": 4
              }
            },
            {
              "batter": "L Winfield-Hill",
              "bowler": "ML Schutt",
              "non_striker": "A Capsey",
              "runs": {
                "batter": 4,
                "extras": 0,
                "total": 4
              }
            },
            {
              "batter": "L Winfield-Hill",
              "bowler": "ML Schutt",
              "non_striker": "A Capsey",
              "runs": {
                "batter": 1,
                "extras": 0,
                "total": 1
              }
            },
            {
              "batter": "A Capsey",
              "bowler": "ML Schutt",
              "non_striker": "L Winfield-Hill",
              "runs": {
                "batter": 1,
                "extras": 0,
                "total": 1
              }
            }
          ]
        },
        {
          "over": 11,
          "deliveries": [
            {
              "batter": "L Winfield-Hill",
              "bowler": "G Scrivens",
              "non_striker": "A Capsey",
              "runs": {
                "batter": 4,
                "extras": 0,
                "total": 4
              }
            },
            {
              "batter": "L Winfield-Hill",
              "bowler": "G Scrivens",
              "non_striker": "A Capsey",
              "runs": {
                "batter": 0,
                "extras": 0,
                "total": 0
              }
            },
            {
              "batter": "L Winfield-Hill",
              "bowler": "G Scrivens",
              "non_striker": "A Capsey",
              "runs": {
                "batter": 4,
                "extras": 0,
                "total": 4
              }
            }
          ]
        }
      ],
      "powerplays": [
        {
          "from": 0.1,
          "to": 4.5,
          "type": "mandatory"
        }
      ],
      "target": {
        "overs": 20,
        "runs": 81
      }
    }
  ]
}