{
  "meta": {
    "data_version": "1.1.0",
    "created": "2022-08-14",
    "revision": 1
  },
  "info": {
    "balls_per_over": 5,
    "city": "Leeds",
    "dates": [
      "2022-08-14"
    ],
    "event": {
      "name": "The Hundred Women's Competition",
      "match_number": 5
    },
    "gender": "female",
    "match_type": "T20",
    "officials": {
      "match_referees": [
        "SJ Davis"
      ],
      "reserve_umpires": [
        "S McLelland"
      ],
      "tv_umpires": [
        "SJ O'Shaughnessy"
      ],
      "umpires": [
        "CA Polosak",
        "N Pratt"
      ]
    },
    "outcome": {
      "winner": "Northern Superchargers",
      "by": {
        "runs": 5
      }
    },
    "overs": 20,
    "player_of_match": [
      "BAM Heath"
    ],
    "players": {
      "Northern Superchargers": [
        "AJ Healy",
        "JI Rodrigues",
        "BAM Heath",
        "L Wolvaardt",
        "HJ Armitage",
        "AN Davidson-Richards",
        "JL Gunn",
        "LCN Smith",
        "BA Langston",
        "LF Higham",
        "KA Levick"
      ],
      "London Spirit": [
        "BL Mooney",
        "G Scrivens",
        "AC Kerr",
        "DR Gibson",
        "SN Luff",
        "ND Dattani",
        "AZ Monaghan",
        "CE Dean",
        "NAJ Wraith",
        "FR Davies",
        "ML Schutt"
      ]
    },
    "registry": {
      "people": {
        "AC Kerr": "7673c908",
        "AJ Healy": "321644de",
        "AN Davidson-Richards": "35828bdd",
        "AZ Monaghan": "0c694738",
        "BA Langston": "fb192f98",
        "BAM Heath": "3b5a9438",
        "BL Mooney": "52d1dbc8",
        "CA Polosak": "26a360d2",
        "CE Dean": "c6625a26",
        "DR Gibson": "d2763568",
        "FR Davies": "2479daa6",
        "G Scrivens": "7306c48d",
        "HJ Armitage": "f05167d2",
        "JI Rodrigues": "cb08b611",
        "JL Gunn": "907c51ab",
        "KA Levick": "8f30d191",
        "L Wolvaardt": "e60f81c9",
        "LCN Smith": "340202b0",
        "LF Higham": "fbd79b9b",
        "ML Schutt": "17608a6f",
        "N Pratt": "01f65cd3",
        "NAJ Wraith": "1ec1998e",
        "ND Dattani": "13c19f32",
        "S McLelland": "fcc653b8",
        "SJ Davis": "bc71b0b2",
        "SJ O'Shaughnessy": "4d4fdf4a",
        "SN Luff": "e19307f3"
      }
    },
    "season": "2022",
    "team_type": "club",
    "teams": [
      "Northern Superchargers",
      "London Spirit"
    ],
    "toss": {
      "decision": "field",
      "winner": "London Spirit"
    },
    "venue": "Headingley, Leeds"
  },
  "innings": [
    {
      "team": "Northern Superchargers",
      "overs": [
        {
          "over": 0,
          "deliveries": [
            {
              "batter": "AJ Healy",
              "bowler": "CE Dean",
              "non_striker": "JI Rodrigues",
              "runs": {
                "batter": 0,
                "extras": 0,
                "total": 0
              }
            },
            {
              "batter": "AJ Healy",
              "bowler": "CE Dean",
              "non_striker": "JI Rodrigues",
              "runs": {
                "batter": 0,
                "extras": 0,
                "total": 0
              }
            },
            {
              "batter": "AJ Healy",
              "bowler": "CE Dean",
              "non_striker": "JI Rodrigues",
              "runs": {
                "batter": 0,
                "extras": 0,
                "total": 0
              }
            },
            {
              "batter": "AJ Healy",
              "bowler": "CE Dean",
              "non_striker": "JI Rodrigues",
              "runs": {
                "batter": 0,
                "extras": 0,
                "total": 0
              }
            },
            {
              "batter": "AJ Healy",
              "bowler": "CE Dean",
              "non_striker": "JI Rodrigues",
              "runs": {
                "batter": 0,
                "extras": 0,
                "total": 0
              }
            }
          ]
        },
        {
          "over": 1,
          "deliveries": [
            {
              "batter": "AJ Healy",
              "bowler": "ML Schutt",
              "non_striker": "JI Rodrigues",
              "runs": {
                "batter": 4,
                "extras": 0,
                "total": 4
              }
            },
            {
              "batter": "AJ Healy",
              "bowler": "ML Schutt",
              "non_striker": "JI Rodrigues",
              "runs": {
                "batter": 0,
                "extras": 0,
                "total": 0
              }
            },
            {
              "batter": "AJ Healy",
              "bowler": "ML Schutt",
              "non_striker": "JI Rodrigues",
              "runs": {
                "batter": 1,
                "extras": 0,
                "total": 1
              }
            },
            {
              "batter": "JI Rodrigues",
              "bowler": "ML Schutt",
              "non_striker": "AJ Healy",
              "runs": {
                "batter": 0,
                "extras": 0,
                "total": 0
              }
            },
            {
              "batter": "JI Rodrigues",
              "bowler": "ML Schutt",
              "non_striker": "AJ Healy",
              "runs": {
                "batter": 1,
                "extras": 0,
                "total": 1
              }
            }
          ]
        },
        {
          "over": 2,
          "deliveries": [
            {
              "batter": "JI Rodrigues",
              "bowler": "FR Davies",
              "non_striker": "AJ Healy",
              "runs": {
                "batter": 1,
                "extras": 0,
                "total": 1
              }
            },
            {
              "batter": "AJ Healy",
              "bowler": "FR Davies",
              "non_striker": "JI Rodrigues",
              "runs": {
                "batter": 1,
                "extras": 0,
                "total": 1
              }
            },
            {
              "batter": "JI Rodrigues",
              "bowler": "FR Davies",
              "non_striker": "AJ Healy",
              "runs": {
                "batter": 0,
                "extras": 0,
                "total": 0
              }
            },
            {
              "batter": "JI Rodrigues",
              "bowler": "FR Davies",
              "non_striker": "AJ Healy",
              "runs": {
                "batter": 0,
                "extras": 0,
                "total": 0
              },
              "wickets": [
                {
                  "player_out": "JI Rodrigues",
                  "kind": "bowled"
                }
              ]
            },
            {
              "batter": "BAM Heath",
              "bowler": "FR Davies",
              "non_striker": "AJ Healy",
              "runs": {
                "batter": 0,
                "extras": 0,
                "total": 0
              }
            }
          ]
        },
        {
          "over": 3,
          "deliveries": [
            {
              "batter": "BAM Heath",
              "bowler": "CE Dean",
              "non_striker": "AJ Healy",
              "runs": {
                "batter": 0,
                "extras": 0,
                "total": 0
              }
            },
            {
              "batter": "BAM Heath",
              "bowler": "CE Dean",
              "non_striker": "AJ Healy",
              "runs": {
                "batter": 1,
                "extras": 0,
                "total": 1
              }
            },
            {
              "batter": "AJ Healy",
              "bowler": "CE Dean",
              "non_striker": "BAM Heath",
              "runs": {
                "batter": 4,
                "extras": 0,
                "total": 4
              }
            },
            {
              "batter": "AJ Healy",
              "bowler": "CE Dean",
              "non_striker": "BAM Heath",
              "runs": {
                "batter": 0,
                "extras": 0,
                "total": 0
              }
            },
            {
              "batter": "AJ Healy",
              "bowler": "CE Dean",
              "non_striker": "BAM Heath",
              "runs": {
                "batter": 0,
                "extras": 0,
                "total": 0
              }
            }
          ]
        },
        {
          "over": 4,
          "deliveries": [
            {
              "batter": "BAM Heath",
              "bowler": "FR Davies",
              "non_striker": "AJ Healy",
              "runs": {
                "batter": 1,
                "extras": 0,
                "total": 1
              }
            },
            {
              "batter": "AJ Healy",
              "bowler": "FR Davies",
              "non_striker": "BAM Heath",
              "runs": {
                "batter": 6,
                "extras": 0,
                "total": 6
              }
            },
            {
              "batter": "AJ Healy",
              "bowler": "FR Davies",
              "non_striker": "BAM Heath",
              "runs": {
                "batter": 0,
                "extras": 0,
                "total": 0
              }
            },
            {
              "batter": "AJ Healy",
              "bowler": "FR Davies",
              "non_striker": "BAM Heath",
              "runs": {
                "batter": 4,
                "extras": 0,
                "total": 4
              }
            },
            {
              "batter": "AJ Healy",
              "bowler": "FR Davies",
              "non_striker": "BAM Heath",
              "runs": {
                "batter": 2,
                "extras": 0,
                "total": 2
              }
            }
          ]
        },
        {
          "over": 5,
          "deliveries": [
            {
              "batter": "AJ Healy",
              "bowler": "AC Kerr",
              "non_striker": "BAM Heath",
              "runs": {
                "batter": 0,
                "extras": 0,
                "total": 0
              },
              "wickets": [
                {
                  "player_out": "AJ Healy",
                  "fielders": [
                    {
                      "name": "AZ Monaghan"
                    }
                  ],
                  "kind": "caught"
                }
              ]
            },
            {
              "batter": "L Wolvaardt",
              "bowler": "AC Kerr",
              "non_striker": "BAM Heath",
              "runs": {
                "batter": 1,
                "extras": 0,
                "total": 1
              }
            },
            {
              "batter": "BAM Heath",
              "bowler": "AC Kerr",
              "non_striker": "L Wolvaardt",
              "runs": {
                "batter": 0,
                "extras": 0,
                "total": 0
              }
            },
            {
              "batter": "BAM Heath",
              "bowler": "AC Kerr",
              "non_striker": "L Wolvaardt",
              "runs": {
                "batter": 1,
                "extras": 0,
                "total": 1
              }
            },
            {
              "batter": "L Wolvaardt",
              "bowler": "AC Kerr",
              "non_striker": "BAM Heath",
              "runs": {
                "batter": 0,
                "extras": 0,
                "total": 0
              }
            }
          ]
        },
        {
          "over": 6,
          "deliveries": [
            {
              "batter": "BAM Heath",
              "bowler": "DR Gibson",
              "non_striker": "L Wolvaardt",
              "runs": {
                "batter": 0,
                "extras": 0,
                "total": 0
              }
            },
            {
              "batter": "BAM Heath",
              "bowler": "DR Gibson",
              "non_striker": "L Wolvaardt",
              "runs": {
                "batter": 4,
                "extras": 0,
                "total": 4
              }
            },
            {
              "batter": "BAM Heath",
              "bowler": "DR Gibson",
              "non_striker": "L Wolvaardt",
              "runs": {
                "batter": 1,
                "extras": 0,
                "total": 1
              }
            },
            {
              "batter": "L Wolvaardt",
              "bowler": "DR Gibson",
              "non_striker": "BAM Heath",
              "runs": {
                "batter": 0,
                "extras": 0,
                "total": 0
              }
            },
            {
              "batter": "L Wolvaardt",
              "bowler": "DR Gibson",
              "extras": {
                "wides": 1
              },
              "non_striker": "BAM Heath",
              "runs": {
                "batter": 0,
                "extras": 1,
                "total": 1
              }
            },
            {
              "batter": "L Wolvaardt",
              "bowler": "DR Gibson",
              "non_striker": "BAM Heath",
              "runs": {
                "batter": 0,
                "extras": 0,
                "total": 0
              }
            }
          ]
        },
        {
          "over": 7,
          "deliveries": [
            {
              "batter": "L Wolvaardt",
              "bowler": "G Scrivens",
              "non_striker": "BAM Heath",
              "runs": {
                "batter": 1,
                "extras": 0,
                "total": 1
              }
            },
            {
              "batter": "BAM Heath",
              "bowler": "G Scrivens",
              "non_striker": "L Wolvaardt",
              "runs": {
                "batter": 0,
                "extras": 0,
                "total": 0
              }
            },
            {
              "batter": "BAM Heath",
              "bowler": "G Scrivens",
              "non_striker": "L Wolvaardt",
              "runs": {
                "batter": 1,
                "extras": 0,
                "total": 1
              }
            },
            {
              "batter": "L Wolvaardt",
              "bowler": "G Scrivens",
              "non_striker": "BAM Heath",
              "runs": {
                "batter": 1,
                "extras": 0,
                "total": 1
              }
            },
            {
              "batter": "BAM Heath",
              "bowler": "G Scrivens",
              "non_striker": "L Wolvaardt",
              "runs": {
                "batter": 0,
                "extras": 0,
                "total": 0
              }
            }
          ]
        },
        {
          "over": 8,
          "deliveries": [
            {
              "batter": "L Wolvaardt",
              "bowler": "AC Kerr",
              "non_striker": "BAM Heath",
              "runs": {
                "batter": 1,
                "extras": 0,
                "total": 1
              }
            },
            {
              "batter": "BAM Heath",
              "bowler": "AC Kerr",
              "non_striker": "L Wolvaardt",
              "runs": {
                "batter": 4,
                "extras": 0,
                "total": 4
              }
            },
            {
              "batter": "BAM Heath",
              "bowler": "AC Kerr",
              "non_striker": "L Wolvaardt",
              "runs": {
                "batter": 1,
                "extras": 0,
                "total": 1
              }
            },
            {
              "batter": "L Wolvaardt",
              "bowler": "AC Kerr",
              "non_striker": "BAM Heath",
              "runs": {
                "batter": 1,
                "extras": 0,
                "total": 1
              }
            },
            {
              "batter": "BAM Heath",
              "bowler": "AC Kerr",
              "non_striker": "L Wolvaardt",
              "runs": {
                "batter": 0,
                "extras": 0,
                "total": 0
              }
            }
          ]
        },
        {
          "over": 9,
          "deliveries": [
            {
              "batter": "BAM Heath",
              "bowler": "CE Dean",
              "non_striker": "L Wolvaardt",
              "runs": {
                "batter": 4,
                "extras": 0,
                "total": 4
              }
            },
            {
              "batter": "BAM Heath",
              "bowler": "CE Dean",
              "non_striker": "L Wolvaardt",
              "runs": {
                "batter": 0,
                "extras": 0,
                "total": 0
              }
            },
            {
              "batter": "BAM Heath",
              "bowler": "CE Dean",
              "non_striker": "L Wolvaardt",
              "runs": {
                "batter": 1,
                "extras": 0,
                "total": 1
              }
            },
            {
              "batter": "L Wolvaardt",
              "bowler": "CE Dean",
              "non_striker": "BAM Heath",
              "runs": {
                "batter": 1,
                "extras": 0,
                "total": 1
              }
            },
            {
              "batter": "BAM Heath",
              "bowler": "CE Dean",
              "non_striker": "L Wolvaardt",
              "runs": {
                "batter": 4,
                "extras": 0,
                "total": 4
              }
            }
          ]
        },
        {
          "over": 10,
          "deliveries": [
            {
              "batter": "L Wolvaardt",
              "bowler": "DR Gibson",
              "non_striker": "BAM Heath",
              "runs": {
                "batter": 0,
                "extras": 0,
                "total": 0
              }
            },
            {
              "batter": "L Wolvaardt",
              "bowler": "DR Gibson",
              "extras": {
                "wides": 1
              },
              "non_striker": "BAM Heath",
              "runs": {
                "batter": 0,
                "extras": 1,
                "total": 1
              }
            },
            {
              "batter": "L Wolvaardt",
              "bowler": "DR Gibson",
              "non_striker": "BAM Heath",
              "runs": {
                "batter": 1,
                "extras": 0,
                "total": 1
              }
            },
            {
              "batter": "BAM Heath",
              "bowler": "DR Gibson",
              "non_striker": "L Wolvaardt",
              "runs": {
                "batter": 1,
                "extras": 0,
                "total": 1
              }
            },
            {
              "batter": "L Wolvaardt",
              "bowler": "DR Gibson",
              "non_striker": "BAM Heath",
              "runs": {
                "batter": 0,
                "extras": 0,
                "total": 0
              }
            },
            {
              "batter": "L Wolvaardt",
              "bowler": "DR Gibson",
              "non_striker": "BAM Heath",
              "runs": {
                "batter": 0,
                "extras": 0,
                "total": 0
              }
            }
          ]
        },
        {
          "over": 11,
          "deliveries": [
            {
              "batter": "L Wolvaardt",
              "bowler": "AC Kerr",
              "non_striker": "BAM Heath",
              "runs": {
                "batter": 1,
                "extras": 0,
                "total": 1
              }
            },
            {
              "batter": "BAM Heath",
              "bowler": "AC Kerr",
              "non_striker": "L Wolvaardt",
              "runs": {
                "batter": 4,
                "extras": 0,
                "total": 4
              }
            },
            {
              "batter": "BAM Heath",
              "bowler": "AC Kerr",
              "non_striker": "L Wolvaardt",
              "runs": {
                "batter": 4,
                "extras": 0,
                "total": 4
              }
            },
            {
              "batter": "BAM Heath",
              "bowler": "AC Kerr",
              "non_striker": "L Wolvaardt",
              "runs": {
                "batter": 4,
                "extras": 0,
                "total": 4
              }
            },
            {
              "batter": "BAM Heath",
              "bowler": "AC Kerr",
              "non_striker": "L Wolvaardt",
              "runs": {
                "batter": 3,
                "extras": 0,
                "total": 3
              }
            }
          ]
        },
        {
          "over": 12,
          "deliveries": [
            {
              "batter": "BAM Heath",
              "bowler": "ML Schutt",
              "non_striker": "L Wolvaardt",
              "runs": {
                "batter": 1,
                "extras": 0,
                "total": 1
              }
            },
            {
              "batter": "L Wolvaardt",
              "bowler": "ML Schutt",
              "non_striker": "BAM Heath",
              "runs": {
                "batter": 1,
                "extras": 0,
                "total": 1
              }
            },
            {
              "batter": "BAM Heath",
              "bowler": "ML Schutt",
              "non_striker": "L Wolvaardt",
              "runs": {
                "batter": 4,
                "extras": 0,
                "total": 4
              }
            },
            {
              "batter": "BAM Heath",
              "bowler": "ML Schutt",
              "non_striker": "L Wolvaardt",
              "runs": {
                "batter": 4,
                "extras": 0,
                "total": 4
              }
            },
            {
              "batter": "BAM Heath",
              "bowler": "ML Schutt",
              "non_striker": "L Wolvaardt",
              "runs": {
                "batter": 1,
                "extras": 0,
                "total": 1
              }
            }
          ]
        },
        {
          "over": 13,
          "deliveries": [
            {
              "batter": "L Wolvaardt",
              "bowler": "DR Gibson",
              "non_striker": "BAM Heath",
              "runs": {
                "batter": 1,
                "extras": 0,
                "total": 1
              }
            },
            {
              "batter": "BAM Heath",
              "bowler": "DR Gibson",
              "non_striker": "L Wolvaardt",
              "runs": {
                "batter": 1,
                "extras": 0,
                "total": 1
              }
            },
            {
              "batter": "L Wolvaardt",
              "bowler": "DR Gibson",
              "non_striker": "BAM Heath",
              "runs": {
                "batter": 0,
                "extras": 0,
                "total": 0
              }
            },
            {
              "batter": "L Wolvaardt",
              "bowler": "DR Gibson",
              "non_striker": "BAM Heath",
              "runs": {
                "batter": 1,
                "extras": 0,
                "total": 1
              }
            },
            {
              "batter": "BAM Heath",
              "bowler": "DR Gibson",
              "non_striker": "L Wolvaardt",
              "runs": {
                "batter": 0,
                "extras": 0,
                "total": 0
              }
            }
          ]
        },
        {
          "over": 14,
          "deliveries": [
            {
              "batter": "L Wolvaardt",
              "bowler": "CE Dean",
              "non_striker": "BAM Heath",
              "runs": {
                "batter": 1,
                "extras": 0,
                "total": 1
              }
            },
            {
              "batter": "BAM Heath",
              "bowler": "CE Dean",
              "non_striker": "L Wolvaardt",
              "runs": {
                "batter": 6,
                "extras": 0,
                "total": 6
              }
            },
            {
              "batter": "BAM Heath",
              "bowler": "CE Dean",
              "non_striker": "L Wolvaardt",
              "runs": {
                "batter": 0,
                "extras": 0,
                "total": 0
              }
            },
            {
              "batter": "BAM Heath",
              "bowler": "CE Dean",
              "non_striker": "L Wolvaardt",
              "runs": {
                "batter": 1,
                "extras": 0,
                "total": 1
              }
            },
            {
              "batter": "L Wolvaardt",
              "bowler": "CE Dean",
              "non_striker": "BAM Heath",
              "runs": {
                "batter": 1,
                "extras": 0,
                "total": 1
              }
            }
          ]
        },
        {
          "over": 15,
          "deliveries": [
            {
              "batter": "BAM Heath",
              "bowler": "G Scrivens",
              "non_striker": "L Wolvaardt",
              "runs": {
                "batter": 0,
                "extras": 0,
                "total": 0
              },
              "wickets": [
                {
                  "player_out": "BAM Heath",
                  "fielders": [
                    {
                      "name": "NAJ Wraith"
                    }
                  ],
                  "kind": "caught"
                }
              ]
            },
            {
              "batter": "HJ Armitage",
              "bowler": "G Scrivens",
              "non_striker": "L Wolvaardt",
              "runs": {
                "batter": 0,
                "extras": 0,
                "total": 0
              }
            },
            {
              "batter": "HJ Armitage",
              "bowler": "G Scrivens",
              "non_striker": "L Wolvaardt",
              "runs": {
                "batter": 1,
                "extras": 0,
                "total": 1
              }
            },
            {
              "batter": "L Wolvaardt",
              "bowler": "G Scrivens",
              "non_striker": "HJ Armitage",
              "runs": {
                "batter": 0,
                "extras": 0,
                "total": 0
              }
            },
            {
              "batter": "L Wolvaardt",
              "bowler": "G Scrivens",
              "non_striker": "HJ Armitage",
              "runs": {
                "batter": 1,
                "extras": 0,
                "total": 1
              }
            }
          ]
        },
        {
          "over": 16,
          "deliveries": [
            {
              "batter": "L Wolvaardt",
              "bowler": "ML Schutt",
              "non_striker": "HJ Armitage",
              "runs": {
                "batter": 1,
                "extras": 0,
                "total": 1
              }
            },
            {
              "batter": "HJ Armitage",
              "bowler": "ML Schutt",
              "non_striker": "L Wolvaardt",
              "runs": {
                "batter": 1,
                "extras": 0,
                "total": 1
              }
            },
            {
              "batter": "L Wolvaardt",
              "bowler": "ML Schutt",
              "extras": {
                "wides": 2
              },
              "non_striker": "HJ Armitage",
              "runs": {
                "batter": 0,
                "extras": 2,
                "total": 2
              }
            },
            {
              "batter": "HJ Armitage",
              "bowler": "ML Schutt",
              "non_striker": "L Wolvaardt",
              "runs": {
                "batter": 4,
                "extras": 0,
                "total": 4
              }
            },
            {
              "batter": "HJ Armitage",
              "bowler": "ML Schutt",
              "non_striker": "L Wolvaardt",
              "runs": {
                "batter": 4,
                "extras": 0,
                "total": 4
              }
            },
            {
              "batter": "HJ Armitage",
              "bowler": "ML Schutt",
              "non_striker": "L Wolvaardt",
              "runs": {
                "batter": 1,
                "extras": 0,
                "total": 1
              }
            }
          ]
        },
        {
          "over": 17,
          "deliveries": [
            {
              "batter": "L Wolvaardt",
              "bowler": "FR Davies",
              "non_striker": "HJ Armitage",
              "runs": {
                "batter": 1,
                "extras": 0,
                "total": 1
              }
            },
            {
              "batter": "HJ Armitage",
              "bowler": "FR Davies",
              "non_striker": "L Wolvaardt",
              "runs": {
                "batter": 1,
                "extras": 0,
                "total": 1
              }
            },
            {
              "batter": "L Wolvaardt",
              "bowler": "FR Davies",
              "non_striker": "HJ Armitage",
              "runs": {
                "batter": 1,
                "extras": 0,
                "total": 1
              }
            },
            {
              "batter": "HJ Armitage",
              "bowler": "FR Davies",
              "non_striker": "L Wolvaardt",
              "runs": {
                "batter": 2,
                "extras": 0,
                "total": 2
              }
            },
            {
              "batter": "HJ Armitage",
              "bowler": "FR Davies",
              "non_striker": "L Wolvaardt",
              "runs": {
                "batter": 1,
                "extras": 0,
                "total": 1
              }
            }
          ]
        },
        {
          "over": 18,
          "deliveries": [
            {
              "batter": "HJ Armitage",
              "bowler": "AC Kerr",
              "non_striker": "L Wolvaardt",
              "runs": {
                "batter": 1,
                "extras": 0,
                "total": 1
              }
            },
            {
              "batter": "L Wolvaardt",
              "bowler": "AC Kerr",
              "non_striker": "HJ Armitage",
              "runs": {
                "batter": 1,
                "extras": 0,
                "total": 1
              }
            },
            {
              "batter": "HJ Armitage",
              "bowler": "AC Kerr",
              "non_striker": "L Wolvaardt",
              "runs": {
                "batter": 0,
                "extras": 0,
                "total": 0
              }
            },
            {
              "batter": "HJ Armitage",
              "bowler": "AC Kerr",
              "non_striker": "L Wolvaardt",
              "runs": {
                "batter": 0,
                "extras": 0,
                "total": 0
              },
              "wickets": [
                {
                  "player_out": "HJ Armitage",
                  "fielders": [
                    {
                      "name": "ML Schutt"
                    }
                  ],
                  "kind": "caught"
                }
              ]
            },
            {
              "batter": "AN Davidson-Richards",
              "bowler": "AC Kerr",
              "non_striker": "L Wolvaardt",
              "runs": {
                "batter": 0,
                "extras": 0,
                "total": 0
              }
            }
          ]
        },
        {
          "over": 19,
          "deliveries": [
            {
              "batter": "AN Davidson-Richards",
              "bowler": "FR Davies",
              "non_striker": "L Wolvaardt",
              "runs": {
                "batter": 1,
                "extras": 0,
                "total": 1
              }
            },
            {
              "batter": "L Wolvaardt",
              "bowler": "FR Davies",
              "non_striker": "AN Davidson-Richards",
              "runs": {
                "batter": 4,
                "extras": 0,
                "total": 4
              }
            },
            {
              "batter": "L Wolvaardt",
              "bowler": "FR Davies",
              "non_striker": "AN Davidson-Richards",
              "runs": {
                "batter": 1,
                "extras": 0,
                "total": 1
              }
            },
            {
              "batter": "AN Davidson-Richards",
              "bowler": "FR Davies",
              "non_striker": "L Wolvaardt",
              "runs": {
                "batter": 1,
                "extras": 0,
                "total": 1
              }
            },
            {
              "batter": "L Wolvaardt",
              "bowler": "FR Davies",
              "non_striker": "AN Davidson-Richards",
              "runs": {
                "batter": 1,
                "extras": 0,
                "total": 1
              }
            }
          ]
        }
      ],
      "powerplays": [
        {
          "from": 0.1,
          "to": 4.5,
          "type": "mandatory"
        }
      ]
    },
    {
      "team": "London Spirit",
      "overs": [
        {
          "over": 0,
          "deliveries": [
            {
              "batter": "BL Mooney",
              "bowler": "LF Higham",
              "non_striker": "G Scrivens",
              "runs": {
                "batter": 0,
                "extras": 0,
                "total": 0
              }
            },
            {
              "batter": "BL Mooney",
              "bowler": "LF Higham",
              "non_striker": "G Scrivens",
              "runs": {
                "batter": 2,
                "extras": 0,
                "total": 2
              }
            },
            {
              "batter": "BL Mooney",
              "bowler": "LF Higham",
              "non_striker": "G Scrivens",
              "runs": {
                "batter": 4,
                "extras": 0,
                "total": 4
              }
            },
            {
              "batter": "BL Mooney",
              "bowler": "LF Higham",
              "non_striker": "G Scrivens",
              "runs": {
                "batter": 0,
                "extras": 0,
                "total": 0
              }
            },
            {
              "batter": "BL Mooney",
              "bowler": "LF Higham",
              "non_striker": "G Scrivens",
              "runs": {
                "batter": 2,
                "extras": 0,
                "total": 2
              }
            }
          ]
        },
        {
          "over": 1,
          "deliveries": [
            {
              "batter": "BL Mooney",
              "bowler": "BA Langston",
              "non_striker": "G Scrivens",
              "runs": {
                "batter": 4,
                "extras": 0,
                "total": 4
              }
            },
            {
              "batter": "BL Mooney",
              "bowler": "BA Langston",
              "non_striker": "G Scrivens",
              "runs": {
                "batter": 1,
                "extras": 0,
                "total": 1
              }
            },
            {
              "batter": "G Scrivens",
              "bowler": "BA Langston",
              "non_striker": "BL Mooney",
              "runs": {
                "batter": 1,
                "extras": 0,
                "total": 1
              }
            },
            {
              "batter": "BL Mooney",
              "bowler": "BA Langston",
              "non_striker": "G Scrivens",
              "runs": {
                "batter": 0,
                "extras": 0,
                "total": 0
              }
            },
            {
              "batter": "BL Mooney",
              "bowler": "BA Langston",
              "non_striker": "G Scrivens",
              "runs": {
                "batter": 4,
                "extras": 0,
                "total": 4
              }
            }
          ]
        },
        {
          "over": 2,
          "deliveries": [
            {
              "batter": "G Scrivens",
              "bowler": "LF Higham",
              "non_striker": "BL Mooney",
              "runs": {
                "batter": 0,
                "extras": 0,
                "total": 0
              }
            },
            {
              "batter": "G Scrivens",
              "bowler": "LF Higham",
              "non_striker": "BL Mooney",
              "runs": {
                "batter": 4,
                "extras": 0,
                "total": 4
              }
            },
            {
              "batter": "G Scrivens",
              "bowler": "LF Higham",
              "non_striker": "BL Mooney",
              "runs": {
                "batter": 0,
                "extras": 0,
                "total": 0
              }
            },
            {
              "batter": "G Scrivens",
              "bowler": "LF Higham",
              "non_striker": "BL Mooney",
              "runs": {
                "batter": 4,
                "extras": 0,
                "total": 4
              }
            },
            {
              "batter": "G Scrivens",
              "bowler": "LF Higham",
              "non_striker": "BL Mooney",
              "runs": {
                "batter": 0,
                "extras": 0,
                "total": 0
              }
            }
          ]
        },
        {
          "over": 3,
          "deliveries": [
            {
              "batter": "G Scrivens",
              "bowler": "LCN Smith",
              "non_striker": "BL Mooney",
              "runs": {
                "batter": 0,
                "extras": 0,
                "total": 0
              }
            },
            {
              "batter": "G Scrivens",
              "bowler": "LCN Smith",
              "non_striker": "BL Mooney",
              "runs": {
                "batter": 0,
                "extras": 0,
                "total": 0
              }
            },
            {
              "batter": "G Scrivens",
              "bowler": "LCN Smith",
              "non_striker": "BL Mooney",
              "runs": {
                "batter": 1,
                "extras": 0,
                "total": 1
              }
            },
            {
              "batter": "BL Mooney",
              "bowler": "LCN Smith",
              "non_striker": "G Scrivens",
              "runs": {
                "batter": 1,
                "extras": 0,
                "total": 1
              }
            },
            {
              "batter": "G Scrivens",
              "bowler": "LCN Smith",
              "non_striker": "BL Mooney",
              "runs": {
                "batter": 4,
                "extras": 0,
                "total": 4
              }
            }
          ]
        },
        {
          "over": 4,
          "deliveries": [
            {
              "batter": "BL Mooney",
              "bowler": "BA Langston",
              "extras": {
                "wides": 1
              },
              "non_striker": "G Scrivens",
              "runs": {
                "batter": 0,
                "extras": 1,
                "total": 1
              }
            },
            {
              "batter": "BL Mooney",
              "bowler": "BA Langston",
              "non_striker": "G Scrivens",
              "runs": {
                "batter": 1,
                "extras": 0,
                "total": 1
              }
            },
            {
              "batter": "G Scrivens",
              "bowler": "BA Langston",
              "non_striker": "BL Mooney",
              "runs": {
                "batter": 0,
                "extras": 0,
                "total": 0
              }
            },
            {
              "batter": "G Scrivens",
              "bowler": "BA Langston",
              "non_striker": "BL Mooney",
              "runs": {
                "batter": 1,
                "extras": 0,
                "total": 1
              }
            },
            {
              "batter": "BL Mooney",
              "bowler": "BA Langston",
              "non_striker": "G Scrivens",
              "runs": {
                "batter": 0,
                "extras": 0,
                "total": 0
              }
            },
            {
              "batter": "BL Mooney",
              "bowler": "BA Langston",
              "non_striker": "G Scrivens",
              "runs": {
                "batter": 1,
                "extras": 0,
                "total": 1
              }
            }
          ]
        },
        {
          "over": 5,
          "deliveries": [
            {
              "batter": "G Scrivens",
              "bowler": "JL Gunn",
              "non_striker": "BL Mooney",
              "runs": {
                "batter": 1,
                "extras": 0,
                "total": 1
              }
            },
            {
              "batter": "BL Mooney",
              "bowler": "JL Gunn",
              "non_striker": "G Scrivens",
              "runs": {
                "batter": 4,
                "extras": 0,
                "total": 4
              }
            },
            {
              "batter": "BL Mooney",
              "bowler": "JL Gunn",
              "extras": {
                "legbyes": 1
              },
              "non_striker": "G Scrivens",
              "runs": {
                "batter": 0,
                "extras": 1,
                "total": 1
              }
            },
            {
              "batter": "G Scrivens",
              "bowler": "JL Gunn",
              "non_striker": "BL Mooney",
              "runs": {
                "batter": 0,
                "extras": 0,
                "total": 0
              }
            },
            {
              "batter": "G Scrivens",
              "bowler": "JL Gunn",
              "non_striker": "BL Mooney",
              "runs": {
                "batter": 0,
                "extras": 0,
                "total": 0
              }
            }
          ]
        },
        {
          "over": 6,
          "deliveries": [
            {
              "batter": "BL Mooney",
              "bowler": "AN Davidson-Richards",
              "non_striker": "G Scrivens",
              "runs": {
                "batter": 1,
                "extras": 0,
                "total": 1
              }
            },
            {
              "batter": "G Scrivens",
              "bowler": "AN Davidson-Richards",
              "non_striker": "BL Mooney",
              "runs": {
                "batter": 1,
                "extras": 0,
                "total": 1
              }
            },
            {
              "batter": "BL Mooney",
              "bowler": "AN Davidson-Richards",
              "extras": {
                "wides": 1
              },
              "non_striker": "G Scrivens",
              "runs": {
                "batter": 0,
                "extras": 1,
                "total": 1
              }
            },
            {
              "batter": "BL Mooney",
              "bowler": "AN Davidson-Richards",
              "non_striker": "G Scrivens",
              "runs": {
                "batter": 1,
                "extras": 0,
                "total": 1
              }
            },
            {
              "batter": "G Scrivens",
              "bowler": "AN Davidson-Richards",
              "non_striker": "BL Mooney",
              "runs": {
                "batter": 1,
                "extras": 0,
                "total": 1
              }
            },
            {
              "batter": "BL Mooney",
              "bowler": "AN Davidson-Richards",
              "non_striker": "G Scrivens",
              "runs": {
                "batter": 1,
                "extras": 0,
                "total": 1
              }
            }
          ]
        },
        {
          "over": 7,
          "deliveries": [
            {
              "batter": "G Scrivens",
              "bowler": "LCN Smith",
              "non_striker": "BL Mooney",
              "review": {
                "by": "London Spirit",
                "umpire": "N Pratt",
                "batter": "G Scrivens",
                "decision": "struck down"
              },
              "runs": {
                "batter": 0,
                "extras": 0,
                "total": 0
              },
              "wickets": [
                {
                  "player_out": "G Scrivens",
                  "kind": "lbw"
                }
              ]
            },
            {
              "batter": "AC Kerr",
              "bowler": "LCN Smith",
              "non_striker": "BL Mooney",
              "runs": {
                "batter": 0,
                "extras": 0,
                "total": 0
              }
            },
            {
              "batter": "AC Kerr",
              "bowler": "LCN Smith",
              "non_striker": "BL Mooney",
              "runs": {
                "batter": 2,
                "extras": 0,
                "total": 2
              }
            },
            {
              "batter": "AC Kerr",
              "bowler": "LCN Smith",
              "non_striker": "BL Mooney",
              "runs": {
                "batter": 1,
                "extras": 0,
                "total": 1
              }
            },
            {
              "batter": "BL Mooney",
              "bowler": "LCN Smith",
              "non_striker": "AC Kerr",
              "runs": {
                "batter": 2,
                "extras": 0,
                "total": 2
              }
            }
          ]
        },
        {
          "over": 8,
          "deliveries": [
            {
              "batter": "AC Kerr",
              "bowler": "AN Davidson-Richards",
              "non_striker": "BL Mooney",
              "runs": {
                "batter": 1,
                "extras": 0,
                "total": 1
              }
            },
            {
              "batter": "BL Mooney",
              "bowler": "AN Davidson-Richards",
              "non_striker": "AC Kerr",
              "runs": {
                "batter": 1,
                "extras": 0,
                "total": 1
              },
              "wickets": [
                {
                  "player_out": "BL Mooney",
                  "fielders": [
                    {
                      "name": "AJ Healy"
                    },
                    {
                      "name": "BA Langston"
                    }
                  ],
                  "kind": "run out"
                }
              ]
            },
            {
              "batter": "DR Gibson",
              "bowler": "AN Davidson-Richards",
              "non_striker": "AC Kerr",
              "runs": {
                "batter": 0,
                "extras": 0,
                "total": 0
              },
              "wickets": [
                {
                  "player_out": "DR Gibson",
                  "fielders": [
                    {
                      "name": "KA Levick"
                    }
                  ],
                  "kind": "caught"
                }
              ]
            },
            {
              "batter": "SN Luff",
              "bowler": "AN Davidson-Richards",
              "non_striker": "AC Kerr",
              "runs": {
                "batter": 0,
                "extras": 0,
                "total": 0
              }
            },
            {
              "batter": "SN Luff",
              "bowler": "AN Davidson-Richards",
              "non_striker": "AC Kerr",
              "runs": {
                "batter": 0,
                "extras": 0,
                "total": 0
              }
            }
          ]
        },
        {
          "over": 9,
          "deliveries": [
            {
              "batter": "SN Luff",
              "bowler": "BA Langston",
              "non_striker": "AC Kerr",
              "runs": {
                "batter": 0,
                "extras": 0,
                "total": 0
              }
            },
            {
              "batter": "SN Luff",
              "bowler": "BA Langston",
              "non_striker": "AC Kerr",
              "runs": {
                "batter": 0,
                "extras": 0,
                "total": 0
              }
            },
            {
              "batter": "SN Luff",
              "bowler": "BA Langston",
              "non_striker": "AC Kerr",
              "runs": {
                "batter": 1,
                "extras": 0,
                "total": 1
              }
            },
            {
              "batter": "AC Kerr",
              "bowler": "BA Langston",
              "non_striker": "SN Luff",
              "runs": {
                "batter": 0,
                "extras": 0,
                "total": 0
              }
            },
            {
              "batter": "AC Kerr",
              "bowler": "BA Langston",
              "non_striker": "SN Luff",
              "runs": {
                "batter": 1,
                "extras": 0,
                "total": 1
              }
            }
          ]
        },
        {
          "over": 10,
          "deliveries": [
            {
              "batter": "AC Kerr",
              "bowler": "AN Davidson-Richards",
              "non_striker": "SN Luff",
              "runs": {
                "batter": 1,
                "extras": 0,
                "total": 1
              }
            },
            {
              "batter": "SN Luff",
              "bowler": "AN Davidson-Richards",
              "non_striker": "AC Kerr",
              "runs": {
                "batter": 0,
                "extras": 0,
                "total": 0
              }
            },
            {
              "batter": "SN Luff",
              "bowler": "AN Davidson-Richards",
              "non_striker": "AC Kerr",
              "runs": {
                "batter": 0,
                "extras": 0,
                "total": 0
              }
            },
            {
              "batter": "SN Luff",
              "bowler": "AN Davidson-Richards",
              "non_striker": "AC Kerr",
              "runs": {
                "batter": 4,
                "extras": 0,
                "total": 4
              }
            },
            {
              "batter": "SN Luff",
              "bowler": "AN Davidson-Richards",
              "non_striker": "AC Kerr",
              "runs": {
                "batter": 0,
                "extras": 0,
                "total": 0
              }
            }
          ]
        },
        {
          "over": 11,
          "deliveries": [
            {
              "batter": "SN Luff",
              "bowler": "JL Gunn",
              "non_striker": "AC Kerr",
              "runs": {
                "batter": 0,
                "extras": 0,
                "total": 0
              }
            },
            {
              "batter": "SN Luff",
              "bowler": "JL Gunn",
              "non_striker": "AC Kerr",
              "runs": {
                "batter": 4,
                "extras": 0,
                "total": 4
              }
            },
            {
              "batter": "SN Luff",
              "bowler": "JL Gunn",
              "non_striker": "AC Kerr",
              "runs": {
                "batter": 1,
                "extras": 0,
                "total": 1
              }
            },
            {
              "batter": "AC Kerr",
              "bowler": "JL Gunn",
              "non_striker": "SN Luff",
              "runs": {
                "batter": 4,
                "extras": 0,
                "total": 4
              }
            },
            {
              "batter": "AC Kerr",
              "bowler": "JL Gunn",
              "non_striker": "SN Luff",
              "runs": {
                "batter": 4,
                "extras": 0,
                "total": 4
              }
            }
          ]
        },
        {
          "over": 12,
          "deliveries": [
            {
              "batter": "SN Luff",
              "bowler": "LCN Smith",
              "non_striker": "AC Kerr",
              "runs": {
                "batter": 0,
                "extras": 0,
                "total": 0
              }
            },
            {
              "batter": "SN Luff",
              "bowler": "LCN Smith",
              "non_striker": "AC Kerr",
              "runs": {
                "batter": 1,
                "extras": 0,
                "total": 1
              }
            },
            {
              "batter": "AC Kerr",
              "bowler": "LCN Smith",
              "non_striker": "SN Luff",
              "runs": {
                "batter": 1,
                "extras": 0,
                "total": 1
              }
            },
            {
              "batter": "SN Luff",
              "bowler": "LCN Smith",
              "non_striker": "AC Kerr",
              "runs": {
                "batter": 0,
                "extras": 0,
                "total": 0
              }
            },
            {
              "batter": "SN Luff",
              "bowler": "LCN Smith",
              "non_striker": "AC Kerr",
              "runs": {
                "batter": 1,
                "extras": 0,
                "total": 1
              }
            }
          ]
        },
        {
          "over": 13,
          "deliveries": [
            {
              "batter": "AC Kerr",
              "bowler": "KA Levick",
              "non_striker": "SN Luff",
              "runs": {
                "batter": 0,
                "extras": 0,
                "total": 0
              }
            },
            {
              "batter": "AC Kerr",
              "bowler": "KA Levick",
              "non_striker": "SN Luff",
              "runs": {
                "batter": 1,
                "extras": 0,
                "total": 1
              }
            },
            {
              "batter": "SN Luff",
              "bowler": "KA Levick",
              "non_striker": "AC Kerr",
              "runs": {
                "batter": 1,
                "extras": 0,
                "total": 1
              }
            },
            {
              "batter": "AC Kerr",
              "bowler": "KA Levick",
              "non_striker": "SN Luff",
              "runs": {
                "batter": 0,
                "extras": 0,
                "total": 0
              }
            },
            {
              "batter": "AC Kerr",
              "bowler": "KA Levick",
              "non_striker": "SN Luff",
              "runs": {
                "batter": 0,
                "extras": 0,
                "total": 0
              }
            }
          ]
        },
        {
          "over": 14,
          "deliveries": [
            {
              "batter": "SN Luff",
              "bowler": "KA Levick",
              "non_striker": "AC Kerr",
              "runs": {
                "batter": 4,
                "extras": 0,
                "total": 4
              }
            },
            {
              "batter": "SN Luff",
              "bowler": "KA Levick",
              "non_striker": "AC Kerr",
              "runs": {
                "batter": 1,
                "extras": 0,
                "total": 1
              }
            },
            {
              "batter": "AC Kerr",
              "bowler": "KA Levick",
              "non_striker": "SN Luff",
              "runs": {
                "batter": 0,
                "extras": 0,
                "total": 0
              },
              "wickets": [
                {
                  "player_out": "AC Kerr",
                  "fielders": [
                    {
                      "name": "AN Davidson-Richards"
                    }
                  ],
                  "kind": "caught"
                }
              ]
            },
            {
              "batter": "ND Dattani",
              "bowler": "KA Levick",
              "non_striker": "SN Luff",
              "runs": {
                "batter": 0,
                "extras": 0,
                "total": 0
              }
            },
            {
              "batter": "ND Dattani",
              "bowler": "KA Levick",
              "non_striker": "SN Luff",
              "runs": {
                "batter": 1,
                "extras": 0,
                "total": 1
              }
            }
          ]
        },
        {
          "over": 15,
          "deliveries": [
            {
              "batter": "SN Luff",
              "bowler": "LF Higham",
              "non_striker": "ND Dattani",
              "runs": {
                "batter": 1,
                "extras": 0,
                "total": 1
              }
            },
            {
              "batter": "ND Dattani",
              "bowler": "LF Higham",
              "non_striker": "SN Luff",
              "runs": {
                "batter": 0,
                "extras": 0,
                "total": 0
              }
            },
            {
              "batter": "ND Dattani",
              "bowler": "LF Higham",
              "non_striker": "SN Luff",
              "runs": {
                "batter": 1,
                "extras": 0,
                "total": 1
              }
            },
            {
              "batter": "SN Luff",
              "bowler": "LF Higham",
              "non_striker": "ND Dattani",
              "runs": {
                "batter": 1,
                "extras": 0,
                "total": 1
              }
            },
            {
              "batter": "ND Dattani",
              "bowler": "LF Higham",
              "non_striker": "SN Luff",
              "runs": {
                "batter": 1,
                "extras": 0,
                "total": 1
              }
            }
          ]
        },
        {
          "over": 16,
          "deliveries": [
            {
              "batter": "ND Dattani",
              "bowler": "BA Langston",
              "non_striker": "SN Luff",
              "runs": {
                "batter": 1,
                "extras": 0,
                "total": 1
              }
            },
            {
              "batter": "SN Luff",
              "bowler": "BA Langston",
              "non_striker": "ND Dattani",
              "runs": {
                "batter": 1,
                "extras": 0,
                "total": 1
              }
            },
            {
              "batter": "ND Dattani",
              "bowler": "BA Langston",
              "non_striker": "SN Luff",
              "runs": {
                "batter": 1,
                "extras": 0,
                "total": 1
              }
            },
            {
              "batter": "SN Luff",
              "bowler": "BA Langston",
              "non_striker": "ND Dattani",
              "runs": {
                "batter": 4,
                "extras": 0,
                "total": 4
              }
            },
            {
              "batter": "SN Luff",
              "bowler": "BA Langston",
              "non_striker": "ND Dattani",
              "runs": {
                "batter": 0,
                "extras": 0,
                "total": 0
              }
            }
          ]
        },
        {
          "over": 17,
          "deliveries": [
            {
              "batter": "SN Luff",
              "bowler": "LF Higham",
              "non_striker": "ND Dattani",
              "runs": {
                "batter": 6,
                "extras": 0,
                "total": 6
              }
            },
            {
              "batter": "SN Luff",
              "bowler": "LF Higham",
              "non_striker": "ND Dattani",
              "runs": {
                "batter": 1,
                "extras": 0,
                "total": 1
              }
            },
            {
              "batter": "ND Dattani",
              "bowler": "LF Higham",
              "non_striker": "SN Luff",
              "runs": {
                "batter": 0,
                "extras": 0,
                "total": 0
              },
              "wickets": [
                {
                  "player_out": "ND Dattani",
                  "fielders": [
                    {
                      "name": "L Wolvaardt"
                    }
                  ],
                  "kind": "caught"
                }
              ]
            },
            {
              "batter": "AZ Monaghan",
              "bowler": "LF Higham",
              "non_striker": "SN Luff",
              "runs": {
                "batter": 0,
                "extras": 0,
                "total": 0
              }
            },
            {
              "batter": "AZ Monaghan",
              "bowler": "LF Higham",
              "non_striker": "SN Luff",
              "runs": {
                "batter": 1,
                "extras": 0,
                "total": 1
              }
            }
          ]
        },
        {
          "over": 18,
          "deliveries": [
            {
              "batter": "AZ Monaghan",
              "bowler": "LCN Smith",
              "non_striker": "SN Luff",
              "runs": {
                "batter": 2,
                "extras": 0,
                "total": 2
              }
            },
            {
              "batter": "AZ Monaghan",
              "bowler": "LCN Smith",
              "non_striker": "SN Luff",
              "runs": {
                "batter": 1,
                "extras": 0,
                "total": 1
              }
            },
            {
              "batter": "SN Luff",
              "bowler": "LCN Smith",
              "non_striker": "AZ Monaghan",
              "runs": {
                "batter": 4,
                "extras": 0,
                "total": 4
              }
            },
            {
              "batter": "SN Luff",
              "bowler": "LCN Smith",
              "non_striker": "AZ Monaghan",
              "runs": {
                "batter": 1,
                "extras": 0,
                "total": 1
              },
              "wickets": [
                {
                  "player_out": "AZ Monaghan",
                  "fielders": [
                    {
                      "name": "L Wolvaardt"
                    }
                  ],
                  "kind": "run out"
                }
              ]
            },
            {
              "batter": "SN Luff",
              "bowler": "LCN Smith",
              "extras": {
                "wides": 1
              },
              "non_striker": "CE Dean",
              "runs": {
                "batter": 0,
                "extras": 1,
                "total": 1
              }
            },
            {
              "batter": "SN Luff",
              "bowler": "LCN Smith",
              "non_striker": "CE Dean",
              "runs": {
                "batter": 1,
                "extras": 0,
                "total": 1
              }
            }
          ]
        },
        {
          "over": 19,
          "deliveries": [
            {
              "batter": "CE Dean",
              "bowler": "AN Davidson-Richards",
              "non_striker": "SN Luff",
              "runs": {
                "batter": 4,
                "extras": 0,
                "total": 4
              }
            },
            {
              "batter": "CE Dean",
              "bowler": "AN Davidson-Richards",
              "non_striker": "SN Luff",
              "runs": {
                "batter": 1,
                "extras": 0,
                "total": 1
              }
            },
            {
              "batter": "SN Luff",
              "bowler": "AN Davidson-Richards",
              "non_striker": "CE Dean",
              "runs": {
                "batter": 1,
                "extras": 0,
                "total": 1
              }
            },
            {
              "batter": "CE Dean",
              "bowler": "AN Davidson-Richards",
              "non_striker": "SN Luff",
              "runs": {
                "batter": 0,
                "extras": 0,
                "total": 0
              },
              "wickets": [
                {
                  "player_out": "CE Dean",
                  "fielders": [
                    {
                      "name": "BAM Heath"
                    }
                  ],
                  "kind": "caught"
                }
              ]
            },
            {
              "batter": "NAJ Wraith",
              "bowler": "AN Davidson-Richards",
              "non_striker": "SN Luff",
              "runs": {
                "batter": 1,
                "extras": 0,
                "total": 1
              }
            }
          ]
        }
      ],
      "powerplays": [
        {
          "from": 0.1,
          "to": 4.6,
          "type": "mandatory"
        }
      ],
      "target": {
        "overs": 20,
        "runs": 128
      }
    }
  ]
}