{
  "meta": {
    "data_version": "1.1.0",
    "created": "2022-08-05",
    "revision": 1
  },
  "info": {
    "balls_per_over": 5,
    "city": "Manchester",
    "dates": [
      "2022-08-05"
    ],
    "event": {
      "name": "The Hundred Men's Competition",
      "match_number": 3
    },
    "gender": "male",
    "match_type": "T20",
    "officials": {
      "match_referees": [
        "WR Smith"
      ],
      "reserve_umpires": [
        "James Middlebrook"
      ],
      "tv_umpires": [
        "SJ O'Shaughnessy"
      ],
      "umpires": [
        "NA Mallender",
        "RJ Bailey"
      ]
    },
    "outcome": {
      "winner": "Northern Superchargers",
      "by": {
        "wickets": 6
      }
    },
    "overs": 20,
    "player_of_match": [
      "A Lyth"
    ],
    "players": {
      "Manchester Originals": [
        "JC Buttler",
        "PD Salt",
        "WL Madsen",
        "AD Russell",
        "PI Walter",
        "LJ Evans",
        "AJ Turner",
        "SA Abbott",
        "TW Hartley",
        "FJ Klaassen",
        "MW Parkinson"
      ],
      "Northern Superchargers": [
        "A Lyth",
        "F du Plessis",
        "MS Pepper",
        "HC Brook",
        "DJ Willey",
        "D Wiese",
        "AJ Hose",
        "RE van der Merwe",
        "DJ Bravo",
        "MJ Potts",
        "AU Rashid"
      ]
    },
    "registry": {
      "people": {
        "A Lyth": "70b8fd28",
        "AD Russell": "bbd41817",
        "AJ Hose": "104e88a4",
        "AJ Turner": "ff1e12a0",
        "AU Rashid": "249d60c9",
        "D Wiese": "aa8d28ae",
        "DJ Bravo": "87e562a9",
        "DJ Willey": "7f048519",
        "F du Plessis": "3355b542",
        "FJ Klaassen": "c042b412",
        "HC Brook": "4ae1755b",
        "JC Buttler": "99b75528",
        "James Middlebrook": "ddcd1520",
        "LJ Evans": "1c513d54",
        "MJ Potts": "894b2d25",
        "MS Pepper": "270e4c23",
        "MW Parkinson": "19708692",
        "NA Mallender": "3b5dfcd4",
        "PD Salt": "3d284ca3",
        "PI Walter": "57590dbb",
        "RE van der Merwe": "05c2ca46",
        "RJ Bailey": "6bd04fa5",
        "SA Abbott": "1a2676c5",
        "SJ O'Shaughnessy": "4d4fdf4a",
        "TW Hartley": "22b98d7c",
        "WL Madsen": "86e0f3f0",
        "WR Smith": "ad962377"
      }
    },
    "season": "2022",
    "team_type": "club",
    "teams": [
      "Manchester Originals",
      "Northern Superchargers"
    ],
    "toss": {
      "decision": "field",
      "winner": "Northern Superchargers"
    },
    "venue": "Old Trafford, Manchester"
  },
  "innings": [
    {
      "team": "Manchester Originals",
      "overs": [
        {
          "over": 0,
          "deliveries": [
            {
              "batter": "JC Buttler",
              "bowler": "DJ Willey",
              "non_striker": "PD Salt",
              "runs": {
                "batter": 1,
                "extras": 0,
                "total": 1
              }
            },
            {
              "batter": "PD Salt",
              "bowler": "DJ Willey",
              "non_striker": "JC Buttler",
              "runs": {
                "batter": 1,
                "extras": 0,
                "total": 1
              }
            },
            {
              "batter": "JC Buttler",
              "bowler": "DJ Willey",
              "non_striker": "PD Salt",
              "runs": {
                "batter": 0,
                "extras": 0,
                "total": 0
              }
            },
            {
              "batter": "JC Buttler",
              "bowler": "DJ Willey",
              "non_striker": "PD Salt",
              "runs": {
                "batter": 0,
                "extras": 0,
                "total": 0
              }
            },
            {
              "batter": "JC Buttler",
              "bowler": "DJ Willey",
              "non_striker": "PD Salt",
              "runs": {
                "batter": 0,
                "extras": 0,
                "total": 0
              }
            }
          ]
        },
        {
          "over": 1,
          "deliveries": [
            {
              "batter": "JC Buttler",
              "bowler": "MJ Potts",
              "non_striker": "PD Salt",
              "runs": {
                "batter": 2,
                "extras": 0,
                "total": 2
              }
            },
            {
              "batter": "JC Buttler",
              "bowler": "MJ Potts",
              "non_striker": "PD Salt",
              "runs": {
                "batter": 4,
                "extras": 0,
                "total": 4
              }
            },
            {
              "batter": "JC Buttler",
              "bowler": "MJ Potts",
              "non_striker": "PD Salt",
              "runs": {
                "batter": 2,
                "extras": 0,
                "total": 2
              }
            },
            {
              "batter": "JC Buttler",
              "bowler": "MJ Potts",
              "non_striker": "PD Salt",
              "runs": {
                "batter": 4,
                "extras": 0,
                "total": 4
              }
            },
            {
              "batter": "JC Buttler",
              "bowler": "MJ Potts",
              "non_striker": "PD Salt",
              "runs": {
                "batter": 2,
                "extras": 0,
                "total": 2
              }
            }
          ]
        },
        {
          "over": 2,
          "deliveries": [
            {
              "batter": "PD Salt",
              "bowler": "DJ Willey",
              "non_striker": "JC Buttler",
              "runs": {
                "batter": 0,
                "extras": 0,
                "total": 0
              },
              "wickets": [
                {
                  "player_out": "PD Salt",
                  "fielders": [
                    {
                      "name": "HC Brook"
                    }
                  ],
                  "kind": "caught"
                }
              ]
            },
            {
              "batter": "WL Madsen",
              "bowler": "DJ Willey",
              "non_striker": "JC Buttler",
              "runs": {
                "batter": 1,
                "extras": 0,
                "total": 1
              }
            },
            {
              "batter": "JC Buttler",
              "bowler": "DJ Willey",
              "non_striker": "WL Madsen",
              "runs": {
                "batter": 0,
                "extras": 0,
                "total": 0
              }
            },
            {
              "batter": "JC Buttler",
              "bowler": "DJ Willey",
              "non_striker": "WL Madsen",
              "runs": {
                "batter": 4,
                "extras": 0,
                "total": 4
              }
            },
            {
              "batter": "JC Buttler",
              "bowler": "DJ Willey",
              "non_striker": "WL Madsen",
              "runs": {
                "batter": 4,
                "extras": 0,
                "total": 4
              }
            }
          ]
        },
        {
          "over": 3,
          "deliveries": [
            {
              "batter": "JC Buttler",
              "bowler": "RE van der Merwe",
              "non_striker": "WL Madsen",
              "runs": {
                "batter": 1,
                "extras": 0,
                "total": 1
              }
            },
            {
              "batter": "WL Madsen",
              "bowler": "RE van der Merwe",
              "non_striker": "JC Buttler",
              "runs": {
                "batter": 3,
                "extras": 0,
                "total": 3
              }
            },
            {
              "batter": "JC Buttler",
              "bowler": "RE van der Merwe",
              "non_striker": "WL Madsen",
              "runs": {
                "batter": 0,
                "extras": 0,
                "total": 0
              }
            },
            {
              "batter": "JC Buttler",
              "bowler": "RE van der Merwe",
              "non_striker": "WL Madsen",
              "runs": {
                "batter": 0,
                "extras": 0,
                "total": 0
              }
            },
            {
              "batter": "JC Buttler",
              "bowler": "RE van der Merwe",
              "non_striker": "WL Madsen",
              "runs": {
                "batter": 1,
                "extras": 0,
                "total": 1
              }
            }
          ]
        },
        {
          "over": 4,
          "deliveries": [
            {
              "batter": "JC Buttler",
              "bowler": "DJ Bravo",
              "non_striker": "WL Madsen",
              "runs": {
                "batter": 0,
                "extras": 0,
                "total": 0
              }
            },
            {
              "batter": "JC Buttler",
              "bowler": "DJ Bravo",
              "non_striker": "WL Madsen",
              "runs": {
                "batter": 1,
                "extras": 0,
                "total": 1
              }
            },
            {
              "batter": "WL Madsen",
              "bowler": "DJ Bravo",
              "non_striker": "JC Buttler",
              "runs": {
                "batter": 0,
                "extras": 0,
                "total": 0
              }
            },
            {
              "batter": "WL Madsen",
              "bowler": "DJ Bravo",
              "non_striker": "JC Buttler",
              "runs": {
                "batter": 2,
                "extras": 0,
                "total": 2
              }
            },
            {
              "batter": "WL Madsen",
              "bowler": "DJ Bravo",
              "non_striker": "JC Buttler",
              "runs": {
                "batter": 4,
                "extras": 0,
                "total": 4
              }
            }
          ]
        },
        {
          "over": 5,
          "deliveries": [
            {
              "batter": "WL Madsen",
              "bowler": "AU Rashid",
              "non_striker": "JC Buttler",
              "runs": {
                "batter": 0,
                "extras": 0,
                "total": 0
              }
            },
            {
              "batter": "WL Madsen",
              "bowler": "AU Rashid",
              "non_striker": "JC Buttler",
              "runs": {
                "batter": 0,
                "extras": 0,
                "total": 0
              }
            },
            {
              "batter": "WL Madsen",
              "bowler": "AU Rashid",
              "non_striker": "JC Buttler",
              "runs": {
                "batter": 1,
                "extras": 0,
                "total": 1
              }
            },
            {
              "batter": "JC Buttler",
              "bowler": "AU Rashid",
              "non_striker": "WL Madsen",
              "runs": {
                "batter": 2,
                "extras": 0,
                "total": 2
              }
            },
            {
              "batter": "JC Buttler",
              "bowler": "AU Rashid",
              "non_striker": "WL Madsen",
              "runs": {
                "batter": 2,
                "extras": 0,
                "total": 2
              }
            }
          ]
        },
        {
          "over": 6,
          "deliveries": [
            {
              "batter": "WL Madsen",
              "bowler": "RE van der Merwe",
              "non_striker": "JC Buttler",
              "runs": {
                "batter": 6,
                "extras": 0,
                "total": 6
              }
            },
            {
              "batter": "WL Madsen",
              "bowler": "RE van der Merwe",
              "non_striker": "JC Buttler",
              "runs": {
                "batter": 1,
                "extras": 0,
                "total": 1
              }
            },
            {
              "batter": "JC Buttler",
              "bowler": "RE van der Merwe",
              "non_striker": "WL Madsen",
              "runs": {
                "batter": 1,
                "extras": 0,
                "total": 1
              }
            },
            {
              "batter": "WL Madsen",
              "bowler": "RE van der Merwe",
              "non_striker": "JC Buttler",
              "runs": {
                "batter": 1,
                "extras": 0,
                "total": 1
              }
            },
            {
              "batter": "JC Buttler",
              "bowler": "RE van der Merwe",
              "non_striker": "WL Madsen",
              "runs": {
                "batter": 1,
                "extras": 0,
                "total": 1
              }
            }
          ]
        },
        {
          "over": 7,
          "deliveries": [
            {
              "batter": "WL Madsen",
              "bowler": "MJ Potts",
              "non_striker": "JC Buttler",
              "runs": {
                "batter": 4,
                "extras": 0,
                "total": 4
              }
            },
            {
              "batter": "WL Madsen",
              "bowler": "MJ Potts",
              "non_striker": "JC Buttler",
              "runs": {
                "batter": 1,
                "extras": 0,
                "total": 1
              }
            },
            {
              "batter": "JC Buttler",
              "bowler": "MJ Potts",
              "non_striker": "WL Madsen",
              "runs": {
                "batter": 1,
                "extras": 0,
                "total": 1
              }
            },
            {
              "batter": "WL Madsen",
              "bowler": "MJ Potts",
              "non_striker": "JC Buttler",
              "runs": {
                "batter": 3,
                "extras": 0,
                "total": 3
              }
            },
            {
              "batter": "JC Buttler",
              "bowler": "MJ Potts",
              "non_striker": "WL Madsen",
              "runs": {
                "batter": 1,
                "extras": 0,
                "total": 1
              }
            }
          ]
        },
        {
          "over": 8,
          "deliveries": [
            {
              "batter": "JC Buttler",
              "bowler": "D Wiese",
              "non_striker": "WL Madsen",
              "runs": {
                "batter": 0,
                "extras": 0,
                "total": 0
              }
            },
            {
              "batter": "JC Buttler",
              "bowler": "D Wiese",
              "non_striker": "WL Madsen",
              "runs": {
                "batter": 0,
                "extras": 0,
                "total": 0
              }
            },
            {
              "batter": "JC Buttler",
              "bowler": "D Wiese",
              "non_striker": "WL Madsen",
              "runs": {
                "batter": 1,
                "extras": 0,
                "total": 1
              }
            },
            {
              "batter": "WL Madsen",
              "bowler": "D Wiese",
              "non_striker": "JC Buttler",
              "runs": {
                "batter": 1,
                "extras": 0,
                "total": 1
              }
            },
            {
              "batter": "JC Buttler",
              "bowler": "D Wiese",
              "non_striker": "WL Madsen",
              "runs": {
                "batter": 1,
                "extras": 0,
                "total": 1
              }
            }
          ]
        },
        {
          "over": 9,
          "deliveries": [
            {
              "batter": "WL Madsen",
              "bowler": "AU Rashid",
              "non_striker": "JC Buttler",
              "runs": {
                "batter": 1,
                "extras": 0,
                "total": 1
              }
            },
            {
              "batter": "JC Buttler",
              "bowler": "AU Rashid",
              "non_striker": "WL Madsen",
              "runs": {
                "batter": 1,
                "extras": 0,
                "total": 1
              }
            },
            {
              "batter": "WL Madsen",
              "bowler": "AU Rashid",
              "non_striker": "JC Buttler",
              "runs": {
                "batter": 2,
                "extras": 0,
                "total": 2
              }
            },
            {
              "batter": "WL Madsen",
              "bowler": "AU Rashid",
              "non_striker": "JC Buttler",
              "runs": {
                "batter": 1,
                "extras": 0,
                "total": 1
              }
            },
            {
              "batter": "JC Buttler",
              "bowler": "AU Rashid",
              "non_striker": "WL Madsen",
              "runs": {
                "batter": 6,
                "extras": 0,
                "total": 6
              }
            }
          ]
        },
        {
          "over": 10,
          "deliveries": [
            {
              "batter": "WL Madsen",
              "bowler": "DJ Willey",
              "non_striker": "JC Buttler",
              "runs": {
                "batter": 1,
                "extras": 0,
                "total": 1
              }
            },
            {
              "batter": "JC Buttler",
              "bowler": "DJ Willey",
              "extras": {
                "wides": 1
              },
              "non_striker": "WL Madsen",
              "runs": {
                "batter": 0,
                "extras": 1,
                "total": 1
              }
            },
            {
              "batter": "JC Buttler",
              "bowler": "DJ Willey",
              "non_striker": "WL Madsen",
              "runs": {
                "batter": 4,
                "extras": 0,
                "total": 4
              }
            },
            {
              "batter": "JC Buttler",
              "bowler": "DJ Willey",
              "non_striker": "WL Madsen",
              "runs": {
                "batter": 1,
                "extras": 0,
                "total": 1
              }
            },
            {
              "batter": "WL Madsen",
              "bowler": "DJ Willey",
              "non_striker": "JC Buttler",
              "runs": {
                "batter": 1,
                "extras": 0,
                "total": 1
              }
            },
            {
              "batter": "JC Buttler",
              "bowler": "DJ Willey",
              "non_striker": "WL Madsen",
              "runs": {
                "batter": 1,
                "extras": 0,
                "total": 1
              }
            }
          ]
        },
        {
          "over": 11,
          "deliveries": [
            {
              "batter": "WL Madsen",
              "bowler": "D Wiese",
              "non_striker": "JC Buttler",
              "runs": {
                "batter": 4,
                "extras": 0,
                "total": 4
              }
            },
            {
              "batter": "WL Madsen",
              "bowler": "D Wiese",
              "non_striker": "JC Buttler",
              "runs": {
                "batter": 1,
                "extras": 0,
                "total": 1
              }
            },
            {
              "batter": "JC Buttler",
              "bowler": "D Wiese",
              "non_striker": "WL Madsen",
              "runs": {
                "batter": 1,
                "extras": 0,
                "total": 1
              }
            },
            {
              "batter": "WL Madsen",
              "bowler": "D Wiese",
              "non_striker": "JC Buttler",
              "runs": {
                "batter": 1,
                "extras": 0,
                "total": 1
              }
            },
            {
              "batter": "JC Buttler",
              "bowler": "D Wiese",
              "non_striker": "WL Madsen",
              "runs": {
                "batter": 4,
                "extras": 0,
                "total": 4
              }
            }
          ]
        },
        {
          "over": 12,
          "deliveries": [
            {
              "batter": "WL Madsen",
              "bowler": "DJ Willey",
              "non_striker": "JC Buttler",
              "runs": {
                "batter": 1,
                "extras": 0,
                "total": 1
              }
            },
            {
              "batter": "JC Buttler",
              "bowler": "DJ Willey",
              "non_striker": "WL Madsen",
              "runs": {
                "batter": 1,
                "extras": 0,
                "total": 1
              }
            },
            {
              "batter": "WL Madsen",
              "bowler": "DJ Willey",
              "non_striker": "JC Buttler",
              "runs": {
                "batter": 2,
                "extras": 0,
                "total": 2
              }
            },
            {
              "batter": "WL Madsen",
              "bowler": "DJ Willey",
              "non_striker": "JC Buttler",
              "runs": {
                "batter": 0,
                "extras": 0,
                "total": 0
              },
              "wickets": [
                {
                  "player_out": "WL Madsen",
                  "fielders": [
                    {
                      "name": "RE van der Merwe"
                    }
                  ],
                  "kind": "caught"
                }
              ]
            },
            {
              "batter": "AD Russell",
              "bowler": "DJ Willey",
              "non_striker": "JC Buttler",
              "runs": {
                "batter": 0,
                "extras": 0,
                "total": 0
              }
            }
          ]
        },
        {
          "over": 13,
          "deliveries": [
            {
              "batter": "AD Russell",
              "bowler": "DJ Bravo",
              "non_striker": "JC Buttler",
              "runs": {
                "batter": 1,
                "extras": 0,
                "total": 1
              }
            },
            {
              "batter": "JC Buttler",
              "bowler": "DJ Bravo",
              "non_striker": "AD Russell",
              "runs": {
                "batter": 2,
                "extras": 0,
                "total": 2
              }
            },
            {
              "batter": "JC Buttler",
              "bowler": "DJ Bravo",
              "non_striker": "AD Russell",
              "runs": {
                "batter": 1,
                "extras": 0,
                "total": 1
              }
            },
            {
              "batter": "AD Russell",
              "bowler": "DJ Bravo",
              "non_striker": "JC Buttler",
              "runs": {
                "batter": 0,
                "extras": 0,
                "total": 0
              }
            },
            {
              "batter": "AD Russell",
              "bowler": "DJ Bravo",
              "non_striker": "JC Buttler",
              "runs": {
                "batter": 1,
                "extras": 0,
                "total": 1
              }
            }
          ]
        },
        {
          "over": 14,
          "deliveries": [
            {
              "batter": "AD Russell",
              "bowler": "AU Rashid",
              "non_striker": "JC Buttler",
              "runs": {
                "batter": 0,
                "extras": 0,
                "total": 0
              }
            },
            {
              "batter": "AD Russell",
              "bowler": "AU Rashid",
              "non_striker": "JC Buttler",
              "runs": {
                "batter": 1,
                "extras": 0,
                "total": 1
              }
            },
            {
              "batter": "JC Buttler",
              "bowler": "AU Rashid",
              "non_striker": "AD Russell",
              "runs": {
                "batter": 0,
                "extras": 0,
                "total": 0
              }
            },
            {
              "batter": "JC Buttler",
              "bowler": "AU Rashid",
              "non_striker": "AD Russell",
              "runs": {
                "batter": 1,
                "extras": 0,
                "total": 1
              }
            },
            {
              "batter": "AD Russell",
              "bowler": "AU Rashid",
              "extras": {
                "legbyes": 1
              },
              "non_striker": "JC Buttler",
              "runs": {
                "batter": 0,
                "extras": 1,
                "total": 1
              }
            }
          ]
        },
        {
          "over": 15,
          "deliveries": [
            {
              "batter": "JC Buttler",
              "bowler": "AU Rashid",
              "extras": {
                "wides": 1
              },
              "non_striker": "AD Russell",
              "runs": {
                "batter": 0,
                "extras": 1,
                "total": 1
              }
            },
            {
              "batter": "JC Buttler",
              "bowler": "AU Rashid",
              "non_striker": "AD Russell",
              "runs": {
                "batter": 0,
                "extras": 0,
                "total": 0
              },
              "wickets": [
                {
                  "player_out": "JC Buttler",
                  "kind": "bowled"
                }
              ]
            },
            {
              "batter": "PI Walter",
              "bowler": "AU Rashid",
              "non_striker": "AD Russell",
              "runs": {
                "batter": 0,
                "extras": 0,
                "total": 0
              }
            },
            {
              "batter": "PI Walter",
              "bowler": "AU Rashid",
              "non_striker": "AD Russell",
              "runs": {
                "batter": 1,
                "extras": 0,
                "total": 1
              }
            },
            {
              "batter": "AD Russell",
              "bowler": "AU Rashid",
              "non_striker": "PI Walter",
              "runs": {
                "batter": 0,
                "extras": 0,
                "total": 0
              }
            },
            {
              "batter": "AD Russell",
              "bowler": "AU Rashid",
              "non_striker": "PI Walter",
              "runs": {
                "batter": 0,
                "extras": 0,
                "total": 0
              }
            }
          ]
        },
        {
          "over": 16,
          "deliveries": [
            {
              "batter": "PI Walter",
              "bowler": "D Wiese",
              "non_striker": "AD Russell",
              "runs": {
                "batter": 1,
                "extras": 0,
                "total": 1
              }
            },
            {
              "batter": "AD Russell",
              "bowler": "D Wiese",
              "non_striker": "PI Walter",
              "runs": {
                "batter": 0,
                "extras": 0,
                "total": 0
              }
            },
            {
              "batter": "AD Russell",
              "bowler": "D Wiese",
              "non_striker": "PI Walter",
              "runs": {
                "batter": 2,
                "extras": 0,
                "total": 2
              }
            },
            {
              "batter": "AD Russell",
              "bowler": "D Wiese",
              "non_striker": "PI Walter",
              "runs": {
                "batter": 1,
                "extras": 0,
                "total": 1
              }
            },
            {
              "batter": "PI Walter",
              "bowler": "D Wiese",
              "non_striker": "AD Russell",
              "runs": {
                "batter": 6,
                "extras": 0,
                "total": 6
              }
            }
          ]
        },
        {
          "over": 17,
          "deliveries": [
            {
              "batter": "PI Walter",
              "bowler": "DJ Bravo",
              "non_striker": "AD Russell",
              "runs": {
                "batter": 1,
                "extras": 0,
                "total": 1
              }
            },
            {
              "batter": "AD Russell",
              "bowler": "DJ Bravo",
              "non_striker": "PI Walter",
              "runs": {
                "batter": 1,
                "extras": 0,
                "total": 1
              }
            },
            {
              "batter": "PI Walter",
              "bowler": "DJ Bravo",
              "extras": {
                "wides": 1
              },
              "non_striker": "AD Russell",
              "runs": {
                "batter": 0,
                "extras": 1,
                "total": 1
              }
            },
            {
              "batter": "PI Walter",
              "bowler": "DJ Bravo",
              "non_striker": "AD Russell",
              "runs": {
                "batter": 1,
                "extras": 0,
                "total": 1
              }
            },
            {
              "batter": "AD Russell",
              "bowler": "DJ Bravo",
              "non_striker": "PI Walter",
              "runs": {
                "batter": 2,
                "extras": 0,
                "total": 2
              }
            },
            {
              "batter": "AD Russell",
              "bowler": "DJ Bravo",
              "non_striker": "PI Walter",
              "runs": {
                "batter": 6,
                "extras": 0,
                "total": 6
              }
            }
          ]
        },
        {
          "over": 18,
          "deliveries": [
            {
              "batter": "PI Walter",
              "bowler": "D Wiese",
              "extras": {
                "wides": 1
              },
              "non_striker": "AD Russell",
              "runs": {
                "batter": 0,
                "extras": 1,
                "total": 1
              }
            },
            {
              "batter": "PI Walter",
              "bowler": "D Wiese",
              "non_striker": "AD Russell",
              "runs": {
                "batter": 1,
                "extras": 0,
                "total": 1
              }
            },
            {
              "batter": "AD Russell",
              "bowler": "D Wiese",
              "non_striker": "PI Walter",
              "runs": {
                "batter": 6,
                "extras": 0,
                "total": 6
              }
            },
            {
              "batter": "AD Russell",
              "bowler": "D Wiese",
              "non_striker": "PI Walter",
              "runs": {
                "batter": 1,
                "extras": 0,
                "total": 1
              }
            },
            {
              "batter": "PI Walter",
              "bowler": "D Wiese",
              "non_striker": "AD Russell",
              "runs": {
                "batter": 6,
                "extras": 0,
                "total": 6
              }
            },
            {
              "batter": "PI Walter",
              "bowler": "D Wiese",
              "non_striker": "AD Russell",
              "runs": {
                "batter": 6,
                "extras": 0,
                "total": 6
              }
            }
          ]
        },
        {
          "over": 19,
          "deliveries": [
            {
              "batter": "PI Walter",
              "bowler": "DJ Bravo",
              "non_striker": "AD Russell",
              "runs": {
                "batter": 0,
                "extras": 0,
                "total": 0
              },
              "wickets": [
                {
                  "player_out": "PI Walter",
                  "kind": "lbw"
                }
              ]
            },
            {
              "batter": "LJ Evans",
              "bowler": "DJ Bravo",
              "non_striker": "AD Russell",
              "runs": {
                "batter": 1,
                "extras": 0,
                "total": 1
              }
            },
            {
              "batter": "AD Russell",
              "bowler": "DJ Bravo",
              "non_striker": "LJ Evans",
              "runs": {
                "batter": 0,
                "extras": 0,
                "total": 0
              }
            },
            {
              "batter": "AD Russell",
              "bowler": "DJ Bravo",
              "non_striker": "LJ Evans",
              "runs": {
                "batter": 6,
                "extras": 0,
                "total": 6
              }
            },
            {
              "batter": "AD Russell",
              "bowler": "DJ Bravo",
              "non_striker": "LJ Evans",
              "runs": {
                "batter": 1,
                "extras": 0,
                "total": 1
              }
            }
          ]
        }
      ],
      "powerplays": [
        {
          "from": 0.1,
          "to": 4.5,
          "type": "mandatory"
        }
      ]
    },
    {
      "team": "Northern Superchargers",
      "overs": [
        {
          "over": 0,
          "deliveries": [
            {
              "batter": "A Lyth",
              "bowler": "TW Hartley",
              "non_striker": "F du Plessis",
              "runs": {
                "batter": 1,
                "extras": 0,
                "total": 1
              }
            },
            {
              "batter": "F du Plessis",
              "bowler": "TW Hartley",
              "non_striker": "A Lyth",
              "runs": {
                "batter": 0,
                "extras": 0,
                "total": 0
              }
            },
            {
              "batter": "F du Plessis",
              "bowler": "TW Hartley",
              "non_striker": "A Lyth",
              "runs": {
                "batter": 1,
                "extras": 0,
                "total": 1
              }
            },
            {
              "batter": "A Lyth",
              "bowler": "TW Hartley",
              "non_striker": "F du Plessis",
              "runs": {
                "batter": 2,
                "extras": 0,
                "total": 2
              }
            },
            {
              "batter": "A Lyth",
              "bowler": "TW Hartley",
              "non_striker": "F du Plessis",
              "runs": {
                "batter": 4,
                "extras": 0,
                "total": 4
              }
            }
          ]
        },
        {
          "over": 1,
          "deliveries": [
            {
              "batter": "A Lyth",
              "bowler": "FJ Klaassen",
              "non_striker": "F du Plessis",
              "runs": {
                "batter": 4,
                "extras": 0,
                "total": 4
              }
            },
            {
              "batter": "A Lyth",
              "bowler": "FJ Klaassen",
              "non_striker": "F du Plessis",
              "runs": {
                "batter": 0,
                "extras": 0,
                "total": 0
              }
            },
            {
              "batter": "A Lyth",
              "bowler": "FJ Klaassen",
              "non_striker": "F du Plessis",
              "runs": {
                "batter": 1,
                "extras": 0,
                "total": 1
              }
            },
            {
              "batter": "F du Plessis",
              "bowler": "FJ Klaassen",
              "non_striker": "A Lyth",
              "runs": {
                "batter": 0,
                "extras": 0,
                "total": 0
              }
            },
            {
              "batter": "F du Plessis",
              "bowler": "FJ Klaassen",
              "non_striker": "A Lyth",
              "runs": {
                "batter": 1,
                "extras": 0,
                "total": 1
              }
            }
          ]
        },
        {
          "over": 2,
          "deliveries": [
            {
              "batter": "F du Plessis",
              "bowler": "SA Abbott",
              "non_striker": "A Lyth",
              "runs": {
                "batter": 0,
                "extras": 0,
                "total": 0
              }
            },
            {
              "batter": "F du Plessis",
              "bowler": "SA Abbott",
              "non_striker": "A Lyth",
              "runs": {
                "batter": 6,
                "extras": 0,
                "total": 6
              }
            },
            {
              "batter": "F du Plessis",
              "bowler": "SA Abbott",
              "non_striker": "A Lyth",
              "runs": {
                "batter": 0,
                "extras": 0,
                "total": 0
              }
            },
            {
              "batter": "F du Plessis",
              "bowler": "SA Abbott",
              "non_striker": "A Lyth",
              "runs": {
                "batter": 6,
                "extras": 0,
                "total": 6
              }
            },
            {
              "batter": "F du Plessis",
              "bowler": "SA Abbott",
              "extras": {
                "noballs": 2
              },
              "non_striker": "A Lyth",
              "runs": {
                "batter": 1,
                "extras": 2,
                "total": 3
              }
            },
            {
              "batter": "A Lyth",
              "bowler": "SA Abbott",
              "non_striker": "F du Plessis",
              "runs": {
                "batter": 0,
                "extras": 0,
                "total": 0
              }
            }
          ]
        },
        {
          "over": 3,
          "deliveries": [
            {
              "batter": "A Lyth",
              "bowler": "FJ Klaassen",
              "non_striker": "F du Plessis",
              "runs": {
                "batter": 1,
                "extras": 0,
                "total": 1
              }
            },
            {
              "batter": "F du Plessis",
              "bowler": "FJ Klaassen",
              "non_striker": "A Lyth",
              "runs": {
                "batter": 0,
                "extras": 0,
                "total": 0
              }
            },
            {
              "batter": "F du Plessis",
              "bowler": "FJ Klaassen",
              "non_striker": "A Lyth",
              "runs": {
                "batter": 0,
                "extras": 0,
                "total": 0
              },
              "wickets": [
                {
                  "player_out": "F du Plessis",
                  "fielders": [
                    {
                      "name": "AD Russell"
                    }
                  ],
                  "kind": "caught"
                }
              ]
            },
            {
              "batter": "MS Pepper",
              "bowler": "FJ Klaassen",
              "extras": {
                "legbyes": 1
              },
              "non_striker": "A Lyth",
              "runs": {
                "batter": 0,
                "extras": 1,
                "total": 1
              }
            },
            {
              "batter": "A Lyth",
              "bowler": "FJ Klaassen",
              "non_striker": "MS Pepper",
              "runs": {
                "batter": 4,
                "extras": 0,
                "total": 4
              }
            }
          ]
        },
        {
          "over": 4,
          "deliveries": [
            {
              "batter": "MS Pepper",
              "bowler": "SA Abbott",
              "non_striker": "A Lyth",
              "runs": {
                "batter": 4,
                "extras": 0,
                "total": 4
              }
            },
            {
              "batter": "MS Pepper",
              "bowler": "SA Abbott",
              "non_striker": "A Lyth",
              "runs": {
                "batter": 1,
                "extras": 0,
                "total": 1
              }
            },
            {
              "batter": "A Lyth",
              "bowler": "SA Abbott",
              "non_striker": "MS Pepper",
              "runs": {
                "batter": 4,
                "extras": 0,
                "total": 4
              }
            },
            {
              "batter": "A Lyth",
              "bowler": "SA Abbott",
              "non_striker": "MS Pepper",
              "runs": {
                "batter": 0,
                "extras": 0,
                "total": 0
              }
            },
            {
              "batter": "A Lyth",
              "bowler": "SA Abbott",
              "non_striker": "MS Pepper",
              "runs": {
                "batter": 1,
                "extras": 0,
                "total": 1
              }
            }
          ]
        },
        {
          "over": 5,
          "deliveries": [
            {
              "batter": "MS Pepper",
              "bowler": "MW Parkinson",
              "non_striker": "A Lyth",
              "runs": {
                "batter": 1,
                "extras": 0,
                "total": 1
              }
            },
            {
              "batter": "A Lyth",
              "bowler": "MW Parkinson",
              "non_striker": "MS Pepper",
              "runs": {
                "batter": 0,
                "extras": 0,
                "total": 0
              }
            },
            {
              "batter": "A Lyth",
              "bowler": "MW Parkinson",
              "non_striker": "MS Pepper",
              "runs": {
                "batter": 0,
                "extras": 0,
                "total": 0
              }
            },
            {
              "batter": "A Lyth",
              "bowler": "MW Parkinson",
              "non_striker": "MS Pepper",
              "runs": {
                "batter": 1,
                "extras": 0,
                "total": 1
              }
            },
            {
              "batter": "MS Pepper",
              "bowler": "MW Parkinson",
              "non_striker": "A Lyth",
              "runs": {
                "batter": 1,
                "extras": 0,
                "total": 1
              }
            }
          ]
        },
        {
          "over": 6,
          "deliveries": [
            {
              "batter": "MS Pepper",
              "bowler": "AD Russell",
              "non_striker": "A Lyth",
              "runs": {
                "batter": 1,
                "extras": 0,
                "total": 1
              }
            },
            {
              "batter": "A Lyth",
              "bowler": "AD Russell",
              "non_striker": "MS Pepper",
              "runs": {
                "batter": 6,
                "extras": 0,
                "total": 6
              }
            },
            {
              "batter": "A Lyth",
              "bowler": "AD Russell",
              "extras": {
                "wides": 1
              },
              "non_striker": "MS Pepper",
              "runs": {
                "batter": 0,
                "extras": 1,
                "total": 1
              }
            },
            {
              "batter": "A Lyth",
              "bowler": "AD Russell",
              "non_striker": "MS Pepper",
              "runs": {
                "batter": 0,
                "extras": 0,
                "total": 0
              }
            },
            {
              "batter": "A Lyth",
              "bowler": "AD Russell",
              "non_striker": "MS Pepper",
              "runs": {
                "batter": 2,
                "extras": 0,
                "total": 2
              }
            },
            {
              "batter": "A Lyth",
              "bowler": "AD Russell",
              "non_striker": "MS Pepper",
              "runs": {
                "batter": 2,
                "extras": 0,
                "total": 2
              }
            }
          ]
        },
        {
          "over": 7,
          "deliveries": [
            {
              "batter": "A Lyth",
              "bowler": "AJ Turner",
              "non_striker": "MS Pepper",
              "runs": {
                "batter": 1,
                "extras": 0,
                "total": 1
              }
            },
            {
              "batter": "MS Pepper",
              "bowler": "AJ Turner",
              "non_striker": "A Lyth",
              "runs": {
                "batter": 4,
                "extras": 0,
                "total": 4
              }
            },
            {
              "batter": "MS Pepper",
              "bowler": "AJ Turner",
              "non_striker": "A Lyth",
              "runs": {
                "batter": 0,
                "extras": 0,
                "total": 0
              },
              "wickets": [
                {
                  "player_out": "MS Pepper",
                  "fielders": [
                    {
                      "name": "FJ Klaassen"
                    }
                  ],
                  "kind": "caught"
                }
              ]
            },
            {
              "batter": "HC Brook",
              "bowler": "AJ Turner",
              "non_striker": "A Lyth",
              "runs": {
                "batter": 1,
                "extras": 0,
                "total": 1
              }
            },
            {
              "batter": "A Lyth",
              "bowler": "AJ Turner",
              "non_striker": "HC Brook",
              "runs": {
                "batter": 1,
                "extras": 0,
                "total": 1
              }
            }
          ]
        },
        {
          "over": 8,
          "deliveries": [
            {
              "batter": "A Lyth",
              "bowler": "TW Hartley",
              "non_striker": "HC Brook",
              "runs": {
                "batter": 4,
                "extras": 0,
                "total": 4
              }
            },
            {
              "batter": "A Lyth",
              "bowler": "TW Hartley",
              "non_striker": "HC Brook",
              "runs": {
                "batter": 4,
                "extras": 0,
                "total": 4
              }
            },
            {
              "batter": "A Lyth",
              "bowler": "TW Hartley",
              "non_striker": "HC Brook",
              "runs": {
                "batter": 1,
                "extras": 0,
                "total": 1
              }
            },
            {
              "batter": "HC Brook",
              "bowler": "TW Hartley",
              "non_striker": "A Lyth",
              "runs": {
                "batter": 1,
                "extras": 0,
                "total": 1
              }
            },
            {
              "batter": "A Lyth",
              "bowler": "TW Hartley",
              "non_striker": "HC Brook",
              "runs": {
                "batter": 2,
                "extras": 0,
                "total": 2
              }
            }
          ]
        },
        {
          "over": 9,
          "deliveries": [
            {
              "batter": "A Lyth",
              "bowler": "MW Parkinson",
              "non_striker": "HC Brook",
              "runs": {
                "batter": 1,
                "extras": 0,
                "total": 1
              }
            },
            {
              "batter": "HC Brook",
              "bowler": "MW Parkinson",
              "non_striker": "A Lyth",
              "runs": {
                "batter": 1,
                "extras": 0,
                "total": 1
              }
            },
            {
              "batter": "A Lyth",
              "bowler": "MW Parkinson",
              "non_striker": "HC Brook",
              "runs": {
                "batter": 2,
                "extras": 0,
                "total": 2
              }
            },
            {
              "batter": "A Lyth",
              "bowler": "MW Parkinson",
              "non_striker": "HC Brook",
              "runs": {
                "batter": 0,
                "extras": 0,
                "total": 0
              }
            },
            {
              "batter": "A Lyth",
              "bowler": "MW Parkinson",
              "non_striker": "HC Brook",
              "runs": {
                "batter": 2,
                "extras": 0,
                "total": 2
              }
            }
          ]
        },
        {
          "over": 10,
          "deliveries": [
            {
              "batter": "HC Brook",
              "bowler": "AD Russell",
              "non_striker": "A Lyth",
              "runs": {
                "batter": 1,
                "extras": 0,
                "total": 1
              }
            },
            {
              "batter": "A Lyth",
              "bowler": "AD Russell",
              "non_striker": "HC Brook",
              "runs": {
                "batter": 0,
                "extras": 0,
                "total": 0
              },
              "wickets": [
                {
                  "player_out": "A Lyth",
                  "fielders": [
                    {
                      "name": "SA Abbott"
                    }
                  ],
                  "kind": "caught"
                }
              ]
            },
            {
              "batter": "DJ Willey",
              "bowler": "AD Russell",
              "non_striker": "HC Brook",
              "runs": {
                "batter": 0,
                "extras": 0,
                "total": 0
              }
            },
            {
              "batter": "DJ Willey",
              "bowler": "AD Russell",
              "non_striker": "HC Brook",
              "runs": {
                "batter": 0,
                "extras": 0,
                "total": 0
              }
            },
            {
              "batter": "DJ Willey",
              "bowler": "AD Russell",
              "non_striker": "HC Brook",
              "runs": {
                "batter": 2,
                "extras": 0,
                "total": 2
              }
            }
          ]
        },
        {
          "over": 11,
          "deliveries": [
            {
              "batter": "DJ Willey",
              "bowler": "SA Abbott",
              "non_striker": "HC Brook",
              "runs": {
                "batter": 2,
                "extras": 0,
                "total": 2
              }
            },
            {
              "batter": "DJ Willey",
              "bowler": "SA Abbott",
              "non_striker": "HC Brook",
              "runs": {
                "batter": 1,
                "extras": 0,
                "total": 1
              }
            },
            {
              "batter": "HC Brook",
              "bowler": "SA Abbott",
              "non_striker": "DJ Willey",
              "runs": {
                "batter": 2,
                "extras": 0,
                "total": 2
              }
            },
            {
              "batter": "HC Brook",
              "bowler": "SA Abbott",
              "non_striker": "DJ Willey",
              "runs": {
                "batter": 1,
                "extras": 0,
                "total": 1
              }
            },
            {
              "batter": "DJ Willey",
              "bowler": "SA Abbott",
              "non_striker": "HC Brook",
              "runs": {
                "batter": 0,
                "extras": 0,
                "total": 0
              }
            }
          ]
        },
        {
          "over": 12,
          "deliveries": [
            {
              "batter": "HC Brook",
              "bowler": "MW Parkinson",
              "non_striker": "DJ Willey",
              "runs": {
                "batter": 1,
                "extras": 0,
                "total": 1
              }
            },
            {
              "batter": "DJ Willey",
              "bowler": "MW Parkinson",
              "non_striker": "HC Brook",
              "runs": {
                "batter": 1,
                "extras": 0,
                "total": 1
              }
            },
            {
              "batter": "HC Brook",
              "bowler": "MW Parkinson",
              "non_striker": "DJ Willey",
              "runs": {
                "batter": 1,
                "extras": 0,
                "total": 1
              }
            },
            {
              "batter": "DJ Willey",
              "bowler": "MW Parkinson",
              "extras": {
                "wides": 1
              },
              "non_striker": "HC Brook",
              "runs": {
                "batter": 0,
                "extras": 1,
                "total": 1
              }
            },
            {
              "batter": "DJ Willey",
              "bowler": "MW Parkinson",
              "non_striker": "HC Brook",
              "runs": {
                "batter": 1,
                "extras": 0,
                "total": 1
              }
            },
            {
              "batter": "HC Brook",
              "bowler": "MW Parkinson",
              "non_striker": "DJ Willey",
              "runs": {
                "batter": 1,
                "extras": 0,
                "total": 1
              }
            }
          ]
        },
        {
          "over": 13,
          "deliveries": [
            {
              "batter": "DJ Willey",
              "bowler": "TW Hartley",
              "non_striker": "HC Brook",
              "runs": {
                "batter": 0,
                "extras": 0,
                "total": 0
              }
            },
            {
              "batter": "DJ Willey",
              "bowler": "TW Hartley",
              "non_striker": "HC Brook",
              "runs": {
                "batter": 0,
                "extras": 0,
                "total": 0
              }
            },
            {
              "batter": "DJ Willey",
              "bowler": "TW Hartley",
              "non_striker": "HC Brook",
              "runs": {
                "batter": 0,
                "extras": 0,
                "total": 0
              }
            },
            {
              "batter": "DJ Willey",
              "bowler": "TW Hartley",
              "non_striker": "HC Brook",
              "runs": {
                "batter": 2,
                "extras": 0,
                "total": 2
              }
            },
            {
              "batter": "DJ Willey",
              "bowler": "TW Hartley",
              "non_striker": "HC Brook",
              "runs": {
                "batter": 2,
                "extras": 0,
                "total": 2
              }
            }
          ]
        },
        {
          "over": 14,
          "deliveries": [
            {
              "batter": "HC Brook",
              "bowler": "AD Russell",
              "non_striker": "DJ Willey",
              "runs": {
                "batter": 1,
                "extras": 0,
                "total": 1
              }
            },
            {
              "batter": "DJ Willey",
              "bowler": "AD Russell",
              "non_striker": "HC Brook",
              "runs": {
                "batter": 6,
                "extras": 0,
                "total": 6
              }
            },
            {
              "batter": "DJ Willey",
              "bowler": "AD Russell",
              "non_striker": "HC Brook",
              "runs": {
                "batter": 1,
                "extras": 0,
                "total": 1
              }
            },
            {
              "batter": "HC Brook",
              "bowler": "AD Russell",
              "non_striker": "DJ Willey",
              "runs": {
                "batter": 1,
                "extras": 0,
                "total": 1
              }
            },
            {
              "batter": "DJ Willey",
              "bowler": "AD Russell",
              "extras": {
                "wides": 1
              },
              "non_striker": "HC Brook",
              "runs": {
                "batter": 0,
                "extras": 1,
                "total": 1
              }
            },
            {
              "batter": "DJ Willey",
              "bowler": "AD Russell",
              "non_striker": "HC Brook",
              "runs": {
                "batter": 0,
                "extras": 0,
                "total": 0
              }
            }
          ]
        },
        {
          "over": 15,
          "deliveries": [
            {
              "batter": "DJ Willey",
              "bowler": "FJ Klaassen",
              "extras": {
                "legbyes": 1
              },
              "non_striker": "HC Brook",
              "runs": {
                "batter": 0,
                "extras": 1,
                "total": 1
              }
            },
            {
              "batter": "HC Brook",
              "bowler": "FJ Klaassen",
              "non_striker": "DJ Willey",
              "runs": {
                "batter": 1,
                "extras": 0,
                "total": 1
              }
            },
            {
              "batter": "DJ Willey",
              "bowler": "FJ Klaassen",
              "non_striker": "HC Brook",
              "runs": {
                "batter": 6,
                "extras": 0,
                "total": 6
              }
            },
            {
              "batter": "DJ Willey",
              "bowler": "FJ Klaassen",
              "non_striker": "HC Brook",
              "runs": {
                "batter": 4,
                "extras": 0,
                "total": 4
              }
            },
            {
              "batter": "DJ Willey",
              "bowler": "FJ Klaassen",
              "non_striker": "HC Brook",
              "runs": {
                "batter": 1,
                "extras": 0,
                "total": 1
              }
            }
          ]
        },
        {
          "over": 16,
          "deliveries": [
            {
              "batter": "DJ Willey",
              "bowler": "MW Parkinson",
              "non_striker": "HC Brook",
              "runs": {
                "batter": 0,
                "extras": 0,
                "total": 0
              },
              "wickets": [
                {
                  "player_out": "DJ Willey",
                  "fielders": [
                    {
                      "name": "SA Abbott"
                    }
                  ],
                  "kind": "caught"
                }
              ]
            },
            {
              "batter": "D Wiese",
              "bowler": "MW Parkinson",
              "non_striker": "HC Brook",
              "runs": {
                "batter": 1,
                "extras": 0,
                "total": 1
              }
            },
            {
              "batter": "HC Brook",
              "bowler": "MW Parkinson",
              "non_striker": "D Wiese",
              "runs": {
                "batter": 1,
                "extras": 0,
                "total": 1
              }
            },
            {
              "batter": "D Wiese",
              "bowler": "MW Parkinson",
              "non_striker": "HC Brook",
              "runs": {
                "batter": 2,
                "extras": 0,
                "total": 2
              }
            },
            {
              "batter": "D Wiese",
              "bowler": "MW Parkinson",
              "non_striker": "HC Brook",
              "runs": {
                "batter": 1,
                "extras": 0,
                "total": 1
              }
            }
          ]
        },
        {
          "over": 17,
          "deliveries": [
            {
              "batter": "HC Brook",
              "bowler": "TW Hartley",
              "non_striker": "D Wiese",
              "runs": {
                "batter": 2,
                "extras": 0,
                "total": 2
              }
            },
            {
              "batter": "HC Brook",
              "bowler": "TW Hartley",
              "non_striker": "D Wiese",
              "runs": {
                "batter": 2,
                "extras": 0,
                "total": 2
              }
            },
            {
              "batter": "HC Brook",
              "bowler": "TW Hartley",
              "non_striker": "D Wiese",
              "runs": {
                "batter": 6,
                "extras": 0,
                "total": 6
              }
            },
            {
              "batter": "HC Brook",
              "bowler": "TW Hartley",
              "non_striker": "D Wiese",
              "runs": {
                "batter": 2,
                "extras": 0,
                "total": 2
              }
            },
            {
              "batter": "HC Brook",
              "bowler": "TW Hartley",
              "non_striker": "D Wiese",
              "runs": {
                "batter": 6,
                "extras": 0,
                "total": 6
              }
            }
          ]
        },
        {
          "over": 18,
          "deliveries": [
            {
              "batter": "D Wiese",
              "bowler": "SA Abbott",
              "non_striker": "HC Brook",
              "runs": {
                "batter": 1,
                "extras": 0,
                "total": 1
              }
            },
            {
              "batter": "HC Brook",
              "bowler": "SA Abbott",
              "non_striker": "D Wiese",
              "runs": {
                "batter": 1,
                "extras": 0,
                "total": 1
              }
            },
            {
              "batter": "D Wiese",
              "bowler": "SA Abbott",
              "non_striker": "HC Brook",
              "runs": {
                "batter": 6,
                "extras": 0,
                "total": 6
              }
            },
            {
              "batter": "D Wiese",
              "bowler": "SA Abbott",
              "non_striker": "HC Brook",
              "runs": {
                "batter": 4,
                "extras": 0,
                "total": 4
              }
            }
          ]
        }
      ],
      "powerplays": [
        {
          "from": 0.1,
          "to": 4.5,
          "type": "mandatory"
        }
      ],
      "target": {
        "overs": 20,
        "runs": 162
      }
    }
  ]
}