{
  "meta": {
    "data_version": "1.1.0",
    "created": "2022-08-22",
    "revision": 1
  },
  "info": {
    "balls_per_over": 5,
    "city": "Cardiff",
    "dates": [
      "2022-08-22"
    ],
    "event": {
      "name": "The Hundred Women's Competition",
      "match_number": 14
    },
    "gender": "female",
    "match_type": "T20",
    "officials": {
      "match_referees": [
        "WR Smith"
      ],
      "reserve_umpires": [
        "G Bambury"
      ],
      "tv_umpires": [
        "NL Bainton"
      ],
      "umpires": [
        "J Naeem",
        "Mark Newell"
      ]
    },
    "outcome": {
      "winner": "Southern Brave",
      "by": {
        "runs": 14
      }
    },
    "overs": 20,
    "player_of_match": [
      "SIR Dunkley"
    ],
    "players": {
      "Southern Brave": [
        "DN Wyatt",
        "S Mandhana",
        "SIR Dunkley",
        "TM McGrath",
        "ME Bouchier",
        "GL Adams",
        "FG Kemp",
        "A Wellington",
        "A Shrubsole",
        "LK Bell",
        "CE Rudd"
      ],
      "Welsh Fire": [
        "TT Beaumont",
        "HK Matthews",
        "A Sutherland",
        "FC Wilson",
        "NJ Carey",
        "SJ Bryce",
        "KL George",
        "L Filer",
        "C Nicholas",
        "HL Baker",
        "A Hartley"
      ]
    },
    "registry": {
      "people": {
        "A Hartley": "53d50717",
        "A Shrubsole": "32497ecd",
        "A Sutherland": "65d9b6b6",
        "A Wellington": "9b3bcca4",
        "C Nicholas": "efc40724",
        "CE Rudd": "290af2b3",
        "DN Wyatt": "a139c379",
        "FC Wilson": "a28132bd",
        "FG Kemp": "abc9f8a4",
        "G Bambury": "a8e0ed6a",
        "GL Adams": "7b1f2542",
        "HK Matthews": "d32cf49a",
        "HL Baker": "cefad9fd",
        "J Naeem": "0dc3fee0",
        "KL George": "e69dbbef",
        "L Filer": "31adb911",
        "LK Bell": "38b4583c",
        "ME Bouchier": "c2554b59",
        "Mark Newell": "b33f0fa1",
        "NJ Carey": "dff806f4",
        "NL Bainton": "cd219cb3",
        "S Mandhana": "5d2eda89",
        "SIR Dunkley": "3a9e9cb2",
        "SJ Bryce": "2ca65aee",
        "TM McGrath": "ca5acfa4",
        "TT Beaumont": "b2664905",
        "WR Smith": "ad962377"
      }
    },
    "season": "2022",
    "team_type": "club",
    "teams": [
      "Southern Brave",
      "Welsh Fire"
    ],
    "toss": {
      "decision": "field",
      "winner": "Welsh Fire"
    },
    "venue": "Sophia Gardens, Cardiff"
  },
  "innings": [
    {
      "team": "Southern Brave",
      "overs": [
        {
          "over": 0,
          "deliveries": [
            {
              "batter": "DN Wyatt",
              "bowler": "C Nicholas",
              "non_striker": "S Mandhana",
              "runs": {
                "batter": 2,
                "extras": 0,
                "total": 2
              }
            },
            {
              "batter": "DN Wyatt",
              "bowler": "C Nicholas",
              "extras": {
                "noballs": 2
              },
              "non_striker": "S Mandhana",
              "runs": {
                "batter": 4,
                "extras": 2,
                "total": 6
              }
            },
            {
              "batter": "DN Wyatt",
              "bowler": "C Nicholas",
              "non_striker": "S Mandhana",
              "runs": {
                "batter": 1,
                "extras": 0,
                "total": 1
              }
            },
            {
              "batter": "S Mandhana",
              "bowler": "C Nicholas",
              "non_striker": "DN Wyatt",
              "runs": {
                "batter": 0,
                "extras": 0,
                "total": 0
              }
            },
            {
              "batter": "S Mandhana",
              "bowler": "C Nicholas",
              "non_striker": "DN Wyatt",
              "runs": {
                "batter": 4,
                "extras": 0,
                "total": 4
              }
            },
            {
              "batter": "S Mandhana",
              "bowler": "C Nicholas",
              "non_striker": "DN Wyatt",
              "runs": {
                "batter": 1,
                "extras": 0,
                "total": 1
              }
            }
          ]
        },
        {
          "over": 1,
          "deliveries": [
            {
              "batter": "DN Wyatt",
              "bowler": "L Filer",
              "non_striker": "S Mandhana",
              "runs": {
                "batter": 1,
                "extras": 0,
                "total": 1
              }
            },
            {
              "batter": "S Mandhana",
              "bowler": "L Filer",
              "non_striker": "DN Wyatt",
              "runs": {
                "batter": 0,
                "extras": 0,
                "total": 0
              }
            },
            {
              "batter": "S Mandhana",
              "bowler": "L Filer",
              "extras": {
                "byes": 1
              },
              "non_striker": "DN Wyatt",
              "runs": {
                "batter": 0,
                "extras": 1,
                "total": 1
              }
            },
            {
              "batter": "DN Wyatt",
              "bowler": "L Filer",
              "non_striker": "S Mandhana",
              "runs": {
                "batter": 0,
                "extras": 0,
                "total": 0
              }
            },
            {
              "batter": "DN Wyatt",
              "bowler": "L Filer",
              "non_striker": "S Mandhana",
              "runs": {
                "batter": 4,
                "extras": 0,
                "total": 4
              }
            }
          ]
        },
        {
          "over": 2,
          "deliveries": [
            {
              "batter": "S Mandhana",
              "bowler": "A Sutherland",
              "non_striker": "DN Wyatt",
              "runs": {
                "batter": 4,
                "extras": 0,
                "total": 4
              }
            },
            {
              "batter": "S Mandhana",
              "bowler": "A Sutherland",
              "non_striker": "DN Wyatt",
              "runs": {
                "batter": 4,
                "extras": 0,
                "total": 4
              }
            },
            {
              "batter": "S Mandhana",
              "bowler": "A Sutherland",
              "non_striker": "DN Wyatt",
              "runs": {
                "batter": 0,
                "extras": 0,
                "total": 0
              }
            },
            {
              "batter": "S Mandhana",
              "bowler": "A Sutherland",
              "non_striker": "DN Wyatt",
              "runs": {
                "batter": 0,
                "extras": 0,
                "total": 0
              },
              "wickets": [
                {
                  "player_out": "S Mandhana",
                  "fielders": [
                    {
                      "name": "NJ Carey"
                    }
                  ],
                  "kind": "caught"
                }
              ]
            },
            {
              "batter": "SIR Dunkley",
              "bowler": "A Sutherland",
              "non_striker": "DN Wyatt",
              "runs": {
                "batter": 0,
                "extras": 0,
                "total": 0
              }
            }
          ]
        },
        {
          "over": 3,
          "deliveries": [
            {
              "batter": "SIR Dunkley",
              "bowler": "A Hartley",
              "non_striker": "DN Wyatt",
              "runs": {
                "batter": 0,
                "extras": 0,
                "total": 0
              }
            },
            {
              "batter": "SIR Dunkley",
              "bowler": "A Hartley",
              "non_striker": "DN Wyatt",
              "runs": {
                "batter": 0,
                "extras": 0,
                "total": 0
              }
            },
            {
              "batter": "SIR Dunkley",
              "bowler": "A Hartley",
              "non_striker": "DN Wyatt",
              "runs": {
                "batter": 1,
                "extras": 0,
                "total": 1
              }
            },
            {
              "batter": "DN Wyatt",
              "bowler": "A Hartley",
              "non_striker": "SIR Dunkley",
              "runs": {
                "batter": 1,
                "extras": 0,
                "total": 1
              }
            },
            {
              "batter": "SIR Dunkley",
              "bowler": "A Hartley",
              "non_striker": "DN Wyatt",
              "runs": {
                "batter": 0,
                "extras": 0,
                "total": 0
              }
            }
          ]
        },
        {
          "over": 4,
          "deliveries": [
            {
              "batter": "DN Wyatt",
              "bowler": "L Filer",
              "extras": {
                "wides": 1
              },
              "non_striker": "SIR Dunkley",
              "runs": {
                "batter": 0,
                "extras": 1,
                "total": 1
              }
            },
            {
              "batter": "DN Wyatt",
              "bowler": "L Filer",
              "non_striker": "SIR Dunkley",
              "runs": {
                "batter": 1,
                "extras": 0,
                "total": 1
              }
            },
            {
              "batter": "SIR Dunkley",
              "bowler": "L Filer",
              "non_striker": "DN Wyatt",
              "runs": {
                "batter": 4,
                "extras": 0,
                "total": 4
              }
            },
            {
              "batter": "SIR Dunkley",
              "bowler": "L Filer",
              "non_striker": "DN Wyatt",
              "runs": {
                "batter": 4,
                "extras": 0,
                "total": 4
              }
            },
            {
              "batter": "SIR Dunkley",
              "bowler": "L Filer",
              "non_striker": "DN Wyatt",
              "runs": {
                "batter": 0,
                "extras": 0,
                "total": 0
              }
            },
            {
              "batter": "SIR Dunkley",
              "bowler": "L Filer",
              "non_striker": "DN Wyatt",
              "runs": {
                "batter": 0,
                "extras": 0,
                "total": 0
              }
            }
          ]
        },
        {
          "over": 5,
          "deliveries": [
            {
              "batter": "SIR Dunkley",
              "bowler": "A Hartley",
              "non_striker": "DN Wyatt",
              "runs": {
                "batter": 2,
                "extras": 0,
                "total": 2
              }
            },
            {
              "batter": "SIR Dunkley",
              "bowler": "A Hartley",
              "non_striker": "DN Wyatt",
              "runs": {
                "batter": 0,
                "extras": 0,
                "total": 0
              }
            },
            {
              "batter": "SIR Dunkley",
              "bowler": "A Hartley",
              "non_striker": "DN Wyatt",
              "runs": {
                "batter": 1,
                "extras": 0,
                "total": 1
              }
            },
            {
              "batter": "DN Wyatt",
              "bowler": "A Hartley",
              "non_striker": "SIR Dunkley",
              "runs": {
                "batter": 1,
                "extras": 0,
                "total": 1
              }
            },
            {
              "batter": "SIR Dunkley",
              "bowler": "A Hartley",
              "extras": {
                "legbyes": 1
              },
              "non_striker": "DN Wyatt",
              "runs": {
                "batter": 0,
                "extras": 1,
                "total": 1
              }
            }
          ]
        },
        {
          "over": 6,
          "deliveries": [
            {
              "batter": "SIR Dunkley",
              "bowler": "NJ Carey",
              "non_striker": "DN Wyatt",
              "runs": {
                "batter": 0,
                "extras": 0,
                "total": 0
              }
            },
            {
              "batter": "SIR Dunkley",
              "bowler": "NJ Carey",
              "non_striker": "DN Wyatt",
              "runs": {
                "batter": 0,
                "extras": 0,
                "total": 0
              }
            },
            {
              "batter": "SIR Dunkley",
              "bowler": "NJ Carey",
              "non_striker": "DN Wyatt",
              "runs": {
                "batter": 1,
                "extras": 0,
                "total": 1
              }
            },
            {
              "batter": "DN Wyatt",
              "bowler": "NJ Carey",
              "extras": {
                "legbyes": 1
              },
              "non_striker": "SIR Dunkley",
              "runs": {
                "batter": 0,
                "extras": 1,
                "total": 1
              }
            },
            {
              "batter": "SIR Dunkley",
              "bowler": "NJ Carey",
              "non_striker": "DN Wyatt",
              "runs": {
                "batter": 1,
                "extras": 0,
                "total": 1
              }
            }
          ]
        },
        {
          "over": 7,
          "deliveries": [
            {
              "batter": "DN Wyatt",
              "bowler": "HL Baker",
              "non_striker": "SIR Dunkley",
              "runs": {
                "batter": 1,
                "extras": 0,
                "total": 1
              }
            },
            {
              "batter": "SIR Dunkley",
              "bowler": "HL Baker",
              "non_striker": "DN Wyatt",
              "runs": {
                "batter": 0,
                "extras": 0,
                "total": 0
              }
            },
            {
              "batter": "SIR Dunkley",
              "bowler": "HL Baker",
              "non_striker": "DN Wyatt",
              "runs": {
                "batter": 1,
                "extras": 0,
                "total": 1
              }
            },
            {
              "batter": "DN Wyatt",
              "bowler": "HL Baker",
              "non_striker": "SIR Dunkley",
              "runs": {
                "batter": 0,
                "extras": 0,
                "total": 0
              },
              "wickets": [
                {
                  "player_out": "DN Wyatt",
                  "fielders": [
                    {
                      "name": "SJ Bryce"
                    }
                  ],
                  "kind": "stumped"
                }
              ]
            },
            {
              "batter": "TM McGrath",
              "bowler": "HL Baker",
              "non_striker": "SIR Dunkley",
              "runs": {
                "batter": 1,
                "extras": 0,
                "total": 1
              }
            }
          ]
        },
        {
          "over": 8,
          "deliveries": [
            {
              "batter": "TM McGrath",
              "bowler": "HL Baker",
              "non_striker": "SIR Dunkley",
              "runs": {
                "batter": 0,
                "extras": 0,
                "total": 0
              }
            },
            {
              "batter": "TM McGrath",
              "bowler": "HL Baker",
              "non_striker": "SIR Dunkley",
              "runs": {
                "batter": 0,
                "extras": 0,
                "total": 0
              }
            },
            {
              "batter": "TM McGrath",
              "bowler": "HL Baker",
              "non_striker": "SIR Dunkley",
              "runs": {
                "batter": 0,
                "extras": 0,
                "total": 0
              }
            },
            {
              "batter": "TM McGrath",
              "bowler": "HL Baker",
              "non_striker": "SIR Dunkley",
              "runs": {
                "batter": 1,
                "extras": 0,
                "total": 1
              }
            },
            {
              "batter": "SIR Dunkley",
              "bowler": "HL Baker",
              "non_striker": "TM McGrath",
              "runs": {
                "batter": 4,
                "extras": 0,
                "total": 4
              }
            }
          ]
        },
        {
          "over": 9,
          "deliveries": [
            {
              "batter": "SIR Dunkley",
              "bowler": "HK Matthews",
              "non_striker": "TM McGrath",
              "runs": {
                "batter": 0,
                "extras": 0,
                "total": 0
              }
            },
            {
              "batter": "SIR Dunkley",
              "bowler": "HK Matthews",
              "non_striker": "TM McGrath",
              "runs": {
                "batter": 1,
                "extras": 0,
                "total": 1
              }
            },
            {
              "batter": "TM McGrath",
              "bowler": "HK Matthews",
              "non_striker": "SIR Dunkley",
              "runs": {
                "batter": 1,
                "extras": 0,
                "total": 1
              }
            },
            {
              "batter": "SIR Dunkley",
              "bowler": "HK Matthews",
              "non_striker": "TM McGrath",
              "runs": {
                "batter": 1,
                "extras": 0,
                "total": 1
              }
            },
            {
              "batter": "TM McGrath",
              "bowler": "HK Matthews",
              "non_striker": "SIR Dunkley",
              "runs": {
                "batter": 1,
                "extras": 0,
                "total": 1
              }
            }
          ]
        },
        {
          "over": 10,
          "deliveries": [
            {
              "batter": "TM McGrath",
              "bowler": "HL Baker",
              "non_striker": "SIR Dunkley",
              "runs": {
                "batter": 2,
                "extras": 0,
                "total": 2
              }
            },
            {
              "batter": "TM McGrath",
              "bowler": "HL Baker",
              "non_striker": "SIR Dunkley",
              "runs": {
                "batter": 0,
                "extras": 0,
                "total": 0
              }
            },
            {
              "batter": "TM McGrath",
              "bowler": "HL Baker",
              "non_striker": "SIR Dunkley",
              "runs": {
                "batter": 1,
                "extras": 0,
                "total": 1
              }
            },
            {
              "batter": "SIR Dunkley",
              "bowler": "HL Baker",
              "non_striker": "TM McGrath",
              "runs": {
                "batter": 4,
                "extras": 0,
                "total": 4
              }
            },
            {
              "batter": "SIR Dunkley",
              "bowler": "HL Baker",
              "non_striker": "TM McGrath",
              "runs": {
                "batter": 1,
                "extras": 0,
                "total": 1
              }
            }
          ]
        },
        {
          "over": 11,
          "deliveries": [
            {
              "batter": "TM McGrath",
              "bowler": "C Nicholas",
              "non_striker": "SIR Dunkley",
              "runs": {
                "batter": 0,
                "extras": 0,
                "total": 0
              }
            },
            {
              "batter": "TM McGrath",
              "bowler": "C Nicholas",
              "non_striker": "SIR Dunkley",
              "runs": {
                "batter": 0,
                "extras": 0,
                "total": 0
              },
              "wickets": [
                {
                  "player_out": "TM McGrath",
                  "kind": "bowled"
                }
              ]
            },
            {
              "batter": "ME Bouchier",
              "bowler": "C Nicholas",
              "non_striker": "SIR Dunkley",
              "runs": {
                "batter": 1,
                "extras": 0,
                "total": 1
              }
            },
            {
              "batter": "SIR Dunkley",
              "bowler": "C Nicholas",
              "non_striker": "ME Bouchier",
              "runs": {
                "batter": 1,
                "extras": 0,
                "total": 1
              }
            },
            {
              "batter": "ME Bouchier",
              "bowler": "C Nicholas",
              "non_striker": "SIR Dunkley",
              "runs": {
                "batter": 1,
                "extras": 0,
                "total": 1
              }
            }
          ]
        },
        {
          "over": 12,
          "deliveries": [
            {
              "batter": "ME Bouchier",
              "bowler": "A Hartley",
              "non_striker": "SIR Dunkley",
              "runs": {
                "batter": 0,
                "extras": 0,
                "total": 0
              }
            },
            {
              "batter": "ME Bouchier",
              "bowler": "A Hartley",
              "non_striker": "SIR Dunkley",
              "runs": {
                "batter": 0,
                "extras": 0,
                "total": 0
              },
              "wickets": [
                {
                  "player_out": "ME Bouchier",
                  "fielders": [
                    {
                      "name": "TT Beaumont"
                    }
                  ],
                  "kind": "caught"
                }
              ]
            },
            {
              "batter": "GL Adams",
              "bowler": "A Hartley",
              "non_striker": "SIR Dunkley",
              "runs": {
                "batter": 1,
                "extras": 0,
                "total": 1
              }
            },
            {
              "batter": "SIR Dunkley",
              "bowler": "A Hartley",
              "non_striker": "GL Adams",
              "runs": {
                "batter": 0,
                "extras": 0,
                "total": 0
              }
            },
            {
              "batter": "SIR Dunkley",
              "bowler": "A Hartley",
              "non_striker": "GL Adams",
              "runs": {
                "batter": 1,
                "extras": 0,
                "total": 1
              }
            }
          ]
        },
        {
          "over": 13,
          "deliveries": [
            {
              "batter": "GL Adams",
              "bowler": "HL Baker",
              "non_striker": "SIR Dunkley",
              "runs": {
                "batter": 0,
                "extras": 0,
                "total": 0
              }
            },
            {
              "batter": "GL Adams",
              "bowler": "HL Baker",
              "non_striker": "SIR Dunkley",
              "runs": {
                "batter": 1,
                "extras": 0,
                "total": 1
              }
            },
            {
              "batter": "SIR Dunkley",
              "bowler": "HL Baker",
              "non_striker": "GL Adams",
              "runs": {
                "batter": 2,
                "extras": 0,
                "total": 2
              }
            },
            {
              "batter": "SIR Dunkley",
              "bowler": "HL Baker",
              "non_striker": "GL Adams",
              "runs": {
                "batter": 1,
                "extras": 0,
                "total": 1
              }
            },
            {
              "batter": "GL Adams",
              "bowler": "HL Baker",
              "non_striker": "SIR Dunkley",
              "runs": {
                "batter": 1,
                "extras": 0,
                "total": 1
              }
            }
          ]
        },
        {
          "over": 14,
          "deliveries": [
            {
              "batter": "GL Adams",
              "bowler": "HK Matthews",
              "non_striker": "SIR Dunkley",
              "runs": {
                "batter": 1,
                "extras": 0,
                "total": 1
              }
            },
            {
              "batter": "SIR Dunkley",
              "bowler": "HK Matthews",
              "non_striker": "GL Adams",
              "runs": {
                "batter": 1,
                "extras": 0,
                "total": 1
              }
            },
            {
              "batter": "GL Adams",
              "bowler": "HK Matthews",
              "non_striker": "SIR Dunkley",
              "runs": {
                "batter": 1,
                "extras": 0,
                "total": 1
              }
            },
            {
              "batter": "SIR Dunkley",
              "bowler": "HK Matthews",
              "non_striker": "GL Adams",
              "runs": {
                "batter": 1,
                "extras": 0,
                "total": 1
              }
            },
            {
              "batter": "GL Adams",
              "bowler": "HK Matthews",
              "non_striker": "SIR Dunkley",
              "runs": {
                "batter": 1,
                "extras": 0,
                "total": 1
              }
            }
          ]
        },
        {
          "over": 15,
          "deliveries": [
            {
              "batter": "SIR Dunkley",
              "bowler": "NJ Carey",
              "non_striker": "GL Adams",
              "runs": {
                "batter": 2,
                "extras": 0,
                "total": 2
              }
            },
            {
              "batter": "SIR Dunkley",
              "bowler": "NJ Carey",
              "non_striker": "GL Adams",
              "runs": {
                "batter": 4,
                "extras": 0,
                "total": 4
              }
            },
            {
              "batter": "SIR Dunkley",
              "bowler": "NJ Carey",
              "non_striker": "GL Adams",
              "runs": {
                "batter": 1,
                "extras": 0,
                "total": 1
              }
            },
            {
              "batter": "GL Adams",
              "bowler": "NJ Carey",
              "non_striker": "SIR Dunkley",
              "runs": {
                "batter": 1,
                "extras": 0,
                "total": 1
              }
            },
            {
              "batter": "SIR Dunkley",
              "bowler": "NJ Carey",
              "non_striker": "GL Adams",
              "runs": {
                "batter": 0,
                "extras": 0,
                "total": 0
              }
            }
          ]
        },
        {
          "over": 16,
          "deliveries": [
            {
              "batter": "GL Adams",
              "bowler": "A Hartley",
              "non_striker": "SIR Dunkley",
              "runs": {
                "batter": 0,
                "extras": 0,
                "total": 0
              }
            },
            {
              "batter": "GL Adams",
              "bowler": "A Hartley",
              "non_striker": "SIR Dunkley",
              "runs": {
                "batter": 1,
                "extras": 0,
                "total": 1
              }
            },
            {
              "batter": "SIR Dunkley",
              "bowler": "A Hartley",
              "non_striker": "GL Adams",
              "runs": {
                "batter": 2,
                "extras": 0,
                "total": 2
              }
            },
            {
              "batter": "SIR Dunkley",
              "bowler": "A Hartley",
              "extras": {
                "legbyes": 1
              },
              "non_striker": "GL Adams",
              "runs": {
                "batter": 0,
                "extras": 1,
                "total": 1
              }
            },
            {
              "batter": "GL Adams",
              "bowler": "A Hartley",
              "non_striker": "SIR Dunkley",
              "runs": {
                "batter": 1,
                "extras": 0,
                "total": 1
              }
            }
          ]
        },
        {
          "over": 17,
          "deliveries": [
            {
              "batter": "SIR Dunkley",
              "bowler": "HK Matthews",
              "non_striker": "GL Adams",
              "runs": {
                "batter": 4,
                "extras": 0,
                "total": 4
              }
            },
            {
              "batter": "SIR Dunkley",
              "bowler": "HK Matthews",
              "non_striker": "GL Adams",
              "runs": {
                "batter": 0,
                "extras": 0,
                "total": 0
              }
            },
            {
              "batter": "SIR Dunkley",
              "bowler": "HK Matthews",
              "non_striker": "GL Adams",
              "runs": {
                "batter": 2,
                "extras": 0,
                "total": 2
              }
            },
            {
              "batter": "SIR Dunkley",
              "bowler": "HK Matthews",
              "non_striker": "GL Adams",
              "runs": {
                "batter": 1,
                "extras": 0,
                "total": 1
              }
            },
            {
              "batter": "GL Adams",
              "bowler": "HK Matthews",
              "non_striker": "SIR Dunkley",
              "runs": {
                "batter": 2,
                "extras": 0,
                "total": 2
              }
            }
          ]
        },
        {
          "over": 18,
          "deliveries": [
            {
              "batter": "SIR Dunkley",
              "bowler": "NJ Carey",
              "non_striker": "GL Adams",
              "review": {
                "by": "Welsh Fire",
                "umpire": "J Naeem",
                "batter": "SIR Dunkley",
                "decision": "upheld"
              },
              "runs": {
                "batter": 0,
                "extras": 0,
                "total": 0
              },
              "wickets": [
                {
                  "player_out": "SIR Dunkley",
                  "kind": "lbw"
                }
              ]
            },
            {
              "batter": "FG Kemp",
              "bowler": "NJ Carey",
              "non_striker": "GL Adams",
              "runs": {
                "batter": 1,
                "extras": 0,
                "total": 1
              }
            },
            {
              "batter": "GL Adams",
              "bowler": "NJ Carey",
              "non_striker": "FG Kemp",
              "runs": {
                "batter": 6,
                "extras": 0,
                "total": 6
              }
            },
            {
              "batter": "GL Adams",
              "bowler": "NJ Carey",
              "non_striker": "FG Kemp",
              "runs": {
                "batter": 1,
                "extras": 0,
                "total": 1
              }
            },
            {
              "batter": "FG Kemp",
              "bowler": "NJ Carey",
              "extras": {
                "legbyes": 1
              },
              "non_striker": "GL Adams",
              "runs": {
                "batter": 0,
                "extras": 1,
                "total": 1
              }
            }
          ]
        },
        {
          "over": 19,
          "deliveries": [
            {
              "batter": "GL Adams",
              "bowler": "HK Matthews",
              "non_striker": "FG Kemp",
              "runs": {
                "batter": 6,
                "extras": 0,
                "total": 6
              }
            },
            {
              "batter": "GL Adams",
              "bowler": "HK Matthews",
              "non_striker": "FG Kemp",
              "runs": {
                "batter": 1,
                "extras": 0,
                "total": 1
              }
            },
            {
              "batter": "FG Kemp",
              "bowler": "HK Matthews",
              "non_striker": "GL Adams",
              "runs": {
                "batter": 0,
                "extras": 0,
                "total": 0
              },
              "wickets": [
                {
                  "player_out": "FG Kemp",
                  "fielders": [
                    {
                      "name": "A Sutherland"
                    }
                  ],
                  "kind": "caught"
                }
              ]
            },
            {
              "batter": "A Wellington",
              "bowler": "HK Matthews",
              "non_striker": "GL Adams",
              "runs": {
                "batter": 1,
                "extras": 0,
                "total": 1
              },
              "wickets": [
                {
                  "player_out": "A Wellington",
                  "fielders": [
                    {
                      "name": "SJ Bryce"
                    },
                    {
                      "name": "KL George"
                    }
                  ],
                  "kind": "run out"
                }
              ]
            },
            {
              "batter": "A Shrubsole",
              "bowler": "HK Matthews",
              "non_striker": "GL Adams",
              "runs": {
                "batter": 0,
                "extras": 0,
                "total": 0
              },
              "wickets": [
                {
                  "player_out": "A Shrubsole",
                  "fielders": [
                    {
                      "name": "SJ Bryce"
                    }
                  ],
                  "kind": "stumped"
                }
              ]
            }
          ]
        }
      ],
      "powerplays": [
        {
          "from": 0.1,
          "to": 4.6,
          "type": "mandatory"
        }
      ]
    },
    {
      "team": "Welsh Fire",
      "overs": [
        {
          "over": 0,
          "deliveries": [
            {
              "batter": "TT Beaumont",
              "bowler": "A Shrubsole",
              "extras": {
                "wides": 1
              },
              "non_striker": "HK Matthews",
              "runs": {
                "batter": 0,
                "extras": 1,
                "total": 1
              }
            },
            {
              "batter": "TT Beaumont",
              "bowler": "A Shrubsole",
              "non_striker": "HK Matthews",
              "runs": {
                "batter": 1,
                "extras": 0,
                "total": 1
              }
            },
            {
              "batter": "HK Matthews",
              "bowler": "A Shrubsole",
              "non_striker": "TT Beaumont",
              "runs": {
                "batter": 0,
                "extras": 0,
                "total": 0
              }
            },
            {
              "batter": "HK Matthews",
              "bowler": "A Shrubsole",
              "non_striker": "TT Beaumont",
              "runs": {
                "batter": 1,
                "extras": 0,
                "total": 1
              }
            },
            {
              "batter": "TT Beaumont",
              "bowler": "A Shrubsole",
              "non_striker": "HK Matthews",
              "runs": {
                "batter": 4,
                "extras": 0,
                "total": 4
              }
            },
            {
              "batter": "TT Beaumont",
              "bowler": "A Shrubsole",
              "non_striker": "HK Matthews",
              "runs": {
                "batter": 0,
                "extras": 0,
                "total": 0
              }
            }
          ]
        },
        {
          "over": 1,
          "deliveries": [
            {
              "batter": "TT Beaumont",
              "bowler": "LK Bell",
              "extras": {
                "wides": 1
              },
              "non_striker": "HK Matthews",
              "runs": {
                "batter": 0,
                "extras": 1,
                "total": 1
              }
            },
            {
              "batter": "TT Beaumont",
              "bowler": "LK Bell",
              "non_striker": "HK Matthews",
              "runs": {
                "batter": 0,
                "extras": 0,
                "total": 0
              }
            },
            {
              "batter": "TT Beaumont",
              "bowler": "LK Bell",
              "non_striker": "HK Matthews",
              "runs": {
                "batter": 4,
                "extras": 0,
                "total": 4
              }
            },
            {
              "batter": "TT Beaumont",
              "bowler": "LK Bell",
              "non_striker": "HK Matthews",
              "runs": {
                "batter": 0,
                "extras": 0,
                "total": 0
              }
            },
            {
              "batter": "TT Beaumont",
              "bowler": "LK Bell",
              "extras": {
                "wides": 1
              },
              "non_striker": "HK Matthews",
              "runs": {
                "batter": 0,
                "extras": 1,
                "total": 1
              }
            },
            {
              "batter": "TT Beaumont",
              "bowler": "LK Bell",
              "non_striker": "HK Matthews",
              "runs": {
                "batter": 0,
                "extras": 0,
                "total": 0
              },
              "wickets": [
                {
                  "player_out": "TT Beaumont",
                  "fielders": [
                    {
                      "name": "ME Bouchier"
                    }
                  ],
                  "kind": "caught"
                }
              ]
            },
            {
              "batter": "A Sutherland",
              "bowler": "LK Bell",
              "non_striker": "HK Matthews",
              "runs": {
                "batter": 1,
                "extras": 0,
                "total": 1
              }
            }
          ]
        },
        {
          "over": 2,
          "deliveries": [
            {
              "batter": "A Sutherland",
              "bowler": "FG Kemp",
              "non_striker": "HK Matthews",
              "runs": {
                "batter": 0,
                "extras": 0,
                "total": 0
              }
            },
            {
              "batter": "A Sutherland",
              "bowler": "FG Kemp",
              "non_striker": "HK Matthews",
              "runs": {
                "batter": 1,
                "extras": 0,
                "total": 1
              }
            },
            {
              "batter": "HK Matthews",
              "bowler": "FG Kemp",
              "non_striker": "A Sutherland",
              "runs": {
                "batter": 0,
                "extras": 0,
                "total": 0
              }
            },
            {
              "batter": "HK Matthews",
              "bowler": "FG Kemp",
              "non_striker": "A Sutherland",
              "runs": {
                "batter": 0,
                "extras": 0,
                "total": 0
              }
            },
            {
              "batter": "HK Matthews",
              "bowler": "FG Kemp",
              "extras": {
                "legbyes": 1
              },
              "non_striker": "A Sutherland",
              "runs": {
                "batter": 0,
                "extras": 1,
                "total": 1
              }
            }
          ]
        },
        {
          "over": 3,
          "deliveries": [
            {
              "batter": "A Sutherland",
              "bowler": "GL Adams",
              "non_striker": "HK Matthews",
              "runs": {
                "batter": 0,
                "extras": 0,
                "total": 0
              }
            },
            {
              "batter": "A Sutherland",
              "bowler": "GL Adams",
              "non_striker": "HK Matthews",
              "runs": {
                "batter": 0,
                "extras": 0,
                "total": 0
              }
            },
            {
              "batter": "A Sutherland",
              "bowler": "GL Adams",
              "non_striker": "HK Matthews",
              "runs": {
                "batter": 0,
                "extras": 0,
                "total": 0
              }
            },
            {
              "batter": "A Sutherland",
              "bowler": "GL Adams",
              "non_striker": "HK Matthews",
              "runs": {
                "batter": 1,
                "extras": 0,
                "total": 1
              }
            },
            {
              "batter": "HK Matthews",
              "bowler": "GL Adams",
              "non_striker": "A Sutherland",
              "runs": {
                "batter": 1,
                "extras": 0,
                "total": 1
              }
            }
          ]
        },
        {
          "over": 4,
          "deliveries": [
            {
              "batter": "HK Matthews",
              "bowler": "FG Kemp",
              "non_striker": "A Sutherland",
              "runs": {
                "batter": 4,
                "extras": 0,
                "total": 4
              }
            },
            {
              "batter": "HK Matthews",
              "bowler": "FG Kemp",
              "non_striker": "A Sutherland",
              "runs": {
                "batter": 0,
                "extras": 0,
                "total": 0
              }
            },
            {
              "batter": "HK Matthews",
              "bowler": "FG Kemp",
              "extras": {
                "legbyes": 1
              },
              "non_striker": "A Sutherland",
              "runs": {
                "batter": 0,
                "extras": 1,
                "total": 1
              }
            },
            {
              "batter": "A Sutherland",
              "bowler": "FG Kemp",
              "non_striker": "HK Matthews",
              "runs": {
                "batter": 0,
                "extras": 0,
                "total": 0
              }
            },
            {
              "batter": "A Sutherland",
              "bowler": "FG Kemp",
              "non_striker": "HK Matthews",
              "runs": {
                "batter": 2,
                "extras": 0,
                "total": 2
              }
            }
          ]
        },
        {
          "over": 5,
          "deliveries": [
            {
              "batter": "A Sutherland",
              "bowler": "A Wellington",
              "non_striker": "HK Matthews",
              "runs": {
                "batter": 1,
                "extras": 0,
                "total": 1
              }
            },
            {
              "batter": "HK Matthews",
              "bowler": "A Wellington",
              "non_striker": "A Sutherland",
              "runs": {
                "batter": 1,
                "extras": 0,
                "total": 1
              }
            },
            {
              "batter": "A Sutherland",
              "bowler": "A Wellington",
              "non_striker": "HK Matthews",
              "runs": {
                "batter": 1,
                "extras": 0,
                "total": 1
              }
            },
            {
              "batter": "HK Matthews",
              "bowler": "A Wellington",
              "non_striker": "A Sutherland",
              "runs": {
                "batter": 4,
                "extras": 0,
                "total": 4
              }
            },
            {
              "batter": "HK Matthews",
              "bowler": "A Wellington",
              "non_striker": "A Sutherland",
              "runs": {
                "batter": 1,
                "extras": 0,
                "total": 1
              }
            }
          ]
        },
        {
          "over": 6,
          "deliveries": [
            {
              "batter": "HK Matthews",
              "bowler": "GL Adams",
              "non_striker": "A Sutherland",
              "runs": {
                "batter": 1,
                "extras": 0,
                "total": 1
              }
            },
            {
              "batter": "A Sutherland",
              "bowler": "GL Adams",
              "non_striker": "HK Matthews",
              "runs": {
                "batter": 1,
                "extras": 0,
                "total": 1
              }
            },
            {
              "batter": "HK Matthews",
              "bowler": "GL Adams",
              "non_striker": "A Sutherland",
              "runs": {
                "batter": 1,
                "extras": 0,
                "total": 1
              }
            },
            {
              "batter": "A Sutherland",
              "bowler": "GL Adams",
              "non_striker": "HK Matthews",
              "runs": {
                "batter": 1,
                "extras": 0,
                "total": 1
              }
            },
            {
              "batter": "HK Matthews",
              "bowler": "GL Adams",
              "non_striker": "A Sutherland",
              "runs": {
                "batter": 1,
                "extras": 0,
                "total": 1
              }
            }
          ]
        },
        {
          "over": 7,
          "deliveries": [
            {
              "batter": "A Sutherland",
              "bowler": "LK Bell",
              "non_striker": "HK Matthews",
              "runs": {
                "batter": 1,
                "extras": 0,
                "total": 1
              }
            },
            {
              "batter": "HK Matthews",
              "bowler": "LK Bell",
              "non_striker": "A Sutherland",
              "runs": {
                "batter": 0,
                "extras": 0,
                "total": 0
              }
            },
            {
              "batter": "HK Matthews",
              "bowler": "LK Bell",
              "non_striker": "A Sutherland",
              "runs": {
                "batter": 1,
                "extras": 0,
                "total": 1
              }
            },
            {
              "batter": "A Sutherland",
              "bowler": "LK Bell",
              "non_striker": "HK Matthews",
              "runs": {
                "batter": 0,
                "extras": 0,
                "total": 0
              }
            },
            {
              "batter": "A Sutherland",
              "bowler": "LK Bell",
              "non_striker": "HK Matthews",
              "runs": {
                "batter": 0,
                "extras": 0,
                "total": 0
              }
            }
          ]
        },
        {
          "over": 8,
          "deliveries": [
            {
              "batter": "HK Matthews",
              "bowler": "A Wellington",
              "non_striker": "A Sutherland",
              "runs": {
                "batter": 0,
                "extras": 0,
                "total": 0
              }
            },
            {
              "batter": "HK Matthews",
              "bowler": "A Wellington",
              "non_striker": "A Sutherland",
              "runs": {
                "batter": 4,
                "extras": 0,
                "total": 4
              }
            },
            {
              "batter": "HK Matthews",
              "bowler": "A Wellington",
              "non_striker": "A Sutherland",
              "runs": {
                "batter": 0,
                "extras": 0,
                "total": 0
              },
              "wickets": [
                {
                  "player_out": "HK Matthews",
                  "fielders": [
                    {
                      "name": "GL Adams"
                    }
                  ],
                  "kind": "caught"
                }
              ]
            },
            {
              "batter": "FC Wilson",
              "bowler": "A Wellington",
              "extras": {
                "wides": 1
              },
              "non_striker": "A Sutherland",
              "runs": {
                "batter": 0,
                "extras": 1,
                "total": 1
              }
            },
            {
              "batter": "FC Wilson",
              "bowler": "A Wellington",
              "non_striker": "A Sutherland",
              "runs": {
                "batter": 1,
                "extras": 0,
                "total": 1
              }
            },
            {
              "batter": "A Sutherland",
              "bowler": "A Wellington",
              "non_striker": "FC Wilson",
              "runs": {
                "batter": 1,
                "extras": 0,
                "total": 1
              }
            }
          ]
        },
        {
          "over": 9,
          "deliveries": [
            {
              "batter": "FC Wilson",
              "bowler": "TM McGrath",
              "extras": {
                "wides": 1
              },
              "non_striker": "A Sutherland",
              "runs": {
                "batter": 0,
                "extras": 1,
                "total": 1
              }
            },
            {
              "batter": "FC Wilson",
              "bowler": "TM McGrath",
              "extras": {
                "legbyes": 1
              },
              "non_striker": "A Sutherland",
              "review": {
                "by": "Southern Brave",
                "umpire": "J Naeem",
                "batter": "FC Wilson",
                "decision": "struck down"
              },
              "runs": {
                "batter": 0,
                "extras": 1,
                "total": 1
              }
            },
            {
              "batter": "A Sutherland",
              "bowler": "TM McGrath",
              "non_striker": "FC Wilson",
              "runs": {
                "batter": 0,
                "extras": 0,
                "total": 0
              }
            },
            {
              "batter": "A Sutherland",
              "bowler": "TM McGrath",
              "non_striker": "FC Wilson",
              "runs": {
                "batter": 1,
                "extras": 0,
                "total": 1
              }
            },
            {
              "batter": "FC Wilson",
              "bowler": "TM McGrath",
              "non_striker": "A Sutherland",
              "runs": {
                "batter": 0,
                "extras": 0,
                "total": 0
              },
              "wickets": [
                {
                  "player_out": "FC Wilson",
                  "kind": "bowled"
                }
              ]
            },
            {
              "batter": "NJ Carey",
              "bowler": "TM McGrath",
              "non_striker": "A Sutherland",
              "runs": {
                "batter": 1,
                "extras": 0,
                "total": 1
              }
            }
          ]
        },
        {
          "over": 10,
          "deliveries": [
            {
              "batter": "NJ Carey",
              "bowler": "LK Bell",
              "non_striker": "A Sutherland",
              "runs": {
                "batter": 1,
                "extras": 0,
                "total": 1
              }
            },
            {
              "batter": "A Sutherland",
              "bowler": "LK Bell",
              "non_striker": "NJ Carey",
              "runs": {
                "batter": 6,
                "extras": 0,
                "total": 6
              }
            },
            {
              "batter": "A Sutherland",
              "bowler": "LK Bell",
              "non_striker": "NJ Carey",
              "runs": {
                "batter": 1,
                "extras": 0,
                "total": 1
              }
            },
            {
              "batter": "NJ Carey",
              "bowler": "LK Bell",
              "non_striker": "A Sutherland",
              "runs": {
                "batter": 0,
                "extras": 0,
                "total": 0
              }
            },
            {
              "batter": "NJ Carey",
              "bowler": "LK Bell",
              "non_striker": "A Sutherland",
              "runs": {
                "batter": 0,
                "extras": 0,
                "total": 0
              },
              "wickets": [
                {
                  "player_out": "NJ Carey",
                  "kind": "bowled"
                }
              ]
            }
          ]
        },
        {
          "over": 11,
          "deliveries": [
            {
              "batter": "SJ Bryce",
              "bowler": "A Wellington",
              "non_striker": "A Sutherland",
              "runs": {
                "batter": 1,
                "extras": 0,
                "total": 1
              }
            },
            {
              "batter": "A Sutherland",
              "bowler": "A Wellington",
              "non_striker": "SJ Bryce",
              "runs": {
                "batter": 0,
                "extras": 0,
                "total": 0
              }
            },
            {
              "batter": "A Sutherland",
              "bowler": "A Wellington",
              "non_striker": "SJ Bryce",
              "runs": {
                "batter": 1,
                "extras": 0,
                "total": 1
              }
            },
            {
              "batter": "SJ Bryce",
              "bowler": "A Wellington",
              "non_striker": "A Sutherland",
              "runs": {
                "batter": 0,
                "extras": 0,
                "total": 0
              }
            },
            {
              "batter": "SJ Bryce",
              "bowler": "A Wellington",
              "non_striker": "A Sutherland",
              "runs": {
                "batter": 1,
                "extras": 0,
                "total": 1
              }
            }
          ]
        },
        {
          "over": 12,
          "deliveries": [
            {
              "batter": "SJ Bryce",
              "bowler": "GL Adams",
              "non_striker": "A Sutherland",
              "runs": {
                "batter": 1,
                "extras": 0,
                "total": 1
              }
            },
            {
              "batter": "A Sutherland",
              "bowler": "GL Adams",
              "non_striker": "SJ Bryce",
              "runs": {
                "batter": 1,
                "extras": 0,
                "total": 1
              }
            },
            {
              "batter": "SJ Bryce",
              "bowler": "GL Adams",
              "non_striker": "A Sutherland",
              "runs": {
                "batter": 0,
                "extras": 0,
                "total": 0
              }
            },
            {
              "batter": "SJ Bryce",
              "bowler": "GL Adams",
              "non_striker": "A Sutherland",
              "runs": {
                "batter": 1,
                "extras": 0,
                "total": 1
              }
            },
            {
              "batter": "A Sutherland",
              "bowler": "GL Adams",
              "non_striker": "SJ Bryce",
              "runs": {
                "batter": 1,
                "extras": 0,
                "total": 1
              }
            }
          ]
        },
        {
          "over": 13,
          "deliveries": [
            {
              "batter": "SJ Bryce",
              "bowler": "A Shrubsole",
              "non_striker": "A Sutherland",
              "runs": {
                "batter": 1,
                "extras": 0,
                "total": 1
              }
            },
            {
              "batter": "A Sutherland",
              "bowler": "A Shrubsole",
              "non_striker": "SJ Bryce",
              "runs": {
                "batter": 0,
                "extras": 0,
                "total": 0
              },
              "wickets": [
                {
                  "player_out": "A Sutherland",
                  "fielders": [
                    {
                      "name": "CE Rudd"
                    }
                  ],
                  "kind": "caught"
                }
              ]
            },
            {
              "batter": "KL George",
              "bowler": "A Shrubsole",
              "non_striker": "SJ Bryce",
              "runs": {
                "batter": 1,
                "extras": 0,
                "total": 1
              }
            },
            {
              "batter": "SJ Bryce",
              "bowler": "A Shrubsole",
              "non_striker": "KL George",
              "runs": {
                "batter": 0,
                "extras": 0,
                "total": 0
              }
            },
            {
              "batter": "SJ Bryce",
              "bowler": "A Shrubsole",
              "non_striker": "KL George",
              "runs": {
                "batter": 1,
                "extras": 0,
                "total": 1
              }
            }
          ]
        },
        {
          "over": 14,
          "deliveries": [
            {
              "batter": "SJ Bryce",
              "bowler": "TM McGrath",
              "non_striker": "KL George",
              "runs": {
                "batter": 1,
                "extras": 0,
                "total": 1
              }
            },
            {
              "batter": "KL George",
              "bowler": "TM McGrath",
              "non_striker": "SJ Bryce",
              "runs": {
                "batter": 0,
                "extras": 0,
                "total": 0
              }
            },
            {
              "batter": "KL George",
              "bowler": "TM McGrath",
              "non_striker": "SJ Bryce",
              "runs": {
                "batter": 1,
                "extras": 0,
                "total": 1
              }
            },
            {
              "batter": "SJ Bryce",
              "bowler": "TM McGrath",
              "non_striker": "KL George",
              "runs": {
                "batter": 1,
                "extras": 0,
                "total": 1
              }
            },
            {
              "batter": "KL George",
              "bowler": "TM McGrath",
              "non_striker": "SJ Bryce",
              "runs": {
                "batter": 4,
                "extras": 0,
                "total": 4
              }
            }
          ]
        },
        {
          "over": 15,
          "deliveries": [
            {
              "batter": "KL George",
              "bowler": "A Shrubsole",
              "non_striker": "SJ Bryce",
              "runs": {
                "batter": 4,
                "extras": 0,
                "total": 4
              }
            },
            {
              "batter": "KL George",
              "bowler": "A Shrubsole",
              "non_striker": "SJ Bryce",
              "runs": {
                "batter": 4,
                "extras": 0,
                "total": 4
              }
            },
            {
              "batter": "KL George",
              "bowler": "A Shrubsole",
              "non_striker": "SJ Bryce",
              "review": {
                "by": "Welsh Fire",
                "umpire": "Mark Newell",
                "batter": "KL George",
                "decision": "struck down"
              },
              "runs": {
                "batter": 0,
                "extras": 0,
                "total": 0
              },
              "wickets": [
                {
                  "player_out": "KL George",
                  "kind": "lbw"
                }
              ]
            },
            {
              "batter": "L Filer",
              "bowler": "A Shrubsole",
              "non_striker": "SJ Bryce",
              "runs": {
                "batter": 0,
                "extras": 0,
                "total": 0
              },
              "wickets": [
                {
                  "player_out": "L Filer",
                  "fielders": [
                    {
                      "name": "TM McGrath"
                    }
                  ],
                  "kind": "caught"
                }
              ]
            },
            {
              "batter": "C Nicholas",
              "bowler": "A Shrubsole",
              "non_striker": "SJ Bryce",
              "runs": {
                "batter": 0,
                "extras": 0,
                "total": 0
              }
            }
          ]
        },
        {
          "over": 16,
          "deliveries": [
            {
              "batter": "SJ Bryce",
              "bowler": "A Wellington",
              "non_striker": "C Nicholas",
              "runs": {
                "batter": 1,
                "extras": 0,
                "total": 1
              }
            },
            {
              "batter": "C Nicholas",
              "bowler": "A Wellington",
              "non_striker": "SJ Bryce",
              "runs": {
                "batter": 1,
                "extras": 0,
                "total": 1
              }
            },
            {
              "batter": "SJ Bryce",
              "bowler": "A Wellington",
              "non_striker": "C Nicholas",
              "runs": {
                "batter": 1,
                "extras": 0,
                "total": 1
              }
            },
            {
              "batter": "C Nicholas",
              "bowler": "A Wellington",
              "non_striker": "SJ Bryce",
              "runs": {
                "batter": 0,
                "extras": 0,
                "total": 0
              }
            },
            {
              "batter": "C Nicholas",
              "bowler": "A Wellington",
              "non_striker": "SJ Bryce",
              "runs": {
                "batter": 0,
                "extras": 0,
                "total": 0
              }
            }
          ]
        },
        {
          "over": 17,
          "deliveries": [
            {
              "batter": "C Nicholas",
              "bowler": "GL Adams",
              "non_striker": "SJ Bryce",
              "runs": {
                "batter": 0,
                "extras": 0,
                "total": 0
              },
              "wickets": [
                {
                  "player_out": "C Nicholas",
                  "fielders": [
                    {
                      "name": "CE Rudd"
                    }
                  ],
                  "kind": "stumped"
                }
              ]
            },
            {
              "batter": "HL Baker",
              "bowler": "GL Adams",
              "non_striker": "SJ Bryce",
              "runs": {
                "batter": 0,
                "extras": 0,
                "total": 0
              },
              "wickets": [
                {
                  "player_out": "HL Baker",
                  "kind": "lbw"
                }
              ]
            },
            {
              "batter": "A Hartley",
              "bowler": "GL Adams",
              "non_striker": "SJ Bryce",
              "runs": {
                "batter": 1,
                "extras": 0,
                "total": 1
              }
            },
            {
              "batter": "SJ Bryce",
              "bowler": "GL Adams",
              "non_striker": "A Hartley",
              "runs": {
                "batter": 0,
                "extras": 0,
                "total": 0
              }
            },
            {
              "batter": "SJ Bryce",
              "bowler": "GL Adams",
              "non_striker": "A Hartley",
              "runs": {
                "batter": 1,
                "extras": 0,
                "total": 1
              }
            }
          ]
        },
        {
          "over": 18,
          "deliveries": [
            {
              "batter": "SJ Bryce",
              "bowler": "FG Kemp",
              "non_striker": "A Hartley",
              "runs": {
                "batter": 1,
                "extras": 0,
                "total": 1
              }
            },
            {
              "batter": "A Hartley",
              "bowler": "FG Kemp",
              "non_striker": "SJ Bryce",
              "runs": {
                "batter": 1,
                "extras": 0,
                "total": 1
              }
            },
            {
              "batter": "SJ Bryce",
              "bowler": "FG Kemp",
              "non_striker": "A Hartley",
              "runs": {
                "batter": 6,
                "extras": 0,
                "total": 6
              }
            },
            {
              "batter": "SJ Bryce",
              "bowler": "FG Kemp",
              "non_striker": "A Hartley",
              "runs": {
                "batter": 4,
                "extras": 0,
                "total": 4
              }
            },
            {
              "batter": "SJ Bryce",
              "bowler": "FG Kemp",
              "non_striker": "A Hartley",
              "runs": {
                "batter": 4,
                "extras": 0,
                "total": 4
              }
            }
          ]
        },
        {
          "over": 19,
          "deliveries": [
            {
              "batter": "SJ Bryce",
              "bowler": "A Shrubsole",
              "non_striker": "A Hartley",
              "runs": {
                "batter": 1,
                "extras": 0,
                "total": 1
              }
            },
            {
              "batter": "A Hartley",
              "bowler": "A Shrubsole",
              "non_striker": "SJ Bryce",
              "runs": {
                "batter": 0,
                "extras": 0,
                "total": 0
              }
            },
            {
              "batter": "A Hartley",
              "bowler": "A Shrubsole",
              "extras": {
                "legbyes": 1
              },
              "non_striker": "SJ Bryce",
              "runs": {
                "batter": 0,
                "extras": 1,
                "total": 1
              }
            },
            {
              "batter": "SJ Bryce",
              "bowler": "A Shrubsole",
              "non_striker": "A Hartley",
              "runs": {
                "batter": 1,
                "extras": 0,
                "total": 1
              },
              "wickets": [
                {
                  "player_out": "SJ Bryce",
                  "fielders": [
                    {
                      "name": "DN Wyatt"
                    },
                    {
                      "name": "A Shrubsole"
                    }
                  ],
                  "kind": "run out"
                }
              ]
            }
          ]
        }
      ],
      "powerplays": [
        {
          "from": 0.1,
          "to": 4.5,
          "type": "mandatory"
        }
      ],
      "target": {
        "overs": 20,
        "runs": 123
      }
    }
  ]
}