{
  "meta": {
    "data_version": "1.1.0",
    "created": "2023-08-13",
    "revision": 3
  },
  "info": {
    "balls_per_over": 5,
    "city": "London",
    "dates": [
      "2023-08-12"
    ],
    "event": {
      "name": "The Hundred Women's Competition",
      "match_number": 16
    },
    "gender": "female",
    "match_type": "T20",
    "officials": {
      "match_referees": [
        "H Pack"
      ],
      "reserve_umpires": [
        "G Bambury"
      ],
      "tv_umpires": [
        "AY Harris"
      ],
      "umpires": [
        "BJ Debenham",
        "J Naeem"
      ]
    },
    "outcome": {
      "winner": "Trent Rockets",
      "by": {
        "wickets": 5
      }
    },
    "overs": 20,
    "player_of_match": [
      "NR Sciver-Brunt"
    ],
    "players": {
      "London Spirit": [
        "GM Harris",
        "DR Gibson",
        "HC Knight",
        "AC Kerr",
        "RM Ghosh",
        "S Munro",
        "G Scrivens",
        "S Glenn",
        "CE Dean",
        "TG Norris",
        "L Filer"
      ],
      "Trent Rockets": [
        "L Lee",
        "BF Smith",
        "NR Sciver-Brunt",
        "H Kaur",
        "FC Wilson",
        "ND Dattani",
        "J Gardner",
        "A King",
        "A Stonehouse",
        "KL Gordon",
        "G Potts"
      ]
    },
    "registry": {
      "people": {
        "A King": "83558266",
        "A Stonehouse": "c9366237",
        "AC Kerr": "7673c908",
        "AY Harris": "90d95b82",
        "BF Smith": "c64b7c5b",
        "BJ Debenham": "524a3a82",
        "CE Dean": "c6625a26",
        "DR Gibson": "d2763568",
        "FC Wilson": "a28132bd",
        "G Bambury": "a8e0ed6a",
        "G Potts": "e3a93585",
        "G Scrivens": "7306c48d",
        "GM Harris": "72166006",
        "H Kaur": "53cd8da6",
        "H Pack": "fed53c91",
        "HC Knight": "4ba0289e",
        "J Gardner": "184512d1",
        "J Naeem": "0dc3fee0",
        "KL Gordon": "00823a96",
        "L Filer": "31adb911",
        "L Lee": "7b01ce83",
        "ND Dattani": "13c19f32",
        "NR Sciver-Brunt": "f3a18a0c",
        "RM Ghosh": "721e0199",
        "S Glenn": "b34e0c77",
        "S Munro": "b4e026de",
        "TG Norris": "8ae7bb3e"
      }
    },
    "season": "2023",
    "team_type": "club",
    "teams": [
      "London Spirit",
      "Trent Rockets"
    ],
    "toss": {
      "decision": "field",
      "winner": "Trent Rockets"
    },
    "venue": "Lord's, London"
  },
  "innings": [
    {
      "team": "London Spirit",
      "overs": [
        {
          "over": 0,
          "deliveries": [
            {
              "batter": "GM Harris",
              "bowler": "A Stonehouse",
              "non_striker": "DR Gibson",
              "runs": {
                "batter": 0,
                "extras": 0,
                "total": 0
              }
            },
            {
              "batter": "GM Harris",
              "bowler": "A Stonehouse",
              "extras": {
                "wides": 1
              },
              "non_striker": "DR Gibson",
              "runs": {
                "batter": 0,
                "extras": 1,
                "total": 1
              }
            },
            {
              "batter": "GM Harris",
              "bowler": "A Stonehouse",
              "non_striker": "DR Gibson",
              "runs": {
                "batter": 0,
                "extras": 0,
                "total": 0
              }
            },
            {
              "batter": "GM Harris",
              "bowler": "A Stonehouse",
              "non_striker": "DR Gibson",
              "runs": {
                "batter": 4,
                "extras": 0,
                "total": 4
              }
            },
            {
              "batter": "GM Harris",
              "bowler": "A Stonehouse",
              "non_striker": "DR Gibson",
              "runs": {
                "batter": 1,
                "extras": 0,
                "total": 1
              }
            },
            {
              "batter": "DR Gibson",
              "bowler": "A Stonehouse",
              "non_striker": "GM Harris",
              "runs": {
                "batter": 0,
                "extras": 0,
                "total": 0
              }
            }
          ]
        },
        {
          "over": 1,
          "deliveries": [
            {
              "batter": "DR Gibson",
              "bowler": "ND Dattani",
              "non_striker": "GM Harris",
              "runs": {
                "batter": 1,
                "extras": 0,
                "total": 1
              }
            },
            {
              "batter": "GM Harris",
              "bowler": "ND Dattani",
              "non_striker": "DR Gibson",
              "runs": {
                "batter": 1,
                "extras": 0,
                "total": 1
              }
            },
            {
              "batter": "DR Gibson",
              "bowler": "ND Dattani",
              "non_striker": "GM Harris",
              "runs": {
                "batter": 2,
                "extras": 0,
                "total": 2
              }
            },
            {
              "batter": "DR Gibson",
              "bowler": "ND Dattani",
              "non_striker": "GM Harris",
              "runs": {
                "batter": 1,
                "extras": 0,
                "total": 1
              }
            },
            {
              "batter": "GM Harris",
              "bowler": "ND Dattani",
              "non_striker": "DR Gibson",
              "runs": {
                "batter": 4,
                "extras": 0,
                "total": 4
              }
            }
          ]
        },
        {
          "over": 2,
          "deliveries": [
            {
              "batter": "DR Gibson",
              "bowler": "G Potts",
              "non_striker": "GM Harris",
              "runs": {
                "batter": 0,
                "extras": 0,
                "total": 0
              }
            },
            {
              "batter": "DR Gibson",
              "bowler": "G Potts",
              "non_striker": "GM Harris",
              "runs": {
                "batter": 0,
                "extras": 0,
                "total": 0
              }
            },
            {
              "batter": "DR Gibson",
              "bowler": "G Potts",
              "non_striker": "GM Harris",
              "runs": {
                "batter": 0,
                "extras": 0,
                "total": 0
              }
            },
            {
              "batter": "DR Gibson",
              "bowler": "G Potts",
              "extras": {
                "wides": 1
              },
              "non_striker": "GM Harris",
              "runs": {
                "batter": 0,
                "extras": 1,
                "total": 1
              }
            },
            {
              "batter": "DR Gibson",
              "bowler": "G Potts",
              "non_striker": "GM Harris",
              "runs": {
                "batter": 0,
                "extras": 0,
                "total": 0
              }
            },
            {
              "batter": "DR Gibson",
              "bowler": "G Potts",
              "extras": {
                "noballs": 2
              },
              "non_striker": "GM Harris",
              "runs": {
                "batter": 4,
                "extras": 2,
                "total": 6
              }
            },
            {
              "batter": "DR Gibson",
              "bowler": "G Potts",
              "non_striker": "GM Harris",
              "runs": {
                "batter": 4,
                "extras": 0,
                "total": 4
              }
            }
          ]
        },
        {
          "over": 3,
          "deliveries": [
            {
              "batter": "DR Gibson",
              "bowler": "KL Gordon",
              "non_striker": "GM Harris",
              "runs": {
                "batter": 1,
                "extras": 0,
                "total": 1
              }
            },
            {
              "batter": "GM Harris",
              "bowler": "KL Gordon",
              "non_striker": "DR Gibson",
              "runs": {
                "batter": 0,
                "extras": 0,
                "total": 0
              },
              "wickets": [
                {
                  "player_out": "GM Harris",
                  "fielders": [
                    {
                      "name": "FC Wilson"
                    }
                  ],
                  "kind": "caught"
                }
              ]
            },
            {
              "batter": "HC Knight",
              "bowler": "KL Gordon",
              "non_striker": "DR Gibson",
              "runs": {
                "batter": 0,
                "extras": 0,
                "total": 0
              }
            },
            {
              "batter": "HC Knight",
              "bowler": "KL Gordon",
              "non_striker": "DR Gibson",
              "runs": {
                "batter": 1,
                "extras": 0,
                "total": 1
              }
            },
            {
              "batter": "DR Gibson",
              "bowler": "KL Gordon",
              "non_striker": "HC Knight",
              "runs": {
                "batter": 1,
                "extras": 0,
                "total": 1
              }
            }
          ]
        },
        {
          "over": 4,
          "deliveries": [
            {
              "batter": "DR Gibson",
              "bowler": "A Stonehouse",
              "non_striker": "HC Knight",
              "runs": {
                "batter": 0,
                "extras": 0,
                "total": 0
              }
            },
            {
              "batter": "DR Gibson",
              "bowler": "A Stonehouse",
              "non_striker": "HC Knight",
              "runs": {
                "batter": 1,
                "extras": 0,
                "total": 1
              }
            },
            {
              "batter": "HC Knight",
              "bowler": "A Stonehouse",
              "non_striker": "DR Gibson",
              "runs": {
                "batter": 0,
                "extras": 0,
                "total": 0
              }
            },
            {
              "batter": "HC Knight",
              "bowler": "A Stonehouse",
              "non_striker": "DR Gibson",
              "runs": {
                "batter": 1,
                "extras": 0,
                "total": 1
              }
            },
            {
              "batter": "DR Gibson",
              "bowler": "A Stonehouse",
              "non_striker": "HC Knight",
              "runs": {
                "batter": 0,
                "extras": 0,
                "total": 0
              }
            }
          ]
        },
        {
          "over": 5,
          "deliveries": [
            {
              "batter": "DR Gibson",
              "bowler": "ND Dattani",
              "non_striker": "HC Knight",
              "runs": {
                "batter": 4,
                "extras": 0,
                "total": 4
              }
            },
            {
              "batter": "DR Gibson",
              "bowler": "ND Dattani",
              "non_striker": "HC Knight",
              "runs": {
                "batter": 2,
                "extras": 0,
                "total": 2
              }
            },
            {
              "batter": "DR Gibson",
              "bowler": "ND Dattani",
              "non_striker": "HC Knight",
              "runs": {
                "batter": 4,
                "extras": 0,
                "total": 4
              }
            },
            {
              "batter": "DR Gibson",
              "bowler": "ND Dattani",
              "non_striker": "HC Knight",
              "runs": {
                "batter": 0,
                "extras": 0,
                "total": 0
              }
            },
            {
              "batter": "DR Gibson",
              "bowler": "ND Dattani",
              "non_striker": "HC Knight",
              "runs": {
                "batter": 1,
                "extras": 0,
                "total": 1
              }
            }
          ]
        },
        {
          "over": 6,
          "deliveries": [
            {
              "batter": "DR Gibson",
              "bowler": "A King",
              "non_striker": "HC Knight",
              "runs": {
                "batter": 0,
                "extras": 0,
                "total": 0
              }
            },
            {
              "batter": "DR Gibson",
              "bowler": "A King",
              "non_striker": "HC Knight",
              "runs": {
                "batter": 4,
                "extras": 0,
                "total": 4
              }
            },
            {
              "batter": "DR Gibson",
              "bowler": "A King",
              "non_striker": "HC Knight",
              "runs": {
                "batter": 4,
                "extras": 0,
                "total": 4
              }
            },
            {
              "batter": "DR Gibson",
              "bowler": "A King",
              "non_striker": "HC Knight",
              "runs": {
                "batter": 0,
                "extras": 0,
                "total": 0
              }
            },
            {
              "batter": "DR Gibson",
              "bowler": "A King",
              "non_striker": "HC Knight",
              "runs": {
                "batter": 0,
                "extras": 0,
                "total": 0
              }
            }
          ]
        },
        {
          "over": 7,
          "deliveries": [
            {
              "batter": "DR Gibson",
              "bowler": "KL Gordon",
              "non_striker": "HC Knight",
              "runs": {
                "batter": 2,
                "extras": 0,
                "total": 2
              }
            },
            {
              "batter": "DR Gibson",
              "bowler": "KL Gordon",
              "non_striker": "HC Knight",
              "runs": {
                "batter": 0,
                "extras": 0,
                "total": 0
              },
              "wickets": [
                {
                  "player_out": "DR Gibson",
                  "fielders": [
                    {
                      "name": "A King"
                    }
                  ],
                  "kind": "caught"
                }
              ]
            },
            {
              "batter": "AC Kerr",
              "bowler": "KL Gordon",
              "non_striker": "HC Knight",
              "runs": {
                "batter": 1,
                "extras": 0,
                "total": 1
              }
            },
            {
              "batter": "HC Knight",
              "bowler": "KL Gordon",
              "non_striker": "AC Kerr",
              "runs": {
                "batter": 0,
                "extras": 0,
                "total": 0
              }
            },
            {
              "batter": "HC Knight",
              "bowler": "KL Gordon",
              "non_striker": "AC Kerr",
              "runs": {
                "batter": 1,
                "extras": 0,
                "total": 1
              }
            }
          ]
        },
        {
          "over": 8,
          "deliveries": [
            {
              "batter": "HC Knight",
              "bowler": "BF Smith",
              "non_striker": "AC Kerr",
              "runs": {
                "batter": 1,
                "extras": 0,
                "total": 1
              }
            },
            {
              "batter": "AC Kerr",
              "bowler": "BF Smith",
              "non_striker": "HC Knight",
              "runs": {
                "batter": 0,
                "extras": 0,
                "total": 0
              }
            },
            {
              "batter": "AC Kerr",
              "bowler": "BF Smith",
              "non_striker": "HC Knight",
              "runs": {
                "batter": 1,
                "extras": 0,
                "total": 1
              }
            },
            {
              "batter": "HC Knight",
              "bowler": "BF Smith",
              "non_striker": "AC Kerr",
              "runs": {
                "batter": 2,
                "extras": 0,
                "total": 2
              }
            },
            {
              "batter": "HC Knight",
              "bowler": "BF Smith",
              "non_striker": "AC Kerr",
              "runs": {
                "batter": 1,
                "extras": 0,
                "total": 1
              }
            }
          ]
        },
        {
          "over": 9,
          "deliveries": [
            {
              "batter": "AC Kerr",
              "bowler": "A Stonehouse",
              "non_striker": "HC Knight",
              "runs": {
                "batter": 0,
                "extras": 0,
                "total": 0
              }
            },
            {
              "batter": "AC Kerr",
              "bowler": "A Stonehouse",
              "non_striker": "HC Knight",
              "runs": {
                "batter": 1,
                "extras": 0,
                "total": 1
              }
            },
            {
              "batter": "HC Knight",
              "bowler": "A Stonehouse",
              "non_striker": "AC Kerr",
              "runs": {
                "batter": 1,
                "extras": 0,
                "total": 1
              }
            },
            {
              "batter": "AC Kerr",
              "bowler": "A Stonehouse",
              "non_striker": "HC Knight",
              "runs": {
                "batter": 1,
                "extras": 0,
                "total": 1
              }
            },
            {
              "batter": "HC Knight",
              "bowler": "A Stonehouse",
              "non_striker": "AC Kerr",
              "runs": {
                "batter": 1,
                "extras": 0,
                "total": 1
              }
            }
          ]
        },
        {
          "over": 10,
          "deliveries": [
            {
              "batter": "HC Knight",
              "bowler": "A King",
              "non_striker": "AC Kerr",
              "runs": {
                "batter": 1,
                "extras": 0,
                "total": 1
              }
            },
            {
              "batter": "AC Kerr",
              "bowler": "A King",
              "non_striker": "HC Knight",
              "runs": {
                "batter": 0,
                "extras": 0,
                "total": 0
              }
            },
            {
              "batter": "AC Kerr",
              "bowler": "A King",
              "non_striker": "HC Knight",
              "runs": {
                "batter": 1,
                "extras": 0,
                "total": 1
              }
            },
            {
              "batter": "HC Knight",
              "bowler": "A King",
              "non_striker": "AC Kerr",
              "runs": {
                "batter": 1,
                "extras": 0,
                "total": 1
              }
            },
            {
              "batter": "AC Kerr",
              "bowler": "A King",
              "non_striker": "HC Knight",
              "runs": {
                "batter": 1,
                "extras": 0,
                "total": 1
              }
            }
          ]
        },
        {
          "over": 11,
          "deliveries": [
            {
              "batter": "HC Knight",
              "bowler": "A King",
              "non_striker": "AC Kerr",
              "runs": {
                "batter": 0,
                "extras": 0,
                "total": 0
              },
              "wickets": [
                {
                  "player_out": "HC Knight",
                  "fielders": [
                    {
                      "name": "J Gardner"
                    }
                  ],
                  "kind": "caught"
                }
              ]
            },
            {
              "batter": "RM Ghosh",
              "bowler": "A King",
              "non_striker": "AC Kerr",
              "runs": {
                "batter": 1,
                "extras": 0,
                "total": 1
              }
            },
            {
              "batter": "AC Kerr",
              "bowler": "A King",
              "non_striker": "RM Ghosh",
              "runs": {
                "batter": 0,
                "extras": 0,
                "total": 0
              }
            },
            {
              "batter": "AC Kerr",
              "bowler": "A King",
              "non_striker": "RM Ghosh",
              "runs": {
                "batter": 1,
                "extras": 0,
                "total": 1
              }
            },
            {
              "batter": "RM Ghosh",
              "bowler": "A King",
              "non_striker": "AC Kerr",
              "runs": {
                "batter": 0,
                "extras": 0,
                "total": 0
              }
            }
          ]
        },
        {
          "over": 12,
          "deliveries": [
            {
              "batter": "AC Kerr",
              "bowler": "BF Smith",
              "non_striker": "RM Ghosh",
              "runs": {
                "batter": 1,
                "extras": 0,
                "total": 1
              }
            },
            {
              "batter": "RM Ghosh",
              "bowler": "BF Smith",
              "non_striker": "AC Kerr",
              "runs": {
                "batter": 1,
                "extras": 0,
                "total": 1
              }
            },
            {
              "batter": "AC Kerr",
              "bowler": "BF Smith",
              "non_striker": "RM Ghosh",
              "runs": {
                "batter": 1,
                "extras": 0,
                "total": 1
              }
            },
            {
              "batter": "RM Ghosh",
              "bowler": "BF Smith",
              "non_striker": "AC Kerr",
              "runs": {
                "batter": 1,
                "extras": 0,
                "total": 1
              }
            },
            {
              "batter": "AC Kerr",
              "bowler": "BF Smith",
              "non_striker": "RM Ghosh",
              "runs": {
                "batter": 1,
                "extras": 0,
                "total": 1
              }
            }
          ]
        },
        {
          "over": 13,
          "deliveries": [
            {
              "batter": "RM Ghosh",
              "bowler": "J Gardner",
              "extras": {
                "wides": 1
              },
              "non_striker": "AC Kerr",
              "runs": {
                "batter": 0,
                "extras": 1,
                "total": 1
              }
            },
            {
              "batter": "RM Ghosh",
              "bowler": "J Gardner",
              "extras": {
                "wides": 1
              },
              "non_striker": "AC Kerr",
              "runs": {
                "batter": 0,
                "extras": 1,
                "total": 1
              }
            },
            {
              "batter": "RM Ghosh",
              "bowler": "J Gardner",
              "non_striker": "AC Kerr",
              "runs": {
                "batter": 0,
                "extras": 0,
                "total": 0
              }
            },
            {
              "batter": "RM Ghosh",
              "bowler": "J Gardner",
              "non_striker": "AC Kerr",
              "runs": {
                "batter": 2,
                "extras": 0,
                "total": 2
              }
            },
            {
              "batter": "RM Ghosh",
              "bowler": "J Gardner",
              "non_striker": "AC Kerr",
              "runs": {
                "batter": 1,
                "extras": 0,
                "total": 1
              }
            },
            {
              "batter": "AC Kerr",
              "bowler": "J Gardner",
              "non_striker": "RM Ghosh",
              "runs": {
                "batter": 1,
                "extras": 0,
                "total": 1
              }
            },
            {
              "batter": "RM Ghosh",
              "bowler": "J Gardner",
              "non_striker": "AC Kerr",
              "runs": {
                "batter": 4,
                "extras": 0,
                "total": 4
              }
            }
          ]
        },
        {
          "over": 14,
          "deliveries": [
            {
              "batter": "AC Kerr",
              "bowler": "KL Gordon",
              "non_striker": "RM Ghosh",
              "runs": {
                "batter": 0,
                "extras": 0,
                "total": 0
              }
            },
            {
              "batter": "AC Kerr",
              "bowler": "KL Gordon",
              "non_striker": "RM Ghosh",
              "runs": {
                "batter": 1,
                "extras": 0,
                "total": 1
              }
            },
            {
              "batter": "RM Ghosh",
              "bowler": "KL Gordon",
              "non_striker": "AC Kerr",
              "runs": {
                "batter": 1,
                "extras": 0,
                "total": 1
              }
            },
            {
              "batter": "AC Kerr",
              "bowler": "KL Gordon",
              "non_striker": "RM Ghosh",
              "runs": {
                "batter": 1,
                "extras": 0,
                "total": 1
              }
            },
            {
              "batter": "RM Ghosh",
              "bowler": "KL Gordon",
              "non_striker": "AC Kerr",
              "runs": {
                "batter": 4,
                "extras": 0,
                "total": 4
              }
            }
          ]
        },
        {
          "over": 15,
          "deliveries": [
            {
              "batter": "RM Ghosh",
              "bowler": "A King",
              "non_striker": "AC Kerr",
              "runs": {
                "batter": 2,
                "extras": 0,
                "total": 2
              }
            },
            {
              "batter": "RM Ghosh",
              "bowler": "A King",
              "non_striker": "AC Kerr",
              "runs": {
                "batter": 1,
                "extras": 0,
                "total": 1
              }
            },
            {
              "batter": "AC Kerr",
              "bowler": "A King",
              "non_striker": "RM Ghosh",
              "runs": {
                "batter": 1,
                "extras": 0,
                "total": 1
              }
            },
            {
              "batter": "RM Ghosh",
              "bowler": "A King",
              "non_striker": "AC Kerr",
              "runs": {
                "batter": 0,
                "extras": 0,
                "total": 0
              }
            },
            {
              "batter": "RM Ghosh",
              "bowler": "A King",
              "non_striker": "AC Kerr",
              "runs": {
                "batter": 0,
                "extras": 0,
                "total": 0
              }
            }
          ]
        },
        {
          "over": 16,
          "deliveries": [
            {
              "batter": "AC Kerr",
              "bowler": "BF Smith",
              "non_striker": "RM Ghosh",
              "runs": {
                "batter": 1,
                "extras": 0,
                "total": 1
              }
            },
            {
              "batter": "RM Ghosh",
              "bowler": "BF Smith",
              "non_striker": "AC Kerr",
              "runs": {
                "batter": 1,
                "extras": 0,
                "total": 1
              }
            },
            {
              "batter": "AC Kerr",
              "bowler": "BF Smith",
              "non_striker": "RM Ghosh",
              "runs": {
                "batter": 1,
                "extras": 0,
                "total": 1
              }
            },
            {
              "batter": "RM Ghosh",
              "bowler": "BF Smith",
              "non_striker": "AC Kerr",
              "runs": {
                "batter": 0,
                "extras": 0,
                "total": 0
              }
            },
            {
              "batter": "RM Ghosh",
              "bowler": "BF Smith",
              "non_striker": "AC Kerr",
              "runs": {
                "batter": 1,
                "extras": 0,
                "total": 1
              }
            }
          ]
        },
        {
          "over": 17,
          "deliveries": [
            {
              "batter": "AC Kerr",
              "bowler": "BF Smith",
              "non_striker": "RM Ghosh",
              "runs": {
                "batter": 1,
                "extras": 0,
                "total": 1
              }
            },
            {
              "batter": "RM Ghosh",
              "bowler": "BF Smith",
              "non_striker": "AC Kerr",
              "runs": {
                "batter": 0,
                "extras": 0,
                "total": 0
              },
              "wickets": [
                {
                  "player_out": "RM Ghosh",
                  "fielders": [
                    {
                      "name": "L Lee"
                    }
                  ],
                  "kind": "caught"
                }
              ]
            },
            {
              "batter": "S Munro",
              "bowler": "BF Smith",
              "non_striker": "AC Kerr",
              "runs": {
                "batter": 1,
                "extras": 0,
                "total": 1
              }
            },
            {
              "batter": "AC Kerr",
              "bowler": "BF Smith",
              "non_striker": "S Munro",
              "runs": {
                "batter": 1,
                "extras": 0,
                "total": 1
              }
            },
            {
              "batter": "S Munro",
              "bowler": "BF Smith",
              "non_striker": "AC Kerr",
              "runs": {
                "batter": 2,
                "extras": 0,
                "total": 2
              }
            }
          ]
        },
        {
          "over": 18,
          "deliveries": [
            {
              "batter": "AC Kerr",
              "bowler": "A Stonehouse",
              "non_striker": "S Munro",
              "runs": {
                "batter": 4,
                "extras": 0,
                "total": 4
              }
            },
            {
              "batter": "AC Kerr",
              "bowler": "A Stonehouse",
              "non_striker": "S Munro",
              "runs": {
                "batter": 4,
                "extras": 0,
                "total": 4
              }
            },
            {
              "batter": "AC Kerr",
              "bowler": "A Stonehouse",
              "non_striker": "S Munro",
              "runs": {
                "batter": 2,
                "extras": 0,
                "total": 2
              }
            },
            {
              "batter": "AC Kerr",
              "bowler": "A Stonehouse",
              "non_striker": "S Munro",
              "runs": {
                "batter": 4,
                "extras": 0,
                "total": 4
              }
            },
            {
              "batter": "AC Kerr",
              "bowler": "A Stonehouse",
              "non_striker": "S Munro",
              "runs": {
                "batter": 1,
                "extras": 0,
                "total": 1
              }
            }
          ]
        },
        {
          "over": 19,
          "deliveries": [
            {
              "batter": "S Munro",
              "bowler": "KL Gordon",
              "non_striker": "AC Kerr",
              "runs": {
                "batter": 1,
                "extras": 0,
                "total": 1
              }
            },
            {
              "batter": "AC Kerr",
              "bowler": "KL Gordon",
              "non_striker": "S Munro",
              "runs": {
                "batter": 2,
                "extras": 0,
                "total": 2
              }
            },
            {
              "batter": "AC Kerr",
              "bowler": "KL Gordon",
              "non_striker": "S Munro",
              "runs": {
                "batter": 1,
                "extras": 0,
                "total": 1
              }
            },
            {
              "batter": "S Munro",
              "bowler": "KL Gordon",
              "non_striker": "AC Kerr",
              "runs": {
                "batter": 0,
                "extras": 0,
                "total": 0
              }
            },
            {
              "batter": "S Munro",
              "bowler": "KL Gordon",
              "non_striker": "AC Kerr",
              "runs": {
                "batter": 1,
                "extras": 0,
                "total": 1
              }
            }
          ]
        }
      ],
      "powerplays": [
        {
          "from": 0.1,
          "to": 4.5,
          "type": "mandatory"
        }
      ]
    },
    {
      "team": "Trent Rockets",
      "overs": [
        {
          "over": 0,
          "deliveries": [
            {
              "batter": "L Lee",
              "bowler": "DR Gibson",
              "non_striker": "BF Smith",
              "runs": {
                "batter": 0,
                "extras": 0,
                "total": 0
              }
            },
            {
              "batter": "L Lee",
              "bowler": "DR Gibson",
              "non_striker": "BF Smith",
              "runs": {
                "batter": 4,
                "extras": 0,
                "total": 4
              }
            },
            {
              "batter": "L Lee",
              "bowler": "DR Gibson",
              "non_striker": "BF Smith",
              "runs": {
                "batter": 0,
                "extras": 0,
                "total": 0
              }
            },
            {
              "batter": "L Lee",
              "bowler": "DR Gibson",
              "non_striker": "BF Smith",
              "runs": {
                "batter": 0,
                "extras": 0,
                "total": 0
              }
            },
            {
              "batter": "L Lee",
              "bowler": "DR Gibson",
              "non_striker": "BF Smith",
              "runs": {
                "batter": 0,
                "extras": 0,
                "total": 0
              },
              "wickets": [
                {
                  "player_out": "L Lee",
                  "fielders": [
                    {
                      "name": "GM Harris"
                    }
                  ],
                  "kind": "caught"
                }
              ]
            }
          ]
        },
        {
          "over": 1,
          "deliveries": [
            {
              "batter": "NR Sciver-Brunt",
              "bowler": "L Filer",
              "non_striker": "BF Smith",
              "runs": {
                "batter": 4,
                "extras": 0,
                "total": 4
              }
            },
            {
              "batter": "NR Sciver-Brunt",
              "bowler": "L Filer",
              "non_striker": "BF Smith",
              "runs": {
                "batter": 1,
                "extras": 0,
                "total": 1
              }
            },
            {
              "batter": "BF Smith",
              "bowler": "L Filer",
              "non_striker": "NR Sciver-Brunt",
              "runs": {
                "batter": 0,
                "extras": 0,
                "total": 0
              }
            },
            {
              "batter": "BF Smith",
              "bowler": "L Filer",
              "non_striker": "NR Sciver-Brunt",
              "runs": {
                "batter": 0,
                "extras": 0,
                "total": 0
              }
            },
            {
              "batter": "BF Smith",
              "bowler": "L Filer",
              "non_striker": "NR Sciver-Brunt",
              "runs": {
                "batter": 4,
                "extras": 0,
                "total": 4
              }
            }
          ]
        },
        {
          "over": 2,
          "deliveries": [
            {
              "batter": "NR Sciver-Brunt",
              "bowler": "CE Dean",
              "non_striker": "BF Smith",
              "runs": {
                "batter": 0,
                "extras": 0,
                "total": 0
              }
            },
            {
              "batter": "NR Sciver-Brunt",
              "bowler": "CE Dean",
              "non_striker": "BF Smith",
              "runs": {
                "batter": 1,
                "extras": 0,
                "total": 1
              }
            },
            {
              "batter": "BF Smith",
              "bowler": "CE Dean",
              "non_striker": "NR Sciver-Brunt",
              "runs": {
                "batter": 1,
                "extras": 0,
                "total": 1
              }
            },
            {
              "batter": "NR Sciver-Brunt",
              "bowler": "CE Dean",
              "non_striker": "BF Smith",
              "runs": {
                "batter": 4,
                "extras": 0,
                "total": 4
              }
            },
            {
              "batter": "NR Sciver-Brunt",
              "bowler": "CE Dean",
              "non_striker": "BF Smith",
              "runs": {
                "batter": 0,
                "extras": 0,
                "total": 0
              }
            }
          ]
        },
        {
          "over": 3,
          "deliveries": [
            {
              "batter": "NR Sciver-Brunt",
              "bowler": "TG Norris",
              "non_striker": "BF Smith",
              "runs": {
                "batter": 0,
                "extras": 0,
                "total": 0
              }
            },
            {
              "batter": "NR Sciver-Brunt",
              "bowler": "TG Norris",
              "non_striker": "BF Smith",
              "runs": {
                "batter": 0,
                "extras": 0,
                "total": 0
              }
            },
            {
              "batter": "NR Sciver-Brunt",
              "bowler": "TG Norris",
              "non_striker": "BF Smith",
              "runs": {
                "batter": 0,
                "extras": 0,
                "total": 0
              }
            },
            {
              "batter": "NR Sciver-Brunt",
              "bowler": "TG Norris",
              "non_striker": "BF Smith",
              "runs": {
                "batter": 1,
                "extras": 0,
                "total": 1
              }
            },
            {
              "batter": "BF Smith",
              "bowler": "TG Norris",
              "non_striker": "NR Sciver-Brunt",
              "runs": {
                "batter": 1,
                "extras": 0,
                "total": 1
              }
            }
          ]
        },
        {
          "over": 4,
          "deliveries": [
            {
              "batter": "BF Smith",
              "bowler": "CE Dean",
              "non_striker": "NR Sciver-Brunt",
              "runs": {
                "batter": 0,
                "extras": 0,
                "total": 0
              }
            },
            {
              "batter": "BF Smith",
              "bowler": "CE Dean",
              "non_striker": "NR Sciver-Brunt",
              "runs": {
                "batter": 1,
                "extras": 0,
                "total": 1
              }
            },
            {
              "batter": "NR Sciver-Brunt",
              "bowler": "CE Dean",
              "non_striker": "BF Smith",
              "runs": {
                "batter": 1,
                "extras": 0,
                "total": 1
              }
            },
            {
              "batter": "BF Smith",
              "bowler": "CE Dean",
              "non_striker": "NR Sciver-Brunt",
              "runs": {
                "batter": 0,
                "extras": 0,
                "total": 0
              },
              "wickets": [
                {
                  "player_out": "BF Smith",
                  "kind": "lbw"
                }
              ]
            },
            {
              "batter": "H Kaur",
              "bowler": "CE Dean",
              "non_striker": "NR Sciver-Brunt",
              "runs": {
                "batter": 2,
                "extras": 0,
                "total": 2
              }
            }
          ]
        },
        {
          "over": 5,
          "deliveries": [
            {
              "batter": "H Kaur",
              "bowler": "S Glenn",
              "non_striker": "NR Sciver-Brunt",
              "runs": {
                "batter": 0,
                "extras": 0,
                "total": 0
              }
            },
            {
              "batter": "H Kaur",
              "bowler": "S Glenn",
              "non_striker": "NR Sciver-Brunt",
              "runs": {
                "batter": 1,
                "extras": 0,
                "total": 1
              }
            },
            {
              "batter": "NR Sciver-Brunt",
              "bowler": "S Glenn",
              "non_striker": "H Kaur",
              "runs": {
                "batter": 2,
                "extras": 0,
                "total": 2
              }
            },
            {
              "batter": "NR Sciver-Brunt",
              "bowler": "S Glenn",
              "non_striker": "H Kaur",
              "runs": {
                "batter": 1,
                "extras": 0,
                "total": 1
              }
            },
            {
              "batter": "H Kaur",
              "bowler": "S Glenn",
              "non_striker": "NR Sciver-Brunt",
              "runs": {
                "batter": 0,
                "extras": 0,
                "total": 0
              },
              "wickets": [
                {
                  "player_out": "H Kaur",
                  "kind": "lbw"
                }
              ]
            }
          ]
        },
        {
          "over": 6,
          "deliveries": [
            {
              "batter": "NR Sciver-Brunt",
              "bowler": "G Scrivens",
              "non_striker": "FC Wilson",
              "runs": {
                "batter": 4,
                "extras": 0,
                "total": 4
              }
            },
            {
              "batter": "NR Sciver-Brunt",
              "bowler": "G Scrivens",
              "non_striker": "FC Wilson",
              "runs": {
                "batter": 0,
                "extras": 0,
                "total": 0
              }
            },
            {
              "batter": "NR Sciver-Brunt",
              "bowler": "G Scrivens",
              "non_striker": "FC Wilson",
              "runs": {
                "batter": 1,
                "extras": 0,
                "total": 1
              }
            },
            {
              "batter": "FC Wilson",
              "bowler": "G Scrivens",
              "non_striker": "NR Sciver-Brunt",
              "runs": {
                "batter": 1,
                "extras": 0,
                "total": 1
              }
            },
            {
              "batter": "NR Sciver-Brunt",
              "bowler": "G Scrivens",
              "non_striker": "FC Wilson",
              "runs": {
                "batter": 1,
                "extras": 0,
                "total": 1
              }
            }
          ]
        },
        {
          "over": 7,
          "deliveries": [
            {
              "batter": "FC Wilson",
              "bowler": "AC Kerr",
              "non_striker": "NR Sciver-Brunt",
              "runs": {
                "batter": 0,
                "extras": 0,
                "total": 0
              }
            },
            {
              "batter": "FC Wilson",
              "bowler": "AC Kerr",
              "non_striker": "NR Sciver-Brunt",
              "runs": {
                "batter": 0,
                "extras": 0,
                "total": 0
              }
            },
            {
              "batter": "FC Wilson",
              "bowler": "AC Kerr",
              "non_striker": "NR Sciver-Brunt",
              "runs": {
                "batter": 4,
                "extras": 0,
                "total": 4
              }
            },
            {
              "batter": "FC Wilson",
              "bowler": "AC Kerr",
              "non_striker": "NR Sciver-Brunt",
              "runs": {
                "batter": 0,
                "extras": 0,
                "total": 0
              }
            },
            {
              "batter": "FC Wilson",
              "bowler": "AC Kerr",
              "non_striker": "NR Sciver-Brunt",
              "runs": {
                "batter": 1,
                "extras": 0,
                "total": 1
              }
            }
          ]
        },
        {
          "over": 8,
          "deliveries": [
            {
              "batter": "FC Wilson",
              "bowler": "S Glenn",
              "extras": {
                "legbyes": 1
              },
              "non_striker": "NR Sciver-Brunt",
              "review": {
                "by": "London Spirit",
                "umpire": "J Naeem",
                "batter": "FC Wilson",
                "decision": "struck down"
              },
              "runs": {
                "batter": 0,
                "extras": 1,
                "total": 1
              }
            },
            {
              "batter": "NR Sciver-Brunt",
              "bowler": "S Glenn",
              "non_striker": "FC Wilson",
              "runs": {
                "batter": 1,
                "extras": 0,
                "total": 1
              }
            },
            {
              "batter": "FC Wilson",
              "bowler": "S Glenn",
              "non_striker": "NR Sciver-Brunt",
              "runs": {
                "batter": 1,
                "extras": 0,
                "total": 1
              }
            },
            {
              "batter": "NR Sciver-Brunt",
              "bowler": "S Glenn",
              "non_striker": "FC Wilson",
              "runs": {
                "batter": 4,
                "extras": 0,
                "total": 4
              }
            },
            {
              "batter": "NR Sciver-Brunt",
              "bowler": "S Glenn",
              "non_striker": "FC Wilson",
              "runs": {
                "batter": 0,
                "extras": 0,
                "total": 0
              }
            }
          ]
        },
        {
          "over": 9,
          "deliveries": [
            {
              "batter": "NR Sciver-Brunt",
              "bowler": "L Filer",
              "non_striker": "FC Wilson",
              "runs": {
                "batter": 1,
                "extras": 0,
                "total": 1
              }
            },
            {
              "batter": "FC Wilson",
              "bowler": "L Filer",
              "non_striker": "NR Sciver-Brunt",
              "runs": {
                "batter": 0,
                "extras": 0,
                "total": 0
              }
            },
            {
              "batter": "FC Wilson",
              "bowler": "L Filer",
              "non_striker": "NR Sciver-Brunt",
              "runs": {
                "batter": 0,
                "extras": 0,
                "total": 0
              }
            },
            {
              "batter": "FC Wilson",
              "bowler": "L Filer",
              "non_striker": "NR Sciver-Brunt",
              "runs": {
                "batter": 1,
                "extras": 0,
                "total": 1
              }
            },
            {
              "batter": "NR Sciver-Brunt",
              "bowler": "L Filer",
              "non_striker": "FC Wilson",
              "runs": {
                "batter": 0,
                "extras": 0,
                "total": 0
              }
            }
          ]
        },
        {
          "over": 10,
          "deliveries": [
            {
              "batter": "FC Wilson",
              "bowler": "S Glenn",
              "non_striker": "NR Sciver-Brunt",
              "runs": {
                "batter": 1,
                "extras": 0,
                "total": 1
              }
            },
            {
              "batter": "NR Sciver-Brunt",
              "bowler": "S Glenn",
              "non_striker": "FC Wilson",
              "runs": {
                "batter": 0,
                "extras": 0,
                "total": 0
              }
            },
            {
              "batter": "NR Sciver-Brunt",
              "bowler": "S Glenn",
              "non_striker": "FC Wilson",
              "runs": {
                "batter": 4,
                "extras": 0,
                "total": 4
              }
            },
            {
              "batter": "NR Sciver-Brunt",
              "bowler": "S Glenn",
              "non_striker": "FC Wilson",
              "runs": {
                "batter": 1,
                "extras": 0,
                "total": 1
              }
            },
            {
              "batter": "FC Wilson",
              "bowler": "S Glenn",
              "non_striker": "NR Sciver-Brunt",
              "runs": {
                "batter": 1,
                "extras": 0,
                "total": 1
              }
            }
          ]
        },
        {
          "over": 11,
          "deliveries": [
            {
              "batter": "NR Sciver-Brunt",
              "bowler": "AC Kerr",
              "non_striker": "FC Wilson",
              "runs": {
                "batter": 4,
                "extras": 0,
                "total": 4
              }
            },
            {
              "batter": "NR Sciver-Brunt",
              "bowler": "AC Kerr",
              "non_striker": "FC Wilson",
              "runs": {
                "batter": 2,
                "extras": 0,
                "total": 2
              }
            },
            {
              "batter": "NR Sciver-Brunt",
              "bowler": "AC Kerr",
              "non_striker": "FC Wilson",
              "runs": {
                "batter": 4,
                "extras": 0,
                "total": 4
              }
            },
            {
              "batter": "NR Sciver-Brunt",
              "bowler": "AC Kerr",
              "non_striker": "FC Wilson",
              "runs": {
                "batter": 2,
                "extras": 0,
                "total": 2
              }
            },
            {
              "batter": "NR Sciver-Brunt",
              "bowler": "AC Kerr",
              "non_striker": "FC Wilson",
              "runs": {
                "batter": 1,
                "extras": 0,
                "total": 1
              }
            }
          ]
        },
        {
          "over": 12,
          "deliveries": [
            {
              "batter": "NR Sciver-Brunt",
              "bowler": "L Filer",
              "non_striker": "FC Wilson",
              "runs": {
                "batter": 4,
                "extras": 0,
                "total": 4
              }
            },
            {
              "batter": "NR Sciver-Brunt",
              "bowler": "L Filer",
              "non_striker": "FC Wilson",
              "runs": {
                "batter": 4,
                "extras": 0,
                "total": 4
              }
            },
            {
              "batter": "NR Sciver-Brunt",
              "bowler": "L Filer",
              "non_striker": "FC Wilson",
              "runs": {
                "batter": 1,
                "extras": 0,
                "total": 1
              }
            },
            {
              "batter": "FC Wilson",
              "bowler": "L Filer",
              "extras": {
                "wides": 1
              },
              "non_striker": "NR Sciver-Brunt",
              "runs": {
                "batter": 0,
                "extras": 1,
                "total": 1
              }
            },
            {
              "batter": "FC Wilson",
              "bowler": "L Filer",
              "non_striker": "NR Sciver-Brunt",
              "runs": {
                "batter": 0,
                "extras": 0,
                "total": 0
              },
              "wickets": [
                {
                  "player_out": "FC Wilson",
                  "kind": "bowled"
                }
              ]
            },
            {
              "batter": "ND Dattani",
              "bowler": "L Filer",
              "non_striker": "NR Sciver-Brunt",
              "runs": {
                "batter": 0,
                "extras": 0,
                "total": 0
              }
            }
          ]
        },
        {
          "over": 13,
          "deliveries": [
            {
              "batter": "ND Dattani",
              "bowler": "S Glenn",
              "non_striker": "NR Sciver-Brunt",
              "runs": {
                "batter": 1,
                "extras": 0,
                "total": 1
              }
            },
            {
              "batter": "NR Sciver-Brunt",
              "bowler": "S Glenn",
              "non_striker": "ND Dattani",
              "runs": {
                "batter": 1,
                "extras": 0,
                "total": 1
              }
            },
            {
              "batter": "ND Dattani",
              "bowler": "S Glenn",
              "non_striker": "NR Sciver-Brunt",
              "runs": {
                "batter": 0,
                "extras": 0,
                "total": 0
              }
            },
            {
              "batter": "ND Dattani",
              "bowler": "S Glenn",
              "non_striker": "NR Sciver-Brunt",
              "runs": {
                "batter": 0,
                "extras": 0,
                "total": 0
              },
              "wickets": [
                {
                  "player_out": "ND Dattani",
                  "kind": "bowled"
                }
              ]
            },
            {
              "batter": "J Gardner",
              "bowler": "S Glenn",
              "non_striker": "NR Sciver-Brunt",
              "runs": {
                "batter": 0,
                "extras": 0,
                "total": 0
              }
            }
          ]
        },
        {
          "over": 14,
          "deliveries": [
            {
              "batter": "NR Sciver-Brunt",
              "bowler": "CE Dean",
              "non_striker": "J Gardner",
              "runs": {
                "batter": 0,
                "extras": 0,
                "total": 0
              }
            },
            {
              "batter": "NR Sciver-Brunt",
              "bowler": "CE Dean",
              "non_striker": "J Gardner",
              "runs": {
                "batter": 1,
                "extras": 0,
                "total": 1
              }
            },
            {
              "batter": "J Gardner",
              "bowler": "CE Dean",
              "non_striker": "NR Sciver-Brunt",
              "runs": {
                "batter": 0,
                "extras": 0,
                "total": 0
              }
            },
            {
              "batter": "J Gardner",
              "bowler": "CE Dean",
              "non_striker": "NR Sciver-Brunt",
              "runs": {
                "batter": 0,
                "extras": 0,
                "total": 0
              }
            },
            {
              "batter": "J Gardner",
              "bowler": "CE Dean",
              "non_striker": "NR Sciver-Brunt",
              "runs": {
                "batter": 0,
                "extras": 0,
                "total": 0
              }
            }
          ]
        },
        {
          "over": 15,
          "deliveries": [
            {
              "batter": "J Gardner",
              "bowler": "DR Gibson",
              "non_striker": "NR Sciver-Brunt",
              "runs": {
                "batter": 2,
                "extras": 0,
                "total": 2
              }
            },
            {
              "batter": "J Gardner",
              "bowler": "DR Gibson",
              "non_striker": "NR Sciver-Brunt",
              "runs": {
                "batter": 2,
                "extras": 0,
                "total": 2
              }
            },
            {
              "batter": "J Gardner",
              "bowler": "DR Gibson",
              "non_striker": "NR Sciver-Brunt",
              "runs": {
                "batter": 1,
                "extras": 0,
                "total": 1
              }
            },
            {
              "batter": "NR Sciver-Brunt",
              "bowler": "DR Gibson",
              "non_striker": "J Gardner",
              "runs": {
                "batter": 1,
                "extras": 0,
                "total": 1
              }
            },
            {
              "batter": "J Gardner",
              "bowler": "DR Gibson",
              "non_striker": "NR Sciver-Brunt",
              "runs": {
                "batter": 1,
                "extras": 0,
                "total": 1
              }
            }
          ]
        },
        {
          "over": 16,
          "deliveries": [
            {
              "batter": "J Gardner",
              "bowler": "G Scrivens",
              "non_striker": "NR Sciver-Brunt",
              "runs": {
                "batter": 4,
                "extras": 0,
                "total": 4
              }
            },
            {
              "batter": "J Gardner",
              "bowler": "G Scrivens",
              "non_striker": "NR Sciver-Brunt",
              "runs": {
                "batter": 6,
                "extras": 0,
                "total": 6
              }
            },
            {
              "batter": "J Gardner",
              "bowler": "G Scrivens",
              "non_striker": "NR Sciver-Brunt",
              "runs": {
                "batter": 1,
                "extras": 0,
                "total": 1
              }
            },
            {
              "batter": "NR Sciver-Brunt",
              "bowler": "G Scrivens",
              "non_striker": "J Gardner",
              "runs": {
                "batter": 6,
                "extras": 0,
                "total": 6
              }
            },
            {
              "batter": "NR Sciver-Brunt",
              "bowler": "G Scrivens",
              "non_striker": "J Gardner",
              "runs": {
                "batter": 6,
                "extras": 0,
                "total": 6
              }
            }
          ]
        },
        {
          "over": 17,
          "deliveries": [
            {
              "batter": "NR Sciver-Brunt",
              "bowler": "DR Gibson",
              "non_striker": "J Gardner",
              "runs": {
                "batter": 6,
                "extras": 0,
                "total": 6
              }
            },
            {
              "batter": "NR Sciver-Brunt",
              "bowler": "DR Gibson",
              "extras": {
                "noballs": 2
              },
              "non_striker": "J Gardner",
              "runs": {
                "batter": 6,
                "extras": 2,
                "total": 8
              }
            }
          ]
        }
      ],
      "powerplays": [
        {
          "from": 0.1,
          "to": 4.5,
          "type": "mandatory"
        }
      ],
      "target": {
        "overs": 20,
        "runs": 125
      }
    }
  ]
}