{
  "meta": {
    "data_version": "1.1.0",
    "created": "2023-08-07",
    "revision": 2
  },
  "info": {
    "balls_per_over": 5,
    "city": "London",
    "dates": [
      "2023-08-06"
    ],
    "event": {
      "name": "The Hundred Women's Competition",
      "match_number": 9
    },
    "gender": "female",
    "match_type": "T20",
    "officials": {
      "match_referees": [
        "AJ Swann"
      ],
      "reserve_umpires": [
        "G Bambury"
      ],
      "tv_umpires": [
        "PK Baldwin"
      ],
      "umpires": [
        "James Middlebrook",
        "LB Gcuma"
      ]
    },
    "outcome": {
      "winner": "Welsh Fire",
      "by": {
        "wickets": 3
      }
    },
    "overs": 20,
    "player_of_match": [
      "S Ismail"
    ],
    "players": {
      "Oval Invincibles": [
        "L Winfield-Hill",
        "SW Bates",
        "A Capsey",
        "D van Niekerk",
        "M Kapp",
        "PJ Scholfield",
        "MK Villiers",
        "R MacDonald-Gay",
        "E Gray",
        "Sophia Smale",
        "LE Scott"
      ],
      "Welsh Fire": [
        "TT Beaumont",
        "HK Matthews",
        "SIR Dunkley",
        "GA Elwiss",
        "L Harris",
        "SJ Bryce",
        "E Windsor",
        "FR Davies",
        "A Griffiths",
        "S Ismail",
        "C Nicholas"
      ]
    },
    "registry": {
      "people": {
        "A Capsey": "910dd54e",
        "A Griffiths": "091001f8",
        "AJ Swann": "f9d218a7",
        "C Nicholas": "efc40724",
        "D van Niekerk": "8c5775f3",
        "E Gray": "58717de2",
        "E Windsor": "1d7f8759",
        "FR Davies": "2479daa6",
        "G Bambury": "a8e0ed6a",
        "GA Elwiss": "287ed3a0",
        "HK Matthews": "d32cf49a",
        "James Middlebrook": "ddcd1520",
        "L Harris": "36e2dc83",
        "L Winfield-Hill": "5230a33d",
        "LB Gcuma": "02ba88e3",
        "LE Scott": "ab6573dc",
        "M Kapp": "63e3b6b3",
        "MK Villiers": "cd62f670",
        "PJ Scholfield": "588360ee",
        "PK Baldwin": "6bb53c12",
        "R MacDonald-Gay": "459a7b0a",
        "S Ismail": "108c4c09",
        "SIR Dunkley": "3a9e9cb2",
        "SJ Bryce": "2ca65aee",
        "SW Bates": "89bbc67a",
        "Sophia Smale": "c296dba1",
        "TT Beaumont": "b2664905"
      }
    },
    "season": "2023",
    "team_type": "club",
    "teams": [
      "Oval Invincibles",
      "Welsh Fire"
    ],
    "toss": {
      "decision": "field",
      "winner": "Welsh Fire"
    },
    "venue": "Kennington Oval, London"
  },
  "innings": [
    {
      "team": "Oval Invincibles",
      "overs": [
        {
          "over": 0,
          "deliveries": [
            {
              "batter": "L Winfield-Hill",
              "bowler": "C Nicholas",
              "non_striker": "SW Bates",
              "runs": {
                "batter": 1,
                "extras": 0,
                "total": 1
              }
            },
            {
              "batter": "SW Bates",
              "bowler": "C Nicholas",
              "non_striker": "L Winfield-Hill",
              "runs": {
                "batter": 4,
                "extras": 0,
                "total": 4
              }
            },
            {
              "batter": "SW Bates",
              "bowler": "C Nicholas",
              "non_striker": "L Winfield-Hill",
              "runs": {
                "batter": 1,
                "extras": 0,
                "total": 1
              }
            },
            {
              "batter": "L Winfield-Hill",
              "bowler": "C Nicholas",
              "non_striker": "SW Bates",
              "runs": {
                "batter": 0,
                "extras": 0,
                "total": 0
              }
            },
            {
              "batter": "L Winfield-Hill",
              "bowler": "C Nicholas",
              "non_striker": "SW Bates",
              "runs": {
                "batter": 1,
                "extras": 0,
                "total": 1
              }
            }
          ]
        },
        {
          "over": 1,
          "deliveries": [
            {
              "batter": "SW Bates",
              "bowler": "S Ismail",
              "non_striker": "L Winfield-Hill",
              "runs": {
                "batter": 0,
                "extras": 0,
                "total": 0
              }
            },
            {
              "batter": "SW Bates",
              "bowler": "S Ismail",
              "non_striker": "L Winfield-Hill",
              "runs": {
                "batter": 0,
                "extras": 0,
                "total": 0
              }
            },
            {
              "batter": "SW Bates",
              "bowler": "S Ismail",
              "non_striker": "L Winfield-Hill",
              "runs": {
                "batter": 0,
                "extras": 0,
                "total": 0
              }
            },
            {
              "batter": "SW Bates",
              "bowler": "S Ismail",
              "non_striker": "L Winfield-Hill",
              "runs": {
                "batter": 0,
                "extras": 0,
                "total": 0
              }
            },
            {
              "batter": "SW Bates",
              "bowler": "S Ismail",
              "non_striker": "L Winfield-Hill",
              "runs": {
                "batter": 0,
                "extras": 0,
                "total": 0
              }
            }
          ]
        },
        {
          "over": 2,
          "deliveries": [
            {
              "batter": "L Winfield-Hill",
              "bowler": "FR Davies",
              "non_striker": "SW Bates",
              "runs": {
                "batter": 0,
                "extras": 0,
                "total": 0
              }
            },
            {
              "batter": "L Winfield-Hill",
              "bowler": "FR Davies",
              "non_striker": "SW Bates",
              "runs": {
                "batter": 4,
                "extras": 0,
                "total": 4
              }
            },
            {
              "batter": "L Winfield-Hill",
              "bowler": "FR Davies",
              "non_striker": "SW Bates",
              "runs": {
                "batter": 1,
                "extras": 0,
                "total": 1
              }
            },
            {
              "batter": "SW Bates",
              "bowler": "FR Davies",
              "non_striker": "L Winfield-Hill",
              "runs": {
                "batter": 0,
                "extras": 0,
                "total": 0
              }
            },
            {
              "batter": "SW Bates",
              "bowler": "FR Davies",
              "non_striker": "L Winfield-Hill",
              "runs": {
                "batter": 0,
                "extras": 0,
                "total": 0
              }
            }
          ]
        },
        {
          "over": 3,
          "deliveries": [
            {
              "batter": "SW Bates",
              "bowler": "S Ismail",
              "non_striker": "L Winfield-Hill",
              "runs": {
                "batter": 0,
                "extras": 0,
                "total": 0
              },
              "wickets": [
                {
                  "player_out": "SW Bates",
                  "kind": "bowled"
                }
              ]
            },
            {
              "batter": "A Capsey",
              "bowler": "S Ismail",
              "non_striker": "L Winfield-Hill",
              "runs": {
                "batter": 1,
                "extras": 0,
                "total": 1
              }
            },
            {
              "batter": "L Winfield-Hill",
              "bowler": "S Ismail",
              "non_striker": "A Capsey",
              "runs": {
                "batter": 2,
                "extras": 0,
                "total": 2
              }
            },
            {
              "batter": "L Winfield-Hill",
              "bowler": "S Ismail",
              "non_striker": "A Capsey",
              "runs": {
                "batter": 1,
                "extras": 0,
                "total": 1
              }
            },
            {
              "batter": "A Capsey",
              "bowler": "S Ismail",
              "non_striker": "L Winfield-Hill",
              "runs": {
                "batter": 0,
                "extras": 0,
                "total": 0
              }
            }
          ]
        },
        {
          "over": 4,
          "deliveries": [
            {
              "batter": "L Winfield-Hill",
              "bowler": "FR Davies",
              "non_striker": "A Capsey",
              "runs": {
                "batter": 0,
                "extras": 0,
                "total": 0
              }
            },
            {
              "batter": "L Winfield-Hill",
              "bowler": "FR Davies",
              "non_striker": "A Capsey",
              "runs": {
                "batter": 0,
                "extras": 0,
                "total": 0
              }
            },
            {
              "batter": "L Winfield-Hill",
              "bowler": "FR Davies",
              "non_striker": "A Capsey",
              "runs": {
                "batter": 4,
                "extras": 0,
                "total": 4
              }
            },
            {
              "batter": "L Winfield-Hill",
              "bowler": "FR Davies",
              "non_striker": "A Capsey",
              "runs": {
                "batter": 1,
                "extras": 0,
                "total": 1
              }
            },
            {
              "batter": "A Capsey",
              "bowler": "FR Davies",
              "non_striker": "L Winfield-Hill",
              "runs": {
                "batter": 0,
                "extras": 0,
                "total": 0
              }
            }
          ]
        },
        {
          "over": 5,
          "deliveries": [
            {
              "batter": "A Capsey",
              "bowler": "GA Elwiss",
              "non_striker": "L Winfield-Hill",
              "runs": {
                "batter": 2,
                "extras": 0,
                "total": 2
              }
            },
            {
              "batter": "A Capsey",
              "bowler": "GA Elwiss",
              "non_striker": "L Winfield-Hill",
              "runs": {
                "batter": 0,
                "extras": 0,
                "total": 0
              },
              "wickets": [
                {
                  "player_out": "A Capsey",
                  "fielders": [
                    {
                      "name": "A Griffiths"
                    }
                  ],
                  "kind": "caught"
                }
              ]
            },
            {
              "batter": "D van Niekerk",
              "bowler": "GA Elwiss",
              "non_striker": "L Winfield-Hill",
              "runs": {
                "batter": 0,
                "extras": 0,
                "total": 0
              }
            },
            {
              "batter": "D van Niekerk",
              "bowler": "GA Elwiss",
              "non_striker": "L Winfield-Hill",
              "runs": {
                "batter": 0,
                "extras": 0,
                "total": 0
              }
            },
            {
              "batter": "D van Niekerk",
              "bowler": "GA Elwiss",
              "non_striker": "L Winfield-Hill",
              "runs": {
                "batter": 0,
                "extras": 0,
                "total": 0
              }
            }
          ]
        },
        {
          "over": 6,
          "deliveries": [
            {
              "batter": "L Winfield-Hill",
              "bowler": "C Nicholas",
              "non_striker": "D van Niekerk",
              "runs": {
                "batter": 1,
                "extras": 0,
                "total": 1
              }
            },
            {
              "batter": "D van Niekerk",
              "bowler": "C Nicholas",
              "non_striker": "L Winfield-Hill",
              "runs": {
                "batter": 1,
                "extras": 0,
                "total": 1
              }
            },
            {
              "batter": "L Winfield-Hill",
              "bowler": "C Nicholas",
              "non_striker": "D van Niekerk",
              "runs": {
                "batter": 0,
                "extras": 0,
                "total": 0
              }
            },
            {
              "batter": "L Winfield-Hill",
              "bowler": "C Nicholas",
              "non_striker": "D van Niekerk",
              "runs": {
                "batter": 1,
                "extras": 0,
                "total": 1
              }
            },
            {
              "batter": "D van Niekerk",
              "bowler": "C Nicholas",
              "non_striker": "L Winfield-Hill",
              "runs": {
                "batter": 1,
                "extras": 0,
                "total": 1
              }
            }
          ]
        },
        {
          "over": 7,
          "deliveries": [
            {
              "batter": "L Winfield-Hill",
              "bowler": "A Griffiths",
              "non_striker": "D van Niekerk",
              "runs": {
                "batter": 1,
                "extras": 0,
                "total": 1
              }
            },
            {
              "batter": "D van Niekerk",
              "bowler": "A Griffiths",
              "non_striker": "L Winfield-Hill",
              "runs": {
                "batter": 0,
                "extras": 0,
                "total": 0
              },
              "wickets": [
                {
                  "player_out": "D van Niekerk",
                  "kind": "bowled"
                }
              ]
            },
            {
              "batter": "M Kapp",
              "bowler": "A Griffiths",
              "non_striker": "L Winfield-Hill",
              "runs": {
                "batter": 0,
                "extras": 0,
                "total": 0
              }
            },
            {
              "batter": "M Kapp",
              "bowler": "A Griffiths",
              "non_striker": "L Winfield-Hill",
              "runs": {
                "batter": 2,
                "extras": 0,
                "total": 2
              }
            },
            {
              "batter": "M Kapp",
              "bowler": "A Griffiths",
              "non_striker": "L Winfield-Hill",
              "runs": {
                "batter": 1,
                "extras": 0,
                "total": 1
              }
            }
          ]
        },
        {
          "over": 8,
          "deliveries": [
            {
              "batter": "M Kapp",
              "bowler": "GA Elwiss",
              "non_striker": "L Winfield-Hill",
              "runs": {
                "batter": 0,
                "extras": 0,
                "total": 0
              }
            },
            {
              "batter": "M Kapp",
              "bowler": "GA Elwiss",
              "non_striker": "L Winfield-Hill",
              "runs": {
                "batter": 0,
                "extras": 0,
                "total": 0
              }
            },
            {
              "batter": "M Kapp",
              "bowler": "GA Elwiss",
              "non_striker": "L Winfield-Hill",
              "runs": {
                "batter": 0,
                "extras": 0,
                "total": 0
              },
              "wickets": [
                {
                  "player_out": "M Kapp",
                  "kind": "bowled"
                }
              ]
            },
            {
              "batter": "PJ Scholfield",
              "bowler": "GA Elwiss",
              "non_striker": "L Winfield-Hill",
              "runs": {
                "batter": 1,
                "extras": 0,
                "total": 1
              }
            },
            {
              "batter": "L Winfield-Hill",
              "bowler": "GA Elwiss",
              "non_striker": "PJ Scholfield",
              "runs": {
                "batter": 1,
                "extras": 0,
                "total": 1
              }
            }
          ]
        },
        {
          "over": 9,
          "deliveries": [
            {
              "batter": "PJ Scholfield",
              "bowler": "C Nicholas",
              "extras": {
                "wides": 1
              },
              "non_striker": "L Winfield-Hill",
              "runs": {
                "batter": 0,
                "extras": 1,
                "total": 1
              }
            },
            {
              "batter": "PJ Scholfield",
              "bowler": "C Nicholas",
              "non_striker": "L Winfield-Hill",
              "runs": {
                "batter": 0,
                "extras": 0,
                "total": 0
              }
            },
            {
              "batter": "PJ Scholfield",
              "bowler": "C Nicholas",
              "non_striker": "L Winfield-Hill",
              "runs": {
                "batter": 1,
                "extras": 0,
                "total": 1
              }
            },
            {
              "batter": "L Winfield-Hill",
              "bowler": "C Nicholas",
              "non_striker": "PJ Scholfield",
              "runs": {
                "batter": 1,
                "extras": 0,
                "total": 1
              }
            },
            {
              "batter": "PJ Scholfield",
              "bowler": "C Nicholas",
              "non_striker": "L Winfield-Hill",
              "runs": {
                "batter": 0,
                "extras": 0,
                "total": 0
              }
            },
            {
              "batter": "PJ Scholfield",
              "bowler": "C Nicholas",
              "non_striker": "L Winfield-Hill",
              "runs": {
                "batter": 1,
                "extras": 0,
                "total": 1
              }
            }
          ]
        },
        {
          "over": 10,
          "deliveries": [
            {
              "batter": "PJ Scholfield",
              "bowler": "A Griffiths",
              "non_striker": "L Winfield-Hill",
              "runs": {
                "batter": 0,
                "extras": 0,
                "total": 0
              }
            },
            {
              "batter": "PJ Scholfield",
              "bowler": "A Griffiths",
              "non_striker": "L Winfield-Hill",
              "runs": {
                "batter": 2,
                "extras": 0,
                "total": 2
              }
            },
            {
              "batter": "PJ Scholfield",
              "bowler": "A Griffiths",
              "non_striker": "L Winfield-Hill",
              "runs": {
                "batter": 0,
                "extras": 0,
                "total": 0
              },
              "wickets": [
                {
                  "player_out": "PJ Scholfield",
                  "fielders": [
                    {
                      "name": "SIR Dunkley"
                    }
                  ],
                  "kind": "caught"
                }
              ]
            },
            {
              "batter": "MK Villiers",
              "bowler": "A Griffiths",
              "non_striker": "L Winfield-Hill",
              "runs": {
                "batter": 0,
                "extras": 0,
                "total": 0
              }
            },
            {
              "batter": "MK Villiers",
              "bowler": "A Griffiths",
              "non_striker": "L Winfield-Hill",
              "runs": {
                "batter": 0,
                "extras": 0,
                "total": 0
              }
            }
          ]
        },
        {
          "over": 11,
          "deliveries": [
            {
              "batter": "MK Villiers",
              "bowler": "S Ismail",
              "non_striker": "L Winfield-Hill",
              "runs": {
                "batter": 0,
                "extras": 0,
                "total": 0
              },
              "wickets": [
                {
                  "player_out": "MK Villiers",
                  "kind": "bowled"
                }
              ]
            },
            {
              "batter": "R MacDonald-Gay",
              "bowler": "S Ismail",
              "non_striker": "L Winfield-Hill",
              "runs": {
                "batter": 0,
                "extras": 0,
                "total": 0
              },
              "wickets": [
                {
                  "player_out": "R MacDonald-Gay",
                  "kind": "lbw"
                }
              ]
            },
            {
              "batter": "E Gray",
              "bowler": "S Ismail",
              "non_striker": "L Winfield-Hill",
              "runs": {
                "batter": 0,
                "extras": 0,
                "total": 0
              }
            },
            {
              "batter": "E Gray",
              "bowler": "S Ismail",
              "non_striker": "L Winfield-Hill",
              "runs": {
                "batter": 0,
                "extras": 0,
                "total": 0
              }
            },
            {
              "batter": "E Gray",
              "bowler": "S Ismail",
              "non_striker": "L Winfield-Hill",
              "runs": {
                "batter": 1,
                "extras": 0,
                "total": 1
              }
            }
          ]
        },
        {
          "over": 12,
          "deliveries": [
            {
              "batter": "E Gray",
              "bowler": "C Nicholas",
              "non_striker": "L Winfield-Hill",
              "review": {
                "by": "Oval Invincibles",
                "umpire": "James Middlebrook",
                "batter": "E Gray",
                "decision": "struck down"
              },
              "runs": {
                "batter": 0,
                "extras": 0,
                "total": 0
              },
              "wickets": [
                {
                  "player_out": "E Gray",
                  "kind": "lbw"
                }
              ]
            },
            {
              "batter": "Sophia Smale",
              "bowler": "C Nicholas",
              "non_striker": "L Winfield-Hill",
              "runs": {
                "batter": 0,
                "extras": 0,
                "total": 0
              }
            },
            {
              "batter": "Sophia Smale",
              "bowler": "C Nicholas",
              "non_striker": "L Winfield-Hill",
              "runs": {
                "batter": 1,
                "extras": 0,
                "total": 1
              }
            },
            {
              "batter": "L Winfield-Hill",
              "bowler": "C Nicholas",
              "non_striker": "Sophia Smale",
              "runs": {
                "batter": 1,
                "extras": 0,
                "total": 1
              }
            },
            {
              "batter": "Sophia Smale",
              "bowler": "C Nicholas",
              "non_striker": "L Winfield-Hill",
              "runs": {
                "batter": 0,
                "extras": 0,
                "total": 0
              }
            }
          ]
        },
        {
          "over": 13,
          "deliveries": [
            {
              "batter": "Sophia Smale",
              "bowler": "S Ismail",
              "non_striker": "L Winfield-Hill",
              "runs": {
                "batter": 0,
                "extras": 0,
                "total": 0
              }
            },
            {
              "batter": "Sophia Smale",
              "bowler": "S Ismail",
              "non_striker": "L Winfield-Hill",
              "runs": {
                "batter": 1,
                "extras": 0,
                "total": 1
              }
            },
            {
              "batter": "L Winfield-Hill",
              "bowler": "S Ismail",
              "non_striker": "Sophia Smale",
              "runs": {
                "batter": 4,
                "extras": 0,
                "total": 4
              }
            },
            {
              "batter": "L Winfield-Hill",
              "bowler": "S Ismail",
              "non_striker": "Sophia Smale",
              "runs": {
                "batter": 0,
                "extras": 0,
                "total": 0
              }
            },
            {
              "batter": "L Winfield-Hill",
              "bowler": "S Ismail",
              "non_striker": "Sophia Smale",
              "runs": {
                "batter": 2,
                "extras": 0,
                "total": 2
              }
            }
          ]
        },
        {
          "over": 14,
          "deliveries": [
            {
              "batter": "Sophia Smale",
              "bowler": "A Griffiths",
              "non_striker": "L Winfield-Hill",
              "runs": {
                "batter": 4,
                "extras": 0,
                "total": 4
              }
            },
            {
              "batter": "Sophia Smale",
              "bowler": "A Griffiths",
              "non_striker": "L Winfield-Hill",
              "runs": {
                "batter": 1,
                "extras": 0,
                "total": 1
              }
            },
            {
              "batter": "L Winfield-Hill",
              "bowler": "A Griffiths",
              "non_striker": "Sophia Smale",
              "runs": {
                "batter": 1,
                "extras": 0,
                "total": 1
              }
            },
            {
              "batter": "Sophia Smale",
              "bowler": "A Griffiths",
              "non_striker": "L Winfield-Hill",
              "runs": {
                "batter": 0,
                "extras": 0,
                "total": 0
              }
            },
            {
              "batter": "Sophia Smale",
              "bowler": "A Griffiths",
              "non_striker": "L Winfield-Hill",
              "runs": {
                "batter": 0,
                "extras": 0,
                "total": 0
              },
              "wickets": [
                {
                  "player_out": "Sophia Smale",
                  "fielders": [
                    {
                      "name": "FR Davies"
                    },
                    {
                      "name": "A Griffiths"
                    }
                  ],
                  "kind": "run out"
                }
              ]
            }
          ]
        },
        {
          "over": 15,
          "deliveries": [
            {
              "batter": "L Winfield-Hill",
              "bowler": "FR Davies",
              "non_striker": "LE Scott",
              "runs": {
                "batter": 1,
                "extras": 0,
                "total": 1
              }
            },
            {
              "batter": "LE Scott",
              "bowler": "FR Davies",
              "non_striker": "L Winfield-Hill",
              "runs": {
                "batter": 0,
                "extras": 0,
                "total": 0
              }
            },
            {
              "batter": "LE Scott",
              "bowler": "FR Davies",
              "non_striker": "L Winfield-Hill",
              "runs": {
                "batter": 0,
                "extras": 0,
                "total": 0
              }
            },
            {
              "batter": "LE Scott",
              "bowler": "FR Davies",
              "extras": {
                "byes": 1
              },
              "non_striker": "L Winfield-Hill",
              "runs": {
                "batter": 0,
                "extras": 1,
                "total": 1
              }
            },
            {
              "batter": "L Winfield-Hill",
              "bowler": "FR Davies",
              "non_striker": "LE Scott",
              "runs": {
                "batter": 4,
                "extras": 0,
                "total": 4
              }
            }
          ]
        },
        {
          "over": 16,
          "deliveries": [
            {
              "batter": "LE Scott",
              "bowler": "SIR Dunkley",
              "non_striker": "L Winfield-Hill",
              "runs": {
                "batter": 4,
                "extras": 0,
                "total": 4
              }
            },
            {
              "batter": "LE Scott",
              "bowler": "SIR Dunkley",
              "non_striker": "L Winfield-Hill",
              "runs": {
                "batter": 0,
                "extras": 0,
                "total": 0
              }
            },
            {
              "batter": "LE Scott",
              "bowler": "SIR Dunkley",
              "non_striker": "L Winfield-Hill",
              "runs": {
                "batter": 1,
                "extras": 0,
                "total": 1
              }
            },
            {
              "batter": "L Winfield-Hill",
              "bowler": "SIR Dunkley",
              "non_striker": "LE Scott",
              "runs": {
                "batter": 0,
                "extras": 0,
                "total": 0
              }
            },
            {
              "batter": "L Winfield-Hill",
              "bowler": "SIR Dunkley",
              "non_striker": "LE Scott",
              "runs": {
                "batter": 1,
                "extras": 0,
                "total": 1
              }
            }
          ]
        },
        {
          "over": 17,
          "deliveries": [
            {
              "batter": "LE Scott",
              "bowler": "A Griffiths",
              "extras": {
                "byes": 2
              },
              "non_striker": "L Winfield-Hill",
              "runs": {
                "batter": 0,
                "extras": 2,
                "total": 2
              }
            },
            {
              "batter": "LE Scott",
              "bowler": "A Griffiths",
              "non_striker": "L Winfield-Hill",
              "runs": {
                "batter": 1,
                "extras": 0,
                "total": 1
              }
            },
            {
              "batter": "L Winfield-Hill",
              "bowler": "A Griffiths",
              "non_striker": "LE Scott",
              "runs": {
                "batter": 0,
                "extras": 0,
                "total": 0
              }
            },
            {
              "batter": "L Winfield-Hill",
              "bowler": "A Griffiths",
              "non_striker": "LE Scott",
              "runs": {
                "batter": 1,
                "extras": 0,
                "total": 1
              }
            },
            {
              "batter": "LE Scott",
              "bowler": "A Griffiths",
              "extras": {
                "wides": 1
              },
              "non_striker": "L Winfield-Hill",
              "runs": {
                "batter": 0,
                "extras": 1,
                "total": 1
              }
            },
            {
              "batter": "LE Scott",
              "bowler": "A Griffiths",
              "non_striker": "L Winfield-Hill",
              "runs": {
                "batter": 0,
                "extras": 0,
                "total": 0
              }
            }
          ]
        },
        {
          "over": 18,
          "deliveries": [
            {
              "batter": "L Winfield-Hill",
              "bowler": "HK Matthews",
              "non_striker": "LE Scott",
              "runs": {
                "batter": 2,
                "extras": 0,
                "total": 2
              }
            },
            {
              "batter": "L Winfield-Hill",
              "bowler": "HK Matthews",
              "non_striker": "LE Scott",
              "runs": {
                "batter": 1,
                "extras": 0,
                "total": 1
              }
            },
            {
              "batter": "LE Scott",
              "bowler": "HK Matthews",
              "non_striker": "L Winfield-Hill",
              "runs": {
                "batter": 0,
                "extras": 0,
                "total": 0
              }
            },
            {
              "batter": "LE Scott",
              "bowler": "HK Matthews",
              "non_striker": "L Winfield-Hill",
              "runs": {
                "batter": 1,
                "extras": 0,
                "total": 1
              }
            },
            {
              "batter": "L Winfield-Hill",
              "bowler": "HK Matthews",
              "non_striker": "LE Scott",
              "runs": {
                "batter": 4,
                "extras": 0,
                "total": 4
              }
            }
          ]
        },
        {
          "over": 19,
          "deliveries": [
            {
              "batter": "L Winfield-Hill",
              "bowler": "FR Davies",
              "non_striker": "LE Scott",
              "runs": {
                "batter": 0,
                "extras": 0,
                "total": 0
              }
            },
            {
              "batter": "L Winfield-Hill",
              "bowler": "FR Davies",
              "non_striker": "LE Scott",
              "runs": {
                "batter": 0,
                "extras": 0,
                "total": 0
              }
            },
            {
              "batter": "L Winfield-Hill",
              "bowler": "FR Davies",
              "non_striker": "LE Scott",
              "runs": {
                "batter": 0,
                "extras": 0,
                "total": 0
              },
              "wickets": [
                {
                  "player_out": "L Winfield-Hill",
                  "kind": "bowled"
                }
              ]
            }
          ]
        }
      ],
      "powerplays": [
        {
          "from": 0.1,
          "to": 4.5,
          "type": "mandatory"
        }
      ]
    },
    {
      "team": "Welsh Fire",
      "overs": [
        {
          "over": 0,
          "deliveries": [
            {
              "batter": "TT Beaumont",
              "bowler": "M Kapp",
              "non_striker": "HK Matthews",
              "runs": {
                "batter": 0,
                "extras": 0,
                "total": 0
              },
              "wickets": [
                {
                  "player_out": "TT Beaumont",
                  "fielders": [
                    {
                      "name": "D van Niekerk"
                    }
                  ],
                  "kind": "caught"
                }
              ]
            },
            {
              "batter": "SIR Dunkley",
              "bowler": "M Kapp",
              "non_striker": "HK Matthews",
              "runs": {
                "batter": 4,
                "extras": 0,
                "total": 4
              }
            },
            {
              "batter": "SIR Dunkley",
              "bowler": "M Kapp",
              "non_striker": "HK Matthews",
              "runs": {
                "batter": 1,
                "extras": 0,
                "total": 1
              }
            },
            {
              "batter": "HK Matthews",
              "bowler": "M Kapp",
              "non_striker": "SIR Dunkley",
              "runs": {
                "batter": 0,
                "extras": 0,
                "total": 0
              }
            },
            {
              "batter": "HK Matthews",
              "bowler": "M Kapp",
              "non_striker": "SIR Dunkley",
              "runs": {
                "batter": 0,
                "extras": 0,
                "total": 0
              }
            }
          ]
        },
        {
          "over": 1,
          "deliveries": [
            {
              "batter": "HK Matthews",
              "bowler": "M Kapp",
              "non_striker": "SIR Dunkley",
              "runs": {
                "batter": 0,
                "extras": 0,
                "total": 0
              }
            },
            {
              "batter": "HK Matthews",
              "bowler": "M Kapp",
              "non_striker": "SIR Dunkley",
              "runs": {
                "batter": 0,
                "extras": 0,
                "total": 0
              },
              "wickets": [
                {
                  "player_out": "HK Matthews",
                  "fielders": [
                    {
                      "name": "A Capsey"
                    }
                  ],
                  "kind": "caught"
                }
              ]
            },
            {
              "batter": "GA Elwiss",
              "bowler": "M Kapp",
              "non_striker": "SIR Dunkley",
              "runs": {
                "batter": 0,
                "extras": 0,
                "total": 0
              }
            },
            {
              "batter": "GA Elwiss",
              "bowler": "M Kapp",
              "non_striker": "SIR Dunkley",
              "runs": {
                "batter": 0,
                "extras": 0,
                "total": 0
              }
            },
            {
              "batter": "GA Elwiss",
              "bowler": "M Kapp",
              "non_striker": "SIR Dunkley",
              "runs": {
                "batter": 1,
                "extras": 0,
                "total": 1
              }
            }
          ]
        },
        {
          "over": 2,
          "deliveries": [
            {
              "batter": "GA Elwiss",
              "bowler": "LE Scott",
              "non_striker": "SIR Dunkley",
              "runs": {
                "batter": 1,
                "extras": 0,
                "total": 1
              }
            },
            {
              "batter": "SIR Dunkley",
              "bowler": "LE Scott",
              "non_striker": "GA Elwiss",
              "runs": {
                "batter": 0,
                "extras": 0,
                "total": 0
              }
            },
            {
              "batter": "SIR Dunkley",
              "bowler": "LE Scott",
              "non_striker": "GA Elwiss",
              "runs": {
                "batter": 4,
                "extras": 0,
                "total": 4
              }
            },
            {
              "batter": "SIR Dunkley",
              "bowler": "LE Scott",
              "non_striker": "GA Elwiss",
              "runs": {
                "batter": 4,
                "extras": 0,
                "total": 4
              }
            },
            {
              "batter": "SIR Dunkley",
              "bowler": "LE Scott",
              "non_striker": "GA Elwiss",
              "runs": {
                "batter": 0,
                "extras": 0,
                "total": 0
              }
            }
          ]
        },
        {
          "over": 3,
          "deliveries": [
            {
              "batter": "SIR Dunkley",
              "bowler": "A Capsey",
              "non_striker": "GA Elwiss",
              "runs": {
                "batter": 4,
                "extras": 0,
                "total": 4
              }
            },
            {
              "batter": "SIR Dunkley",
              "bowler": "A Capsey",
              "non_striker": "GA Elwiss",
              "runs": {
                "batter": 1,
                "extras": 0,
                "total": 1
              }
            },
            {
              "batter": "GA Elwiss",
              "bowler": "A Capsey",
              "non_striker": "SIR Dunkley",
              "runs": {
                "batter": 0,
                "extras": 0,
                "total": 0
              }
            },
            {
              "batter": "GA Elwiss",
              "bowler": "A Capsey",
              "non_striker": "SIR Dunkley",
              "runs": {
                "batter": 1,
                "extras": 0,
                "total": 1
              }
            },
            {
              "batter": "SIR Dunkley",
              "bowler": "A Capsey",
              "non_striker": "GA Elwiss",
              "runs": {
                "batter": 1,
                "extras": 0,
                "total": 1
              }
            }
          ]
        },
        {
          "over": 4,
          "deliveries": [
            {
              "batter": "SIR Dunkley",
              "bowler": "M Kapp",
              "non_striker": "GA Elwiss",
              "runs": {
                "batter": 0,
                "extras": 0,
                "total": 0
              }
            },
            {
              "batter": "SIR Dunkley",
              "bowler": "M Kapp",
              "non_striker": "GA Elwiss",
              "runs": {
                "batter": 4,
                "extras": 0,
                "total": 4
              }
            },
            {
              "batter": "SIR Dunkley",
              "bowler": "M Kapp",
              "non_striker": "GA Elwiss",
              "runs": {
                "batter": 1,
                "extras": 0,
                "total": 1
              }
            },
            {
              "batter": "GA Elwiss",
              "bowler": "M Kapp",
              "non_striker": "SIR Dunkley",
              "runs": {
                "batter": 2,
                "extras": 0,
                "total": 2
              }
            },
            {
              "batter": "GA Elwiss",
              "bowler": "M Kapp",
              "extras": {
                "wides": 1
              },
              "non_striker": "SIR Dunkley",
              "runs": {
                "batter": 0,
                "extras": 1,
                "total": 1
              }
            },
            {
              "batter": "GA Elwiss",
              "bowler": "M Kapp",
              "non_striker": "SIR Dunkley",
              "runs": {
                "batter": 0,
                "extras": 0,
                "total": 0
              }
            }
          ]
        },
        {
          "over": 5,
          "deliveries": [
            {
              "batter": "GA Elwiss",
              "bowler": "PJ Scholfield",
              "non_striker": "SIR Dunkley",
              "runs": {
                "batter": 1,
                "extras": 0,
                "total": 1
              }
            },
            {
              "batter": "SIR Dunkley",
              "bowler": "PJ Scholfield",
              "non_striker": "GA Elwiss",
              "runs": {
                "batter": 1,
                "extras": 0,
                "total": 1
              }
            },
            {
              "batter": "GA Elwiss",
              "bowler": "PJ Scholfield",
              "non_striker": "SIR Dunkley",
              "runs": {
                "batter": 0,
                "extras": 0,
                "total": 0
              }
            },
            {
              "batter": "GA Elwiss",
              "bowler": "PJ Scholfield",
              "non_striker": "SIR Dunkley",
              "runs": {
                "batter": 0,
                "extras": 0,
                "total": 0
              }
            },
            {
              "batter": "GA Elwiss",
              "bowler": "PJ Scholfield",
              "non_striker": "SIR Dunkley",
              "runs": {
                "batter": 0,
                "extras": 0,
                "total": 0
              }
            }
          ]
        },
        {
          "over": 6,
          "deliveries": [
            {
              "batter": "SIR Dunkley",
              "bowler": "R MacDonald-Gay",
              "non_striker": "GA Elwiss",
              "runs": {
                "batter": 0,
                "extras": 0,
                "total": 0
              }
            },
            {
              "batter": "SIR Dunkley",
              "bowler": "R MacDonald-Gay",
              "non_striker": "GA Elwiss",
              "runs": {
                "batter": 0,
                "extras": 0,
                "total": 0
              }
            },
            {
              "batter": "SIR Dunkley",
              "bowler": "R MacDonald-Gay",
              "non_striker": "GA Elwiss",
              "runs": {
                "batter": 0,
                "extras": 0,
                "total": 0
              }
            },
            {
              "batter": "SIR Dunkley",
              "bowler": "R MacDonald-Gay",
              "non_striker": "GA Elwiss",
              "runs": {
                "batter": 1,
                "extras": 0,
                "total": 1
              }
            },
            {
              "batter": "GA Elwiss",
              "bowler": "R MacDonald-Gay",
              "non_striker": "SIR Dunkley",
              "runs": {
                "batter": 0,
                "extras": 0,
                "total": 0
              }
            }
          ]
        },
        {
          "over": 7,
          "deliveries": [
            {
              "batter": "GA Elwiss",
              "bowler": "R MacDonald-Gay",
              "non_striker": "SIR Dunkley",
              "runs": {
                "batter": 1,
                "extras": 0,
                "total": 1
              }
            },
            {
              "batter": "SIR Dunkley",
              "bowler": "R MacDonald-Gay",
              "non_striker": "GA Elwiss",
              "runs": {
                "batter": 1,
                "extras": 0,
                "total": 1
              }
            },
            {
              "batter": "GA Elwiss",
              "bowler": "R MacDonald-Gay",
              "non_striker": "SIR Dunkley",
              "runs": {
                "batter": 1,
                "extras": 0,
                "total": 1
              }
            },
            {
              "batter": "SIR Dunkley",
              "bowler": "R MacDonald-Gay",
              "non_striker": "GA Elwiss",
              "runs": {
                "batter": 1,
                "extras": 0,
                "total": 1
              }
            },
            {
              "batter": "GA Elwiss",
              "bowler": "R MacDonald-Gay",
              "non_striker": "SIR Dunkley",
              "runs": {
                "batter": 1,
                "extras": 0,
                "total": 1
              }
            }
          ]
        },
        {
          "over": 8,
          "deliveries": [
            {
              "batter": "GA Elwiss",
              "bowler": "PJ Scholfield",
              "non_striker": "SIR Dunkley",
              "runs": {
                "batter": 4,
                "extras": 0,
                "total": 4
              }
            },
            {
              "batter": "GA Elwiss",
              "bowler": "PJ Scholfield",
              "non_striker": "SIR Dunkley",
              "runs": {
                "batter": 2,
                "extras": 0,
                "total": 2
              }
            },
            {
              "batter": "GA Elwiss",
              "bowler": "PJ Scholfield",
              "non_striker": "SIR Dunkley",
              "runs": {
                "batter": 1,
                "extras": 0,
                "total": 1
              }
            },
            {
              "batter": "SIR Dunkley",
              "bowler": "PJ Scholfield",
              "non_striker": "GA Elwiss",
              "runs": {
                "batter": 0,
                "extras": 0,
                "total": 0
              }
            },
            {
              "batter": "SIR Dunkley",
              "bowler": "PJ Scholfield",
              "non_striker": "GA Elwiss",
              "runs": {
                "batter": 0,
                "extras": 0,
                "total": 0
              },
              "wickets": [
                {
                  "player_out": "SIR Dunkley",
                  "fielders": [
                    {
                      "name": "SW Bates"
                    }
                  ],
                  "kind": "caught"
                }
              ]
            }
          ]
        },
        {
          "over": 9,
          "deliveries": [
            {
              "batter": "L Harris",
              "bowler": "PJ Scholfield",
              "non_striker": "GA Elwiss",
              "runs": {
                "batter": 0,
                "extras": 0,
                "total": 0
              },
              "wickets": [
                {
                  "player_out": "L Harris",
                  "fielders": [
                    {
                      "name": "D van Niekerk"
                    }
                  ],
                  "kind": "caught"
                }
              ]
            },
            {
              "batter": "SJ Bryce",
              "bowler": "PJ Scholfield",
              "non_striker": "GA Elwiss",
              "runs": {
                "batter": 0,
                "extras": 0,
                "total": 0
              }
            },
            {
              "batter": "SJ Bryce",
              "bowler": "PJ Scholfield",
              "extras": {
                "wides": 1
              },
              "non_striker": "GA Elwiss",
              "runs": {
                "batter": 0,
                "extras": 1,
                "total": 1
              }
            },
            {
              "batter": "SJ Bryce",
              "bowler": "PJ Scholfield",
              "non_striker": "GA Elwiss",
              "runs": {
                "batter": 0,
                "extras": 0,
                "total": 0
              }
            },
            {
              "batter": "SJ Bryce",
              "bowler": "PJ Scholfield",
              "non_striker": "GA Elwiss",
              "runs": {
                "batter": 1,
                "extras": 0,
                "total": 1
              }
            },
            {
              "batter": "GA Elwiss",
              "bowler": "PJ Scholfield",
              "non_striker": "SJ Bryce",
              "runs": {
                "batter": 1,
                "extras": 0,
                "total": 1
              }
            }
          ]
        },
        {
          "over": 10,
          "deliveries": [
            {
              "batter": "GA Elwiss",
              "bowler": "R MacDonald-Gay",
              "non_striker": "SJ Bryce",
              "runs": {
                "batter": 2,
                "extras": 0,
                "total": 2
              }
            },
            {
              "batter": "GA Elwiss",
              "bowler": "R MacDonald-Gay",
              "non_striker": "SJ Bryce",
              "runs": {
                "batter": 0,
                "extras": 0,
                "total": 0
              }
            },
            {
              "batter": "GA Elwiss",
              "bowler": "R MacDonald-Gay",
              "non_striker": "SJ Bryce",
              "runs": {
                "batter": 4,
                "extras": 0,
                "total": 4
              }
            },
            {
              "batter": "GA Elwiss",
              "bowler": "R MacDonald-Gay",
              "non_striker": "SJ Bryce",
              "runs": {
                "batter": 4,
                "extras": 0,
                "total": 4
              }
            },
            {
              "batter": "GA Elwiss",
              "bowler": "R MacDonald-Gay",
              "non_striker": "SJ Bryce",
              "runs": {
                "batter": 1,
                "extras": 0,
                "total": 1
              }
            }
          ]
        },
        {
          "over": 11,
          "deliveries": [
            {
              "batter": "SJ Bryce",
              "bowler": "E Gray",
              "non_striker": "GA Elwiss",
              "runs": {
                "batter": 4,
                "extras": 0,
                "total": 4
              }
            },
            {
              "batter": "SJ Bryce",
              "bowler": "E Gray",
              "non_striker": "GA Elwiss",
              "runs": {
                "batter": 1,
                "extras": 0,
                "total": 1
              }
            },
            {
              "batter": "GA Elwiss",
              "bowler": "E Gray",
              "non_striker": "SJ Bryce",
              "runs": {
                "batter": 1,
                "extras": 0,
                "total": 1
              }
            },
            {
              "batter": "SJ Bryce",
              "bowler": "E Gray",
              "non_striker": "GA Elwiss",
              "runs": {
                "batter": 0,
                "extras": 0,
                "total": 0
              }
            },
            {
              "batter": "SJ Bryce",
              "bowler": "E Gray",
              "non_striker": "GA Elwiss",
              "runs": {
                "batter": 0,
                "extras": 0,
                "total": 0
              }
            }
          ]
        },
        {
          "over": 12,
          "deliveries": [
            {
              "batter": "GA Elwiss",
              "bowler": "M Kapp",
              "non_striker": "SJ Bryce",
              "runs": {
                "batter": 0,
                "extras": 0,
                "total": 0
              }
            },
            {
              "batter": "GA Elwiss",
              "bowler": "M Kapp",
              "non_striker": "SJ Bryce",
              "runs": {
                "batter": 4,
                "extras": 0,
                "total": 4
              }
            },
            {
              "batter": "GA Elwiss",
              "bowler": "M Kapp",
              "non_striker": "SJ Bryce",
              "review": {
                "by": "Oval Invincibles",
                "umpire": "James Middlebrook",
                "batter": "GA Elwiss",
                "decision": "upheld"
              },
              "runs": {
                "batter": 0,
                "extras": 0,
                "total": 0
              },
              "wickets": [
                {
                  "player_out": "GA Elwiss",
                  "kind": "lbw"
                }
              ]
            },
            {
              "batter": "E Windsor",
              "bowler": "M Kapp",
              "non_striker": "SJ Bryce",
              "runs": {
                "batter": 0,
                "extras": 0,
                "total": 0
              },
              "wickets": [
                {
                  "player_out": "E Windsor",
                  "kind": "bowled"
                }
              ]
            },
            {
              "batter": "FR Davies",
              "bowler": "M Kapp",
              "non_striker": "SJ Bryce",
              "runs": {
                "batter": 0,
                "extras": 0,
                "total": 0
              }
            }
          ]
        },
        {
          "over": 13,
          "deliveries": [
            {
              "batter": "FR Davies",
              "bowler": "PJ Scholfield",
              "non_striker": "SJ Bryce",
              "runs": {
                "batter": 0,
                "extras": 0,
                "total": 0
              }
            },
            {
              "batter": "FR Davies",
              "bowler": "PJ Scholfield",
              "non_striker": "SJ Bryce",
              "runs": {
                "batter": 0,
                "extras": 0,
                "total": 0
              }
            },
            {
              "batter": "FR Davies",
              "bowler": "PJ Scholfield",
              "non_striker": "SJ Bryce",
              "runs": {
                "batter": 0,
                "extras": 0,
                "total": 0
              }
            },
            {
              "batter": "FR Davies",
              "bowler": "PJ Scholfield",
              "non_striker": "SJ Bryce",
              "runs": {
                "batter": 5,
                "extras": 0,
                "total": 5
              }
            },
            {
              "batter": "SJ Bryce",
              "bowler": "PJ Scholfield",
              "non_striker": "FR Davies",
              "runs": {
                "batter": 2,
                "extras": 0,
                "total": 2
              }
            }
          ]
        },
        {
          "over": 14,
          "deliveries": [
            {
              "batter": "FR Davies",
              "bowler": "Sophia Smale",
              "non_striker": "SJ Bryce",
              "runs": {
                "batter": 0,
                "extras": 0,
                "total": 0
              },
              "wickets": [
                {
                  "player_out": "FR Davies",
                  "fielders": [
                    {
                      "name": "PJ Scholfield"
                    }
                  ],
                  "kind": "caught"
                }
              ]
            },
            {
              "batter": "A Griffiths",
              "bowler": "Sophia Smale",
              "non_striker": "SJ Bryce",
              "runs": {
                "batter": 0,
                "extras": 0,
                "total": 0
              }
            },
            {
              "batter": "A Griffiths",
              "bowler": "Sophia Smale",
              "non_striker": "SJ Bryce",
              "runs": {
                "batter": 0,
                "extras": 0,
                "total": 0
              }
            },
            {
              "batter": "A Griffiths",
              "bowler": "Sophia Smale",
              "non_striker": "SJ Bryce",
              "runs": {
                "batter": 1,
                "extras": 0,
                "total": 1
              }
            },
            {
              "batter": "SJ Bryce",
              "bowler": "Sophia Smale",
              "non_striker": "A Griffiths",
              "runs": {
                "batter": 0,
                "extras": 0,
                "total": 0
              }
            }
          ]
        },
        {
          "over": 15,
          "deliveries": [
            {
              "batter": "SJ Bryce",
              "bowler": "Sophia Smale",
              "non_striker": "A Griffiths",
              "runs": {
                "batter": 1,
                "extras": 0,
                "total": 1
              }
            },
            {
              "batter": "A Griffiths",
              "bowler": "Sophia Smale",
              "non_striker": "SJ Bryce",
              "runs": {
                "batter": 0,
                "extras": 0,
                "total": 0
              }
            },
            {
              "batter": "A Griffiths",
              "bowler": "Sophia Smale",
              "non_striker": "SJ Bryce",
              "runs": {
                "batter": 2,
                "extras": 0,
                "total": 2
              }
            },
            {
              "batter": "A Griffiths",
              "bowler": "Sophia Smale",
              "non_striker": "SJ Bryce",
              "runs": {
                "batter": 0,
                "extras": 0,
                "total": 0
              }
            },
            {
              "batter": "A Griffiths",
              "bowler": "Sophia Smale",
              "non_striker": "SJ Bryce",
              "runs": {
                "batter": 1,
                "extras": 0,
                "total": 1
              }
            }
          ]
        }
      ],
      "powerplays": [
        {
          "from": 0.1,
          "to": 4.6,
          "type": "mandatory"
        }
      ],
      "target": {
        "overs": 20,
        "runs": 81
      }
    }
  ]
}