{
  "meta": {
    "data_version": "1.1.0",
    "created": "2023-08-13",
    "revision": 4
  },
  "info": {
    "balls_per_over": 5,
    "city": "Leeds",
    "dates": [
      "2023-08-11"
    ],
    "event": {
      "name": "The Hundred Women's Competition",
      "match_number": 15
    },
    "gender": "female",
    "match_type": "T20",
    "officials": {
      "match_referees": [
        "JJ Whitaker"
      ],
      "reserve_umpires": [
        "F Richards"
      ],
      "tv_umpires": [
        "J Naeem"
      ],
      "umpires": [
        "J Ibbotson",
        "N Pratt"
      ]
    },
    "outcome": {
      "winner": "Northern Superchargers",
      "by": {
        "runs": 14
      }
    },
    "overs": 20,
    "player_of_match": [
      "P Litchfield"
    ],
    "players": {
      "Northern Superchargers": [
        "M Kelly",
        "JI Rodrigues",
        "P Litchfield",
        "HJ Armitage",
        "G Wareham",
        "BAM Heath",
        "AN Davidson-Richards",
        "KL Cross",
        "LF Higham",
        "LCN Smith",
        "G Ballinger"
      ],
      "Oval Invincibles": [
        "L Winfield-Hill",
        "SW Bates",
        "A Capsey",
        "M Kapp",
        "PJ Scholfield",
        "MK Villiers",
        "CL Griffith",
        "KM Chathli",
        "R MacDonald-Gay",
        "E Gray",
        "Sophia Smale"
      ]
    },
    "registry": {
      "people": {
        "A Capsey": "910dd54e",
        "AN Davidson-Richards": "35828bdd",
        "BAM Heath": "3b5a9438",
        "CL Griffith": "85ce4231",
        "E Gray": "58717de2",
        "F Richards": "0313fec0",
        "G Ballinger": "2f485713",
        "G Wareham": "f0b4e47d",
        "HJ Armitage": "f05167d2",
        "J Ibbotson": "7318fdbf",
        "J Naeem": "0dc3fee0",
        "JI Rodrigues": "cb08b611",
        "JJ Whitaker": "4ea85016",
        "KL Cross": "1ade138e",
        "KM Chathli": "6ffbf04c",
        "L Winfield-Hill": "5230a33d",
        "LCN Smith": "340202b0",
        "LF Higham": "fbd79b9b",
        "M Kapp": "63e3b6b3",
        "M Kelly": "ebf683f9",
        "MK Villiers": "cd62f670",
        "N Pratt": "01f65cd3",
        "P Litchfield": "4e6ef14f",
        "PJ Scholfield": "588360ee",
        "R MacDonald-Gay": "459a7b0a",
        "SW Bates": "89bbc67a",
        "Sophia Smale": "c296dba1"
      }
    },
    "season": "2023",
    "team_type": "club",
    "teams": [
      "Northern Superchargers",
      "Oval Invincibles"
    ],
    "toss": {
      "decision": "bat",
      "winner": "Northern Superchargers"
    },
    "venue": "Headingley, Leeds"
  },
  "innings": [
    {
      "team": "Northern Superchargers",
      "overs": [
        {
          "over": 0,
          "deliveries": [
            {
              "batter": "M Kelly",
              "bowler": "M Kapp",
              "non_striker": "JI Rodrigues",
              "runs": {
                "batter": 0,
                "extras": 0,
                "total": 0
              }
            },
            {
              "batter": "M Kelly",
              "bowler": "M Kapp",
              "non_striker": "JI Rodrigues",
              "runs": {
                "batter": 1,
                "extras": 0,
                "total": 1
              }
            },
            {
              "batter": "JI Rodrigues",
              "bowler": "M Kapp",
              "non_striker": "M Kelly",
              "runs": {
                "batter": 0,
                "extras": 0,
                "total": 0
              },
              "wickets": [
                {
                  "player_out": "JI Rodrigues",
                  "kind": "bowled"
                }
              ]
            },
            {
              "batter": "P Litchfield",
              "bowler": "M Kapp",
              "non_striker": "M Kelly",
              "runs": {
                "batter": 0,
                "extras": 0,
                "total": 0
              }
            },
            {
              "batter": "P Litchfield",
              "bowler": "M Kapp",
              "non_striker": "M Kelly",
              "runs": {
                "batter": 4,
                "extras": 0,
                "total": 4
              }
            }
          ]
        },
        {
          "over": 1,
          "deliveries": [
            {
              "batter": "P Litchfield",
              "bowler": "MK Villiers",
              "non_striker": "M Kelly",
              "runs": {
                "batter": 0,
                "extras": 0,
                "total": 0
              }
            },
            {
              "batter": "P Litchfield",
              "bowler": "MK Villiers",
              "non_striker": "M Kelly",
              "runs": {
                "batter": 1,
                "extras": 0,
                "total": 1
              }
            },
            {
              "batter": "M Kelly",
              "bowler": "MK Villiers",
              "non_striker": "P Litchfield",
              "runs": {
                "batter": 0,
                "extras": 0,
                "total": 0
              }
            },
            {
              "batter": "M Kelly",
              "bowler": "MK Villiers",
              "non_striker": "P Litchfield",
              "runs": {
                "batter": 0,
                "extras": 0,
                "total": 0
              }
            },
            {
              "batter": "M Kelly",
              "bowler": "MK Villiers",
              "non_striker": "P Litchfield",
              "runs": {
                "batter": 1,
                "extras": 0,
                "total": 1
              }
            }
          ]
        },
        {
          "over": 2,
          "deliveries": [
            {
              "batter": "M Kelly",
              "bowler": "M Kapp",
              "non_striker": "P Litchfield",
              "runs": {
                "batter": 4,
                "extras": 0,
                "total": 4
              }
            },
            {
              "batter": "M Kelly",
              "bowler": "M Kapp",
              "non_striker": "P Litchfield",
              "runs": {
                "batter": 4,
                "extras": 0,
                "total": 4
              }
            },
            {
              "batter": "M Kelly",
              "bowler": "M Kapp",
              "non_striker": "P Litchfield",
              "runs": {
                "batter": 0,
                "extras": 0,
                "total": 0
              },
              "wickets": [
                {
                  "player_out": "M Kelly",
                  "fielders": [
                    {
                      "name": "L Winfield-Hill"
                    }
                  ],
                  "kind": "caught"
                }
              ]
            },
            {
              "batter": "HJ Armitage",
              "bowler": "M Kapp",
              "non_striker": "P Litchfield",
              "runs": {
                "batter": 0,
                "extras": 0,
                "total": 0
              }
            },
            {
              "batter": "HJ Armitage",
              "bowler": "M Kapp",
              "non_striker": "P Litchfield",
              "runs": {
                "batter": 0,
                "extras": 0,
                "total": 0
              }
            }
          ]
        },
        {
          "over": 3,
          "deliveries": [
            {
              "batter": "HJ Armitage",
              "bowler": "Sophia Smale",
              "non_striker": "P Litchfield",
              "runs": {
                "batter": 0,
                "extras": 0,
                "total": 0
              }
            },
            {
              "batter": "HJ Armitage",
              "bowler": "Sophia Smale",
              "non_striker": "P Litchfield",
              "runs": {
                "batter": 0,
                "extras": 0,
                "total": 0
              }
            },
            {
              "batter": "HJ Armitage",
              "bowler": "Sophia Smale",
              "non_striker": "P Litchfield",
              "runs": {
                "batter": 4,
                "extras": 0,
                "total": 4
              }
            },
            {
              "batter": "HJ Armitage",
              "bowler": "Sophia Smale",
              "non_striker": "P Litchfield",
              "runs": {
                "batter": 0,
                "extras": 0,
                "total": 0
              }
            },
            {
              "batter": "HJ Armitage",
              "bowler": "Sophia Smale",
              "extras": {
                "wides": 1
              },
              "non_striker": "P Litchfield",
              "runs": {
                "batter": 0,
                "extras": 1,
                "total": 1
              }
            },
            {
              "batter": "HJ Armitage",
              "bowler": "Sophia Smale",
              "non_striker": "P Litchfield",
              "runs": {
                "batter": 1,
                "extras": 0,
                "total": 1
              }
            }
          ]
        },
        {
          "over": 4,
          "deliveries": [
            {
              "batter": "HJ Armitage",
              "bowler": "M Kapp",
              "non_striker": "P Litchfield",
              "runs": {
                "batter": 1,
                "extras": 0,
                "total": 1
              }
            },
            {
              "batter": "P Litchfield",
              "bowler": "M Kapp",
              "non_striker": "HJ Armitage",
              "runs": {
                "batter": 0,
                "extras": 0,
                "total": 0
              }
            },
            {
              "batter": "P Litchfield",
              "bowler": "M Kapp",
              "non_striker": "HJ Armitage",
              "runs": {
                "batter": 0,
                "extras": 0,
                "total": 0
              }
            },
            {
              "batter": "P Litchfield",
              "bowler": "M Kapp",
              "non_striker": "HJ Armitage",
              "runs": {
                "batter": 1,
                "extras": 0,
                "total": 1
              }
            },
            {
              "batter": "HJ Armitage",
              "bowler": "M Kapp",
              "non_striker": "P Litchfield",
              "runs": {
                "batter": 0,
                "extras": 0,
                "total": 0
              }
            }
          ]
        },
        {
          "over": 5,
          "deliveries": [
            {
              "batter": "HJ Armitage",
              "bowler": "MK Villiers",
              "non_striker": "P Litchfield",
              "runs": {
                "batter": 1,
                "extras": 0,
                "total": 1
              }
            },
            {
              "batter": "P Litchfield",
              "bowler": "MK Villiers",
              "non_striker": "HJ Armitage",
              "runs": {
                "batter": 2,
                "extras": 0,
                "total": 2
              }
            },
            {
              "batter": "P Litchfield",
              "bowler": "MK Villiers",
              "non_striker": "HJ Armitage",
              "runs": {
                "batter": 2,
                "extras": 0,
                "total": 2
              }
            },
            {
              "batter": "P Litchfield",
              "bowler": "MK Villiers",
              "non_striker": "HJ Armitage",
              "runs": {
                "batter": 4,
                "extras": 0,
                "total": 4
              }
            },
            {
              "batter": "P Litchfield",
              "bowler": "MK Villiers",
              "non_striker": "HJ Armitage",
              "runs": {
                "batter": 1,
                "extras": 0,
                "total": 1
              }
            }
          ]
        },
        {
          "over": 6,
          "deliveries": [
            {
              "batter": "P Litchfield",
              "bowler": "E Gray",
              "non_striker": "HJ Armitage",
              "runs": {
                "batter": 4,
                "extras": 0,
                "total": 4
              }
            },
            {
              "batter": "P Litchfield",
              "bowler": "E Gray",
              "non_striker": "HJ Armitage",
              "runs": {
                "batter": 0,
                "extras": 0,
                "total": 0
              }
            },
            {
              "batter": "P Litchfield",
              "bowler": "E Gray",
              "non_striker": "HJ Armitage",
              "runs": {
                "batter": 0,
                "extras": 0,
                "total": 0
              }
            },
            {
              "batter": "P Litchfield",
              "bowler": "E Gray",
              "non_striker": "HJ Armitage",
              "runs": {
                "batter": 4,
                "extras": 0,
                "total": 4
              }
            },
            {
              "batter": "P Litchfield",
              "bowler": "E Gray",
              "non_striker": "HJ Armitage",
              "runs": {
                "batter": 1,
                "extras": 0,
                "total": 1
              }
            }
          ]
        },
        {
          "over": 7,
          "deliveries": [
            {
              "batter": "HJ Armitage",
              "bowler": "Sophia Smale",
              "non_striker": "P Litchfield",
              "runs": {
                "batter": 4,
                "extras": 0,
                "total": 4
              }
            },
            {
              "batter": "HJ Armitage",
              "bowler": "Sophia Smale",
              "non_striker": "P Litchfield",
              "runs": {
                "batter": 1,
                "extras": 0,
                "total": 1
              }
            },
            {
              "batter": "P Litchfield",
              "bowler": "Sophia Smale",
              "non_striker": "HJ Armitage",
              "runs": {
                "batter": 1,
                "extras": 0,
                "total": 1
              }
            },
            {
              "batter": "HJ Armitage",
              "bowler": "Sophia Smale",
              "non_striker": "P Litchfield",
              "runs": {
                "batter": 0,
                "extras": 0,
                "total": 0
              }
            },
            {
              "batter": "HJ Armitage",
              "bowler": "Sophia Smale",
              "non_striker": "P Litchfield",
              "runs": {
                "batter": 1,
                "extras": 0,
                "total": 1
              }
            }
          ]
        },
        {
          "over": 8,
          "deliveries": [
            {
              "batter": "HJ Armitage",
              "bowler": "PJ Scholfield",
              "non_striker": "P Litchfield",
              "runs": {
                "batter": 1,
                "extras": 0,
                "total": 1
              }
            },
            {
              "batter": "P Litchfield",
              "bowler": "PJ Scholfield",
              "non_striker": "HJ Armitage",
              "runs": {
                "batter": 4,
                "extras": 0,
                "total": 4
              }
            },
            {
              "batter": "P Litchfield",
              "bowler": "PJ Scholfield",
              "non_striker": "HJ Armitage",
              "runs": {
                "batter": 1,
                "extras": 0,
                "total": 1
              }
            },
            {
              "batter": "HJ Armitage",
              "bowler": "PJ Scholfield",
              "non_striker": "P Litchfield",
              "runs": {
                "batter": 4,
                "extras": 0,
                "total": 4
              }
            },
            {
              "batter": "HJ Armitage",
              "bowler": "PJ Scholfield",
              "non_striker": "P Litchfield",
              "runs": {
                "batter": 1,
                "extras": 0,
                "total": 1
              }
            }
          ]
        },
        {
          "over": 9,
          "deliveries": [
            {
              "batter": "P Litchfield",
              "bowler": "MK Villiers",
              "non_striker": "HJ Armitage",
              "runs": {
                "batter": 1,
                "extras": 0,
                "total": 1
              }
            },
            {
              "batter": "HJ Armitage",
              "bowler": "MK Villiers",
              "non_striker": "P Litchfield",
              "runs": {
                "batter": 0,
                "extras": 0,
                "total": 0
              }
            },
            {
              "batter": "HJ Armitage",
              "bowler": "MK Villiers",
              "non_striker": "P Litchfield",
              "runs": {
                "batter": 1,
                "extras": 0,
                "total": 1
              }
            },
            {
              "batter": "P Litchfield",
              "bowler": "MK Villiers",
              "non_striker": "HJ Armitage",
              "runs": {
                "batter": 1,
                "extras": 0,
                "total": 1
              }
            },
            {
              "batter": "HJ Armitage",
              "bowler": "MK Villiers",
              "non_striker": "P Litchfield",
              "runs": {
                "batter": 1,
                "extras": 0,
                "total": 1
              }
            }
          ]
        },
        {
          "over": 10,
          "deliveries": [
            {
              "batter": "HJ Armitage",
              "bowler": "A Capsey",
              "non_striker": "P Litchfield",
              "runs": {
                "batter": 1,
                "extras": 0,
                "total": 1
              }
            },
            {
              "batter": "P Litchfield",
              "bowler": "A Capsey",
              "non_striker": "HJ Armitage",
              "runs": {
                "batter": 2,
                "extras": 0,
                "total": 2
              }
            },
            {
              "batter": "P Litchfield",
              "bowler": "A Capsey",
              "non_striker": "HJ Armitage",
              "runs": {
                "batter": 0,
                "extras": 0,
                "total": 0
              }
            },
            {
              "batter": "P Litchfield",
              "bowler": "A Capsey",
              "non_striker": "HJ Armitage",
              "runs": {
                "batter": 1,
                "extras": 0,
                "total": 1
              }
            },
            {
              "batter": "HJ Armitage",
              "bowler": "A Capsey",
              "non_striker": "P Litchfield",
              "runs": {
                "batter": 4,
                "extras": 0,
                "total": 4
              }
            }
          ]
        },
        {
          "over": 11,
          "deliveries": [
            {
              "batter": "HJ Armitage",
              "bowler": "MK Villiers",
              "non_striker": "P Litchfield",
              "runs": {
                "batter": 1,
                "extras": 0,
                "total": 1
              }
            },
            {
              "batter": "P Litchfield",
              "bowler": "MK Villiers",
              "non_striker": "HJ Armitage",
              "runs": {
                "batter": 4,
                "extras": 0,
                "total": 4
              }
            },
            {
              "batter": "P Litchfield",
              "bowler": "MK Villiers",
              "non_striker": "HJ Armitage",
              "runs": {
                "batter": 1,
                "extras": 0,
                "total": 1
              }
            },
            {
              "batter": "HJ Armitage",
              "bowler": "MK Villiers",
              "extras": {
                "wides": 1
              },
              "non_striker": "P Litchfield",
              "runs": {
                "batter": 0,
                "extras": 1,
                "total": 1
              }
            },
            {
              "batter": "HJ Armitage",
              "bowler": "MK Villiers",
              "non_striker": "P Litchfield",
              "runs": {
                "batter": 2,
                "extras": 0,
                "total": 2
              }
            },
            {
              "batter": "HJ Armitage",
              "bowler": "MK Villiers",
              "non_striker": "P Litchfield",
              "runs": {
                "batter": 1,
                "extras": 0,
                "total": 1
              }
            }
          ]
        },
        {
          "over": 12,
          "deliveries": [
            {
              "batter": "HJ Armitage",
              "bowler": "R MacDonald-Gay",
              "non_striker": "P Litchfield",
              "runs": {
                "batter": 2,
                "extras": 0,
                "total": 2
              }
            },
            {
              "batter": "HJ Armitage",
              "bowler": "R MacDonald-Gay",
              "non_striker": "P Litchfield",
              "runs": {
                "batter": 1,
                "extras": 0,
                "total": 1
              }
            },
            {
              "batter": "P Litchfield",
              "bowler": "R MacDonald-Gay",
              "non_striker": "HJ Armitage",
              "runs": {
                "batter": 4,
                "extras": 0,
                "total": 4
              }
            },
            {
              "batter": "P Litchfield",
              "bowler": "R MacDonald-Gay",
              "non_striker": "HJ Armitage",
              "runs": {
                "batter": 2,
                "extras": 0,
                "total": 2
              }
            },
            {
              "batter": "P Litchfield",
              "bowler": "R MacDonald-Gay",
              "non_striker": "HJ Armitage",
              "runs": {
                "batter": 0,
                "extras": 0,
                "total": 0
              }
            }
          ]
        },
        {
          "over": 13,
          "deliveries": [
            {
              "batter": "P Litchfield",
              "bowler": "A Capsey",
              "non_striker": "HJ Armitage",
              "runs": {
                "batter": 1,
                "extras": 0,
                "total": 1
              }
            },
            {
              "batter": "HJ Armitage",
              "bowler": "A Capsey",
              "non_striker": "P Litchfield",
              "runs": {
                "batter": 1,
                "extras": 0,
                "total": 1
              }
            },
            {
              "batter": "P Litchfield",
              "bowler": "A Capsey",
              "non_striker": "HJ Armitage",
              "runs": {
                "batter": 1,
                "extras": 0,
                "total": 1
              }
            },
            {
              "batter": "HJ Armitage",
              "bowler": "A Capsey",
              "non_striker": "P Litchfield",
              "runs": {
                "batter": 1,
                "extras": 0,
                "total": 1
              }
            },
            {
              "batter": "P Litchfield",
              "bowler": "A Capsey",
              "non_striker": "HJ Armitage",
              "runs": {
                "batter": 1,
                "extras": 0,
                "total": 1
              }
            }
          ]
        },
        {
          "over": 14,
          "deliveries": [
            {
              "batter": "P Litchfield",
              "bowler": "PJ Scholfield",
              "non_striker": "HJ Armitage",
              "runs": {
                "batter": 1,
                "extras": 0,
                "total": 1
              }
            },
            {
              "batter": "HJ Armitage",
              "bowler": "PJ Scholfield",
              "non_striker": "P Litchfield",
              "runs": {
                "batter": 4,
                "extras": 0,
                "total": 4
              }
            },
            {
              "batter": "HJ Armitage",
              "bowler": "PJ Scholfield",
              "non_striker": "P Litchfield",
              "runs": {
                "batter": 2,
                "extras": 0,
                "total": 2
              }
            },
            {
              "batter": "HJ Armitage",
              "bowler": "PJ Scholfield",
              "non_striker": "P Litchfield",
              "runs": {
                "batter": 1,
                "extras": 0,
                "total": 1
              }
            },
            {
              "batter": "P Litchfield",
              "bowler": "PJ Scholfield",
              "non_striker": "HJ Armitage",
              "runs": {
                "batter": 4,
                "extras": 0,
                "total": 4
              }
            }
          ]
        },
        {
          "over": 15,
          "deliveries": [
            {
              "batter": "P Litchfield",
              "bowler": "A Capsey",
              "non_striker": "HJ Armitage",
              "runs": {
                "batter": 0,
                "extras": 0,
                "total": 0
              }
            },
            {
              "batter": "P Litchfield",
              "bowler": "A Capsey",
              "non_striker": "HJ Armitage",
              "runs": {
                "batter": 1,
                "extras": 0,
                "total": 1
              }
            },
            {
              "batter": "HJ Armitage",
              "bowler": "A Capsey",
              "non_striker": "P Litchfield",
              "runs": {
                "batter": 0,
                "extras": 0,
                "total": 0
              },
              "wickets": [
                {
                  "player_out": "HJ Armitage",
                  "fielders": [
                    {
                      "name": "PJ Scholfield"
                    }
                  ],
                  "kind": "caught"
                }
              ]
            },
            {
              "batter": "G Wareham",
              "bowler": "A Capsey",
              "non_striker": "P Litchfield",
              "runs": {
                "batter": 1,
                "extras": 0,
                "total": 1
              }
            },
            {
              "batter": "P Litchfield",
              "bowler": "A Capsey",
              "non_striker": "G Wareham",
              "runs": {
                "batter": 1,
                "extras": 0,
                "total": 1
              }
            }
          ]
        },
        {
          "over": 16,
          "deliveries": [
            {
              "batter": "P Litchfield",
              "bowler": "M Kapp",
              "non_striker": "G Wareham",
              "runs": {
                "batter": 1,
                "extras": 0,
                "total": 1
              }
            },
            {
              "batter": "G Wareham",
              "bowler": "M Kapp",
              "extras": {
                "wides": 2
              },
              "non_striker": "P Litchfield",
              "runs": {
                "batter": 0,
                "extras": 2,
                "total": 2
              }
            },
            {
              "batter": "P Litchfield",
              "bowler": "M Kapp",
              "non_striker": "G Wareham",
              "runs": {
                "batter": 0,
                "extras": 0,
                "total": 0
              }
            },
            {
              "batter": "P Litchfield",
              "bowler": "M Kapp",
              "non_striker": "G Wareham",
              "runs": {
                "batter": 2,
                "extras": 0,
                "total": 2
              }
            },
            {
              "batter": "P Litchfield",
              "bowler": "M Kapp",
              "non_striker": "G Wareham",
              "runs": {
                "batter": 0,
                "extras": 0,
                "total": 0
              }
            },
            {
              "batter": "P Litchfield",
              "bowler": "M Kapp",
              "non_striker": "G Wareham",
              "runs": {
                "batter": 2,
                "extras": 0,
                "total": 2
              }
            }
          ]
        },
        {
          "over": 17,
          "deliveries": [
            {
              "batter": "P Litchfield",
              "bowler": "R MacDonald-Gay",
              "non_striker": "G Wareham",
              "runs": {
                "batter": 6,
                "extras": 0,
                "total": 6
              }
            },
            {
              "batter": "P Litchfield",
              "bowler": "R MacDonald-Gay",
              "non_striker": "G Wareham",
              "runs": {
                "batter": 1,
                "extras": 0,
                "total": 1
              }
            },
            {
              "batter": "G Wareham",
              "bowler": "R MacDonald-Gay",
              "non_striker": "P Litchfield",
              "runs": {
                "batter": 4,
                "extras": 0,
                "total": 4
              }
            },
            {
              "batter": "G Wareham",
              "bowler": "R MacDonald-Gay",
              "non_striker": "P Litchfield",
              "runs": {
                "batter": 2,
                "extras": 0,
                "total": 2
              }
            },
            {
              "batter": "G Wareham",
              "bowler": "R MacDonald-Gay",
              "non_striker": "P Litchfield",
              "runs": {
                "batter": 0,
                "extras": 0,
                "total": 0
              }
            }
          ]
        },
        {
          "over": 18,
          "deliveries": [
            {
              "batter": "P Litchfield",
              "bowler": "E Gray",
              "non_striker": "G Wareham",
              "runs": {
                "batter": 0,
                "extras": 0,
                "total": 0
              },
              "wickets": [
                {
                  "player_out": "P Litchfield",
                  "fielders": [
                    {
                      "name": "A Capsey"
                    }
                  ],
                  "kind": "caught"
                }
              ]
            },
            {
              "batter": "BAM Heath",
              "bowler": "E Gray",
              "non_striker": "G Wareham",
              "runs": {
                "batter": 1,
                "extras": 0,
                "total": 1
              }
            },
            {
              "batter": "G Wareham",
              "bowler": "E Gray",
              "non_striker": "BAM Heath",
              "runs": {
                "batter": 2,
                "extras": 0,
                "total": 2
              }
            },
            {
              "batter": "G Wareham",
              "bowler": "E Gray",
              "non_striker": "BAM Heath",
              "runs": {
                "batter": 0,
                "extras": 0,
                "total": 0
              }
            },
            {
              "batter": "G Wareham",
              "bowler": "E Gray",
              "non_striker": "BAM Heath",
              "runs": {
                "batter": 1,
                "extras": 0,
                "total": 1
              }
            }
          ]
        },
        {
          "over": 19,
          "deliveries": [
            {
              "batter": "BAM Heath",
              "bowler": "R MacDonald-Gay",
              "non_striker": "G Wareham",
              "runs": {
                "batter": 1,
                "extras": 0,
                "total": 1
              }
            },
            {
              "batter": "G Wareham",
              "bowler": "R MacDonald-Gay",
              "non_striker": "BAM Heath",
              "runs": {
                "batter": 1,
                "extras": 0,
                "total": 1
              }
            },
            {
              "batter": "BAM Heath",
              "bowler": "R MacDonald-Gay",
              "non_striker": "G Wareham",
              "runs": {
                "batter": 1,
                "extras": 0,
                "total": 1
              }
            },
            {
              "batter": "G Wareham",
              "bowler": "R MacDonald-Gay",
              "non_striker": "BAM Heath",
              "runs": {
                "batter": 1,
                "extras": 0,
                "total": 1
              }
            },
            {
              "batter": "BAM Heath",
              "bowler": "R MacDonald-Gay",
              "non_striker": "G Wareham",
              "runs": {
                "batter": 4,
                "extras": 0,
                "total": 4
              }
            }
          ]
        }
      ],
      "powerplays": [
        {
          "from": 0.1,
          "to": 4.5,
          "type": "mandatory"
        }
      ]
    },
    {
      "team": "Oval Invincibles",
      "overs": [
        {
          "over": 0,
          "deliveries": [
            {
              "batter": "L Winfield-Hill",
              "bowler": "KL Cross",
              "non_striker": "SW Bates",
              "runs": {
                "batter": 0,
                "extras": 0,
                "total": 0
              }
            },
            {
              "batter": "L Winfield-Hill",
              "bowler": "KL Cross",
              "non_striker": "SW Bates",
              "runs": {
                "batter": 0,
                "extras": 0,
                "total": 0
              }
            },
            {
              "batter": "L Winfield-Hill",
              "bowler": "KL Cross",
              "non_striker": "SW Bates",
              "runs": {
                "batter": 1,
                "extras": 0,
                "total": 1
              }
            },
            {
              "batter": "SW Bates",
              "bowler": "KL Cross",
              "non_striker": "L Winfield-Hill",
              "runs": {
                "batter": 1,
                "extras": 0,
                "total": 1
              }
            },
            {
              "batter": "L Winfield-Hill",
              "bowler": "KL Cross",
              "non_striker": "SW Bates",
              "runs": {
                "batter": 0,
                "extras": 0,
                "total": 0
              }
            }
          ]
        },
        {
          "over": 1,
          "deliveries": [
            {
              "batter": "L Winfield-Hill",
              "bowler": "KL Cross",
              "non_striker": "SW Bates",
              "runs": {
                "batter": 2,
                "extras": 0,
                "total": 2
              }
            },
            {
              "batter": "L Winfield-Hill",
              "bowler": "KL Cross",
              "non_striker": "SW Bates",
              "runs": {
                "batter": 4,
                "extras": 0,
                "total": 4
              }
            },
            {
              "batter": "L Winfield-Hill",
              "bowler": "KL Cross",
              "non_striker": "SW Bates",
              "runs": {
                "batter": 0,
                "extras": 0,
                "total": 0
              }
            },
            {
              "batter": "L Winfield-Hill",
              "bowler": "KL Cross",
              "non_striker": "SW Bates",
              "runs": {
                "batter": 4,
                "extras": 0,
                "total": 4
              }
            },
            {
              "batter": "L Winfield-Hill",
              "bowler": "KL Cross",
              "non_striker": "SW Bates",
              "runs": {
                "batter": 4,
                "extras": 0,
                "total": 4
              }
            }
          ]
        },
        {
          "over": 2,
          "deliveries": [
            {
              "batter": "SW Bates",
              "bowler": "G Ballinger",
              "non_striker": "L Winfield-Hill",
              "runs": {
                "batter": 0,
                "extras": 0,
                "total": 0
              }
            },
            {
              "batter": "SW Bates",
              "bowler": "G Ballinger",
              "non_striker": "L Winfield-Hill",
              "runs": {
                "batter": 1,
                "extras": 0,
                "total": 1
              }
            },
            {
              "batter": "L Winfield-Hill",
              "bowler": "G Ballinger",
              "non_striker": "SW Bates",
              "runs": {
                "batter": 0,
                "extras": 0,
                "total": 0
              }
            },
            {
              "batter": "L Winfield-Hill",
              "bowler": "G Ballinger",
              "extras": {
                "noballs": 2
              },
              "non_striker": "SW Bates",
              "runs": {
                "batter": 0,
                "extras": 2,
                "total": 2
              }
            },
            {
              "batter": "L Winfield-Hill",
              "bowler": "G Ballinger",
              "non_striker": "SW Bates",
              "runs": {
                "batter": 4,
                "extras": 0,
                "total": 4
              }
            },
            {
              "batter": "L Winfield-Hill",
              "bowler": "G Ballinger",
              "non_striker": "SW Bates",
              "runs": {
                "batter": 0,
                "extras": 0,
                "total": 0
              }
            }
          ]
        },
        {
          "over": 3,
          "deliveries": [
            {
              "batter": "L Winfield-Hill",
              "bowler": "AN Davidson-Richards",
              "non_striker": "SW Bates",
              "runs": {
                "batter": 0,
                "extras": 0,
                "total": 0
              },
              "wickets": [
                {
                  "player_out": "L Winfield-Hill",
                  "fielders": [
                    {
                      "name": "KL Cross"
                    }
                  ],
                  "kind": "caught"
                }
              ]
            },
            {
              "batter": "A Capsey",
              "bowler": "AN Davidson-Richards",
              "non_striker": "SW Bates",
              "runs": {
                "batter": 0,
                "extras": 0,
                "total": 0
              }
            },
            {
              "batter": "A Capsey",
              "bowler": "AN Davidson-Richards",
              "non_striker": "SW Bates",
              "runs": {
                "batter": 0,
                "extras": 0,
                "total": 0
              }
            },
            {
              "batter": "A Capsey",
              "bowler": "AN Davidson-Richards",
              "non_striker": "SW Bates",
              "runs": {
                "batter": 4,
                "extras": 0,
                "total": 4
              }
            },
            {
              "batter": "A Capsey",
              "bowler": "AN Davidson-Richards",
              "non_striker": "SW Bates",
              "runs": {
                "batter": 1,
                "extras": 0,
                "total": 1
              }
            }
          ]
        },
        {
          "over": 4,
          "deliveries": [
            {
              "batter": "A Capsey",
              "bowler": "G Ballinger",
              "non_striker": "SW Bates",
              "runs": {
                "batter": 2,
                "extras": 0,
                "total": 2
              }
            },
            {
              "batter": "A Capsey",
              "bowler": "G Ballinger",
              "non_striker": "SW Bates",
              "runs": {
                "batter": 1,
                "extras": 0,
                "total": 1
              }
            },
            {
              "batter": "SW Bates",
              "bowler": "G Ballinger",
              "non_striker": "A Capsey",
              "runs": {
                "batter": 0,
                "extras": 0,
                "total": 0
              }
            },
            {
              "batter": "SW Bates",
              "bowler": "G Ballinger",
              "non_striker": "A Capsey",
              "runs": {
                "batter": 0,
                "extras": 0,
                "total": 0
              }
            },
            {
              "batter": "SW Bates",
              "bowler": "G Ballinger",
              "non_striker": "A Capsey",
              "runs": {
                "batter": 1,
                "extras": 0,
                "total": 1
              }
            }
          ]
        },
        {
          "over": 5,
          "deliveries": [
            {
              "batter": "A Capsey",
              "bowler": "G Wareham",
              "non_striker": "SW Bates",
              "runs": {
                "batter": 4,
                "extras": 0,
                "total": 4
              }
            },
            {
              "batter": "A Capsey",
              "bowler": "G Wareham",
              "non_striker": "SW Bates",
              "runs": {
                "batter": 1,
                "extras": 0,
                "total": 1
              }
            },
            {
              "batter": "SW Bates",
              "bowler": "G Wareham",
              "non_striker": "A Capsey",
              "runs": {
                "batter": 0,
                "extras": 0,
                "total": 0
              }
            },
            {
              "batter": "SW Bates",
              "bowler": "G Wareham",
              "non_striker": "A Capsey",
              "runs": {
                "batter": 1,
                "extras": 0,
                "total": 1
              }
            },
            {
              "batter": "A Capsey",
              "bowler": "G Wareham",
              "non_striker": "SW Bates",
              "runs": {
                "batter": 0,
                "extras": 0,
                "total": 0
              },
              "wickets": [
                {
                  "player_out": "A Capsey",
                  "fielders": [
                    {
                      "name": "BAM Heath"
                    }
                  ],
                  "kind": "stumped"
                }
              ]
            }
          ]
        },
        {
          "over": 6,
          "deliveries": [
            {
              "batter": "SW Bates",
              "bowler": "G Ballinger",
              "non_striker": "M Kapp",
              "runs": {
                "batter": 1,
                "extras": 0,
                "total": 1
              }
            },
            {
              "batter": "M Kapp",
              "bowler": "G Ballinger",
              "non_striker": "SW Bates",
              "runs": {
                "batter": 0,
                "extras": 0,
                "total": 0
              }
            },
            {
              "batter": "M Kapp",
              "bowler": "G Ballinger",
              "non_striker": "SW Bates",
              "runs": {
                "batter": 4,
                "extras": 0,
                "total": 4
              }
            },
            {
              "batter": "M Kapp",
              "bowler": "G Ballinger",
              "non_striker": "SW Bates",
              "runs": {
                "batter": 0,
                "extras": 0,
                "total": 0
              }
            },
            {
              "batter": "M Kapp",
              "bowler": "G Ballinger",
              "non_striker": "SW Bates",
              "runs": {
                "batter": 0,
                "extras": 0,
                "total": 0
              }
            }
          ]
        },
        {
          "over": 7,
          "deliveries": [
            {
              "batter": "M Kapp",
              "bowler": "LCN Smith",
              "non_striker": "SW Bates",
              "runs": {
                "batter": 0,
                "extras": 0,
                "total": 0
              }
            },
            {
              "batter": "M Kapp",
              "bowler": "LCN Smith",
              "non_striker": "SW Bates",
              "runs": {
                "batter": 0,
                "extras": 0,
                "total": 0
              },
              "wickets": [
                {
                  "player_out": "M Kapp",
                  "fielders": [
                    {
                      "name": "P Litchfield"
                    }
                  ],
                  "kind": "caught"
                }
              ]
            },
            {
              "batter": "PJ Scholfield",
              "bowler": "LCN Smith",
              "non_striker": "SW Bates",
              "runs": {
                "batter": 0,
                "extras": 0,
                "total": 0
              }
            },
            {
              "batter": "PJ Scholfield",
              "bowler": "LCN Smith",
              "non_striker": "SW Bates",
              "runs": {
                "batter": 1,
                "extras": 0,
                "total": 1
              }
            },
            {
              "batter": "SW Bates",
              "bowler": "LCN Smith",
              "non_striker": "PJ Scholfield",
              "runs": {
                "batter": 1,
                "extras": 0,
                "total": 1
              }
            }
          ]
        },
        {
          "over": 8,
          "deliveries": [
            {
              "batter": "SW Bates",
              "bowler": "G Ballinger",
              "non_striker": "PJ Scholfield",
              "runs": {
                "batter": 0,
                "extras": 0,
                "total": 0
              }
            },
            {
              "batter": "SW Bates",
              "bowler": "G Ballinger",
              "non_striker": "PJ Scholfield",
              "runs": {
                "batter": 0,
                "extras": 0,
                "total": 0
              }
            },
            {
              "batter": "SW Bates",
              "bowler": "G Ballinger",
              "non_striker": "PJ Scholfield",
              "runs": {
                "batter": 0,
                "extras": 0,
                "total": 0
              }
            },
            {
              "batter": "SW Bates",
              "bowler": "G Ballinger",
              "non_striker": "PJ Scholfield",
              "runs": {
                "batter": 4,
                "extras": 0,
                "total": 4
              }
            },
            {
              "batter": "SW Bates",
              "bowler": "G Ballinger",
              "non_striker": "PJ Scholfield",
              "runs": {
                "batter": 1,
                "extras": 0,
                "total": 1
              }
            }
          ]
        },
        {
          "over": 9,
          "deliveries": [
            {
              "batter": "PJ Scholfield",
              "bowler": "G Wareham",
              "non_striker": "SW Bates",
              "runs": {
                "batter": 1,
                "extras": 0,
                "total": 1
              }
            },
            {
              "batter": "SW Bates",
              "bowler": "G Wareham",
              "non_striker": "PJ Scholfield",
              "runs": {
                "batter": 0,
                "extras": 0,
                "total": 0
              }
            },
            {
              "batter": "SW Bates",
              "bowler": "G Wareham",
              "non_striker": "PJ Scholfield",
              "runs": {
                "batter": 0,
                "extras": 0,
                "total": 0
              }
            },
            {
              "batter": "SW Bates",
              "bowler": "G Wareham",
              "non_striker": "PJ Scholfield",
              "runs": {
                "batter": 1,
                "extras": 0,
                "total": 1
              }
            },
            {
              "batter": "PJ Scholfield",
              "bowler": "G Wareham",
              "non_striker": "SW Bates",
              "runs": {
                "batter": 1,
                "extras": 0,
                "total": 1
              }
            }
          ]
        },
        {
          "over": 10,
          "deliveries": [
            {
              "batter": "PJ Scholfield",
              "bowler": "LCN Smith",
              "non_striker": "SW Bates",
              "runs": {
                "batter": 1,
                "extras": 0,
                "total": 1
              }
            },
            {
              "batter": "SW Bates",
              "bowler": "LCN Smith",
              "non_striker": "PJ Scholfield",
              "runs": {
                "batter": 1,
                "extras": 0,
                "total": 1
              }
            },
            {
              "batter": "PJ Scholfield",
              "bowler": "LCN Smith",
              "non_striker": "SW Bates",
              "runs": {
                "batter": 1,
                "extras": 0,
                "total": 1
              }
            },
            {
              "batter": "SW Bates",
              "bowler": "LCN Smith",
              "non_striker": "PJ Scholfield",
              "runs": {
                "batter": 0,
                "extras": 0,
                "total": 0
              }
            },
            {
              "batter": "SW Bates",
              "bowler": "LCN Smith",
              "non_striker": "PJ Scholfield",
              "runs": {
                "batter": 1,
                "extras": 0,
                "total": 1
              }
            }
          ]
        },
        {
          "over": 11,
          "deliveries": [
            {
              "batter": "PJ Scholfield",
              "bowler": "AN Davidson-Richards",
              "non_striker": "SW Bates",
              "runs": {
                "batter": 0,
                "extras": 0,
                "total": 0
              }
            },
            {
              "batter": "PJ Scholfield",
              "bowler": "AN Davidson-Richards",
              "non_striker": "SW Bates",
              "runs": {
                "batter": 1,
                "extras": 0,
                "total": 1
              }
            },
            {
              "batter": "SW Bates",
              "bowler": "AN Davidson-Richards",
              "extras": {
                "noballs": 2
              },
              "non_striker": "PJ Scholfield",
              "runs": {
                "batter": 0,
                "extras": 2,
                "total": 2
              }
            },
            {
              "batter": "SW Bates",
              "bowler": "AN Davidson-Richards",
              "non_striker": "PJ Scholfield",
              "runs": {
                "batter": 1,
                "extras": 0,
                "total": 1
              }
            },
            {
              "batter": "PJ Scholfield",
              "bowler": "AN Davidson-Richards",
              "non_striker": "SW Bates",
              "runs": {
                "batter": 1,
                "extras": 0,
                "total": 1
              }
            },
            {
              "batter": "SW Bates",
              "bowler": "AN Davidson-Richards",
              "non_striker": "PJ Scholfield",
              "runs": {
                "batter": 1,
                "extras": 0,
                "total": 1
              }
            }
          ]
        },
        {
          "over": 12,
          "deliveries": [
            {
              "batter": "SW Bates",
              "bowler": "G Wareham",
              "non_striker": "PJ Scholfield",
              "runs": {
                "batter": 1,
                "extras": 0,
                "total": 1
              }
            },
            {
              "batter": "PJ Scholfield",
              "bowler": "G Wareham",
              "non_striker": "SW Bates",
              "runs": {
                "batter": 4,
                "extras": 0,
                "total": 4
              }
            },
            {
              "batter": "PJ Scholfield",
              "bowler": "G Wareham",
              "non_striker": "SW Bates",
              "runs": {
                "batter": 0,
                "extras": 0,
                "total": 0
              },
              "wickets": [
                {
                  "player_out": "PJ Scholfield",
                  "fielders": [
                    {
                      "name": "LCN Smith"
                    }
                  ],
                  "kind": "caught"
                }
              ]
            },
            {
              "batter": "MK Villiers",
              "bowler": "G Wareham",
              "non_striker": "SW Bates",
              "runs": {
                "batter": 0,
                "extras": 0,
                "total": 0
              }
            },
            {
              "batter": "MK Villiers",
              "bowler": "G Wareham",
              "non_striker": "SW Bates",
              "runs": {
                "batter": 0,
                "extras": 0,
                "total": 0
              }
            }
          ]
        },
        {
          "over": 13,
          "deliveries": [
            {
              "batter": "MK Villiers",
              "bowler": "LCN Smith",
              "non_striker": "SW Bates",
              "runs": {
                "batter": 0,
                "extras": 0,
                "total": 0
              }
            },
            {
              "batter": "MK Villiers",
              "bowler": "LCN Smith",
              "extras": {
                "byes": 4
              },
              "non_striker": "SW Bates",
              "runs": {
                "batter": 0,
                "extras": 4,
                "total": 4
              }
            },
            {
              "batter": "MK Villiers",
              "bowler": "LCN Smith",
              "non_striker": "SW Bates",
              "runs": {
                "batter": 1,
                "extras": 0,
                "total": 1
              }
            },
            {
              "batter": "SW Bates",
              "bowler": "LCN Smith",
              "non_striker": "MK Villiers",
              "runs": {
                "batter": 1,
                "extras": 0,
                "total": 1
              }
            },
            {
              "batter": "MK Villiers",
              "bowler": "LCN Smith",
              "non_striker": "SW Bates",
              "runs": {
                "batter": 4,
                "extras": 0,
                "total": 4
              }
            }
          ]
        },
        {
          "over": 14,
          "deliveries": [
            {
              "batter": "SW Bates",
              "bowler": "KL Cross",
              "non_striker": "MK Villiers",
              "runs": {
                "batter": 4,
                "extras": 0,
                "total": 4
              }
            },
            {
              "batter": "SW Bates",
              "bowler": "KL Cross",
              "non_striker": "MK Villiers",
              "runs": {
                "batter": 0,
                "extras": 0,
                "total": 0
              },
              "wickets": [
                {
                  "player_out": "SW Bates",
                  "fielders": [
                    {
                      "name": "JI Rodrigues"
                    }
                  ],
                  "kind": "caught"
                }
              ]
            },
            {
              "batter": "CL Griffith",
              "bowler": "KL Cross",
              "non_striker": "MK Villiers",
              "runs": {
                "batter": 1,
                "extras": 0,
                "total": 1
              }
            },
            {
              "batter": "MK Villiers",
              "bowler": "KL Cross",
              "non_striker": "CL Griffith",
              "runs": {
                "batter": 0,
                "extras": 0,
                "total": 0
              }
            },
            {
              "batter": "MK Villiers",
              "bowler": "KL Cross",
              "non_striker": "CL Griffith",
              "runs": {
                "batter": 2,
                "extras": 0,
                "total": 2
              }
            }
          ]
        },
        {
          "over": 15,
          "deliveries": [
            {
              "batter": "MK Villiers",
              "bowler": "AN Davidson-Richards",
              "non_striker": "CL Griffith",
              "runs": {
                "batter": 1,
                "extras": 0,
                "total": 1
              }
            },
            {
              "batter": "CL Griffith",
              "bowler": "AN Davidson-Richards",
              "non_striker": "MK Villiers",
              "runs": {
                "batter": 2,
                "extras": 0,
                "total": 2
              }
            },
            {
              "batter": "CL Griffith",
              "bowler": "AN Davidson-Richards",
              "non_striker": "MK Villiers",
              "runs": {
                "batter": 0,
                "extras": 0,
                "total": 0
              }
            },
            {
              "batter": "CL Griffith",
              "bowler": "AN Davidson-Richards",
              "non_striker": "MK Villiers",
              "runs": {
                "batter": 4,
                "extras": 0,
                "total": 4
              }
            },
            {
              "batter": "CL Griffith",
              "bowler": "AN Davidson-Richards",
              "non_striker": "MK Villiers",
              "runs": {
                "batter": 1,
                "extras": 0,
                "total": 1
              }
            }
          ]
        },
        {
          "over": 16,
          "deliveries": [
            {
              "batter": "CL Griffith",
              "bowler": "LCN Smith",
              "non_striker": "MK Villiers",
              "runs": {
                "batter": 4,
                "extras": 0,
                "total": 4
              }
            },
            {
              "batter": "CL Griffith",
              "bowler": "LCN Smith",
              "non_striker": "MK Villiers",
              "runs": {
                "batter": 6,
                "extras": 0,
                "total": 6
              }
            },
            {
              "batter": "CL Griffith",
              "bowler": "LCN Smith",
              "non_striker": "MK Villiers",
              "runs": {
                "batter": 1,
                "extras": 0,
                "total": 1
              }
            },
            {
              "batter": "MK Villiers",
              "bowler": "LCN Smith",
              "non_striker": "CL Griffith",
              "runs": {
                "batter": 2,
                "extras": 0,
                "total": 2
              }
            },
            {
              "batter": "MK Villiers",
              "bowler": "LCN Smith",
              "non_striker": "CL Griffith",
              "runs": {
                "batter": 1,
                "extras": 0,
                "total": 1
              }
            }
          ]
        },
        {
          "over": 17,
          "deliveries": [
            {
              "batter": "CL Griffith",
              "bowler": "KL Cross",
              "non_striker": "MK Villiers",
              "runs": {
                "batter": 4,
                "extras": 0,
                "total": 4
              }
            },
            {
              "batter": "CL Griffith",
              "bowler": "KL Cross",
              "non_striker": "MK Villiers",
              "runs": {
                "batter": 2,
                "extras": 0,
                "total": 2
              }
            },
            {
              "batter": "CL Griffith",
              "bowler": "KL Cross",
              "non_striker": "MK Villiers",
              "runs": {
                "batter": 1,
                "extras": 0,
                "total": 1
              }
            },
            {
              "batter": "MK Villiers",
              "bowler": "KL Cross",
              "non_striker": "CL Griffith",
              "runs": {
                "batter": 1,
                "extras": 0,
                "total": 1
              }
            },
            {
              "batter": "CL Griffith",
              "bowler": "KL Cross",
              "non_striker": "MK Villiers",
              "runs": {
                "batter": 1,
                "extras": 0,
                "total": 1
              }
            }
          ]
        },
        {
          "over": 18,
          "deliveries": [
            {
              "batter": "CL Griffith",
              "bowler": "G Wareham",
              "non_striker": "MK Villiers",
              "runs": {
                "batter": 1,
                "extras": 0,
                "total": 1
              }
            },
            {
              "batter": "MK Villiers",
              "bowler": "G Wareham",
              "non_striker": "CL Griffith",
              "runs": {
                "batter": 4,
                "extras": 0,
                "total": 4
              }
            },
            {
              "batter": "MK Villiers",
              "bowler": "G Wareham",
              "non_striker": "CL Griffith",
              "runs": {
                "batter": 0,
                "extras": 0,
                "total": 0
              }
            },
            {
              "batter": "MK Villiers",
              "bowler": "G Wareham",
              "non_striker": "CL Griffith",
              "runs": {
                "batter": 0,
                "extras": 0,
                "total": 0
              }
            },
            {
              "batter": "MK Villiers",
              "bowler": "G Wareham",
              "non_striker": "CL Griffith",
              "runs": {
                "batter": 1,
                "extras": 0,
                "total": 1
              }
            }
          ]
        },
        {
          "over": 19,
          "deliveries": [
            {
              "batter": "CL Griffith",
              "bowler": "AN Davidson-Richards",
              "non_striker": "MK Villiers",
              "runs": {
                "batter": 1,
                "extras": 0,
                "total": 1
              }
            },
            {
              "batter": "MK Villiers",
              "bowler": "AN Davidson-Richards",
              "non_striker": "CL Griffith",
              "runs": {
                "batter": 4,
                "extras": 0,
                "total": 4
              }
            },
            {
              "batter": "MK Villiers",
              "bowler": "AN Davidson-Richards",
              "non_striker": "CL Griffith",
              "runs": {
                "batter": 1,
                "extras": 0,
                "total": 1
              }
            },
            {
              "batter": "CL Griffith",
              "bowler": "AN Davidson-Richards",
              "non_striker": "MK Villiers",
              "runs": {
                "batter": 1,
                "extras": 0,
                "total": 1
              }
            },
            {
              "batter": "MK Villiers",
              "bowler": "AN Davidson-Richards",
              "non_striker": "CL Griffith",
              "runs": {
                "batter": 0,
                "extras": 0,
                "total": 0
              }
            }
          ]
        }
      ],
      "powerplays": [
        {
          "from": 0.1,
          "to": 4.5,
          "type": "mandatory"
        }
      ],
      "target": {
        "overs": 20,
        "runs": 144
      }
    }
  ]
}