{
  "meta": {
    "data_version": "1.1.0",
    "created": "2024-07-30",
    "revision": 1
  },
  "info": {
    "balls_per_over": 5,
    "city": "Leeds",
    "dates": [
      "2024-07-30"
    ],
    "event": {
      "name": "The Hundred Women's Competition",
      "match_number": 8
    },
    "gender": "female",
    "match_type": "T20",
    "officials": {
      "match_referees": [
        "WR Smith"
      ],
      "reserve_umpires": [
        "G Brown"
      ],
      "tv_umpires": [
        "NL Bainton"
      ],
      "umpires": [
        "J Ibbotson",
        "MA Gough"
      ]
    },
    "outcome": {
      "result": "tie"
    },
    "overs": 20,
    "player_of_match": [
      "LK Bell"
    ],
    "players": {
      "Southern Brave": [
        "ME Bouchier",
        "DN Wyatt",
        "CR Knott",
        "GL Adams",
        "FG Kemp",
        "CL Tryon",
        "ND Dattani",
        "R Southby",
        "L Cheatle",
        "LK Bell",
        "MR Corteen-Coleman"
      ],
      "Northern Superchargers": [
        "HJ Armitage",
        "M Kelly",
        "P Litchfield",
        "A Sutherland",
        "AN Davidson-Richards",
        "BAM Heath",
        "G Wareham",
        "KL Cross",
        "LF Higham",
        "LCN Smith",
        "G Ballinger"
      ]
    },
    "registry": {
      "people": {
        "A Sutherland": "65d9b6b6",
        "AN Davidson-Richards": "35828bdd",
        "BAM Heath": "3b5a9438",
        "CL Tryon": "4d4605e6",
        "CR Knott": "d7ff1adc",
        "DN Wyatt": "a139c379",
        "FG Kemp": "abc9f8a4",
        "G Ballinger": "2f485713",
        "G Brown": "4b781bd0",
        "G Wareham": "f0b4e47d",
        "GL Adams": "7b1f2542",
        "HJ Armitage": "f05167d2",
        "J Ibbotson": "7318fdbf",
        "KL Cross": "1ade138e",
        "L Cheatle": "275dff85",
        "LCN Smith": "340202b0",
        "LF Higham": "fbd79b9b",
        "LK Bell": "38b4583c",
        "M Kelly": "ebf683f9",
        "MA Gough": "76752ac8",
        "ME Bouchier": "c2554b59",
        "MR Corteen-Coleman": "9049ab63",
        "ND Dattani": "13c19f32",
        "NL Bainton": "cd219cb3",
        "P Litchfield": "4e6ef14f",
        "R Southby": "bbe1525d",
        "WR Smith": "ad962377"
      }
    },
    "season": "2024",
    "team_type": "club",
    "teams": [
      "Southern Brave",
      "Northern Superchargers"
    ],
    "toss": {
      "decision": "bat",
      "winner": "Southern Brave"
    },
    "venue": "Headingley, Leeds"
  },
  "innings": [
    {
      "team": "Southern Brave",
      "overs": [
        {
          "over": 0,
          "deliveries": [
            {
              "batter": "ME Bouchier",
              "bowler": "KL Cross",
              "non_striker": "DN Wyatt",
              "runs": {
                "batter": 0,
                "extras": 0,
                "total": 0
              }
            },
            {
              "batter": "ME Bouchier",
              "bowler": "KL Cross",
              "non_striker": "DN Wyatt",
              "runs": {
                "batter": 4,
                "extras": 0,
                "total": 4
              }
            },
            {
              "batter": "ME Bouchier",
              "bowler": "KL Cross",
              "non_striker": "DN Wyatt",
              "runs": {
                "batter": 0,
                "extras": 0,
                "total": 0
              }
            },
            {
              "batter": "ME Bouchier",
              "bowler": "KL Cross",
              "non_striker": "DN Wyatt",
              "runs": {
                "batter": 0,
                "extras": 0,
                "total": 0
              }
            },
            {
              "batter": "ME Bouchier",
              "bowler": "KL Cross",
              "non_striker": "DN Wyatt",
              "runs": {
                "batter": 0,
                "extras": 0,
                "total": 0
              }
            }
          ]
        },
        {
          "over": 1,
          "deliveries": [
            {
              "batter": "ME Bouchier",
              "bowler": "LCN Smith",
              "non_striker": "DN Wyatt",
              "runs": {
                "batter": 2,
                "extras": 0,
                "total": 2
              }
            },
            {
              "batter": "ME Bouchier",
              "bowler": "LCN Smith",
              "non_striker": "DN Wyatt",
              "runs": {
                "batter": 4,
                "extras": 0,
                "total": 4
              }
            },
            {
              "batter": "ME Bouchier",
              "bowler": "LCN Smith",
              "extras": {
                "legbyes": 1
              },
              "non_striker": "DN Wyatt",
              "runs": {
                "batter": 0,
                "extras": 1,
                "total": 1
              }
            },
            {
              "batter": "DN Wyatt",
              "bowler": "LCN Smith",
              "non_striker": "ME Bouchier",
              "runs": {
                "batter": 1,
                "extras": 0,
                "total": 1
              }
            },
            {
              "batter": "ME Bouchier",
              "bowler": "LCN Smith",
              "non_striker": "DN Wyatt",
              "runs": {
                "batter": 0,
                "extras": 0,
                "total": 0
              }
            }
          ]
        },
        {
          "over": 2,
          "deliveries": [
            {
              "batter": "DN Wyatt",
              "bowler": "G Ballinger",
              "extras": {
                "wides": 1
              },
              "non_striker": "ME Bouchier",
              "runs": {
                "batter": 0,
                "extras": 1,
                "total": 1
              }
            },
            {
              "batter": "DN Wyatt",
              "bowler": "G Ballinger",
              "non_striker": "ME Bouchier",
              "runs": {
                "batter": 0,
                "extras": 0,
                "total": 0
              }
            },
            {
              "batter": "DN Wyatt",
              "bowler": "G Ballinger",
              "non_striker": "ME Bouchier",
              "runs": {
                "batter": 1,
                "extras": 0,
                "total": 1
              }
            },
            {
              "batter": "ME Bouchier",
              "bowler": "G Ballinger",
              "non_striker": "DN Wyatt",
              "runs": {
                "batter": 0,
                "extras": 0,
                "total": 0
              }
            },
            {
              "batter": "ME Bouchier",
              "bowler": "G Ballinger",
              "non_striker": "DN Wyatt",
              "runs": {
                "batter": 4,
                "extras": 0,
                "total": 4
              }
            },
            {
              "batter": "ME Bouchier",
              "bowler": "G Ballinger",
              "non_striker": "DN Wyatt",
              "runs": {
                "batter": 4,
                "extras": 0,
                "total": 4
              }
            }
          ]
        },
        {
          "over": 3,
          "deliveries": [
            {
              "batter": "ME Bouchier",
              "bowler": "LCN Smith",
              "non_striker": "DN Wyatt",
              "runs": {
                "batter": 4,
                "extras": 0,
                "total": 4
              }
            },
            {
              "batter": "ME Bouchier",
              "bowler": "LCN Smith",
              "non_striker": "DN Wyatt",
              "runs": {
                "batter": 0,
                "extras": 0,
                "total": 0
              },
              "wickets": [
                {
                  "player_out": "ME Bouchier",
                  "kind": "bowled"
                }
              ]
            },
            {
              "batter": "CR Knott",
              "bowler": "LCN Smith",
              "non_striker": "DN Wyatt",
              "runs": {
                "batter": 1,
                "extras": 0,
                "total": 1
              }
            },
            {
              "batter": "DN Wyatt",
              "bowler": "LCN Smith",
              "non_striker": "CR Knott",
              "runs": {
                "batter": 0,
                "extras": 0,
                "total": 0
              },
              "wickets": [
                {
                  "player_out": "DN Wyatt",
                  "fielders": [
                    {
                      "name": "G Wareham"
                    }
                  ],
                  "kind": "caught"
                }
              ]
            },
            {
              "batter": "GL Adams",
              "bowler": "LCN Smith",
              "non_striker": "CR Knott",
              "runs": {
                "batter": 0,
                "extras": 0,
                "total": 0
              }
            }
          ]
        },
        {
          "over": 4,
          "deliveries": [
            {
              "batter": "CR Knott",
              "bowler": "KL Cross",
              "non_striker": "GL Adams",
              "runs": {
                "batter": 0,
                "extras": 0,
                "total": 0
              }
            },
            {
              "batter": "CR Knott",
              "bowler": "KL Cross",
              "non_striker": "GL Adams",
              "runs": {
                "batter": 0,
                "extras": 0,
                "total": 0
              },
              "wickets": [
                {
                  "player_out": "CR Knott",
                  "fielders": [
                    {
                      "name": "AN Davidson-Richards"
                    }
                  ],
                  "kind": "caught"
                }
              ]
            },
            {
              "batter": "FG Kemp",
              "bowler": "KL Cross",
              "extras": {
                "wides": 1
              },
              "non_striker": "GL Adams",
              "runs": {
                "batter": 0,
                "extras": 1,
                "total": 1
              }
            },
            {
              "batter": "FG Kemp",
              "bowler": "KL Cross",
              "non_striker": "GL Adams",
              "runs": {
                "batter": 2,
                "extras": 0,
                "total": 2
              }
            },
            {
              "batter": "FG Kemp",
              "bowler": "KL Cross",
              "non_striker": "GL Adams",
              "runs": {
                "batter": 0,
                "extras": 0,
                "total": 0
              }
            },
            {
              "batter": "FG Kemp",
              "bowler": "KL Cross",
              "non_striker": "GL Adams",
              "runs": {
                "batter": 4,
                "extras": 0,
                "total": 4
              }
            }
          ]
        },
        {
          "over": 5,
          "deliveries": [
            {
              "batter": "FG Kemp",
              "bowler": "A Sutherland",
              "non_striker": "GL Adams",
              "runs": {
                "batter": 0,
                "extras": 0,
                "total": 0
              }
            },
            {
              "batter": "FG Kemp",
              "bowler": "A Sutherland",
              "non_striker": "GL Adams",
              "runs": {
                "batter": 0,
                "extras": 0,
                "total": 0
              }
            },
            {
              "batter": "FG Kemp",
              "bowler": "A Sutherland",
              "non_striker": "GL Adams",
              "runs": {
                "batter": 0,
                "extras": 0,
                "total": 0
              }
            },
            {
              "batter": "FG Kemp",
              "bowler": "A Sutherland",
              "non_striker": "GL Adams",
              "runs": {
                "batter": 1,
                "extras": 0,
                "total": 1
              }
            },
            {
              "batter": "GL Adams",
              "bowler": "A Sutherland",
              "non_striker": "FG Kemp",
              "runs": {
                "batter": 0,
                "extras": 0,
                "total": 0
              }
            }
          ]
        },
        {
          "over": 6,
          "deliveries": [
            {
              "batter": "FG Kemp",
              "bowler": "LF Higham",
              "non_striker": "GL Adams",
              "runs": {
                "batter": 1,
                "extras": 0,
                "total": 1
              }
            },
            {
              "batter": "GL Adams",
              "bowler": "LF Higham",
              "non_striker": "FG Kemp",
              "runs": {
                "batter": 0,
                "extras": 0,
                "total": 0
              },
              "wickets": [
                {
                  "player_out": "GL Adams",
                  "fielders": [
                    {
                      "name": "HJ Armitage"
                    }
                  ],
                  "kind": "run out"
                }
              ]
            },
            {
              "batter": "FG Kemp",
              "bowler": "LF Higham",
              "non_striker": "CL Tryon",
              "runs": {
                "batter": 0,
                "extras": 0,
                "total": 0
              }
            },
            {
              "batter": "FG Kemp",
              "bowler": "LF Higham",
              "non_striker": "CL Tryon",
              "runs": {
                "batter": 1,
                "extras": 0,
                "total": 1
              }
            },
            {
              "batter": "CL Tryon",
              "bowler": "LF Higham",
              "non_striker": "FG Kemp",
              "runs": {
                "batter": 0,
                "extras": 0,
                "total": 0
              }
            }
          ]
        },
        {
          "over": 7,
          "deliveries": [
            {
              "batter": "CL Tryon",
              "bowler": "A Sutherland",
              "non_striker": "FG Kemp",
              "runs": {
                "batter": 0,
                "extras": 0,
                "total": 0
              }
            },
            {
              "batter": "CL Tryon",
              "bowler": "A Sutherland",
              "extras": {
                "wides": 1
              },
              "non_striker": "FG Kemp",
              "runs": {
                "batter": 0,
                "extras": 1,
                "total": 1
              }
            },
            {
              "batter": "CL Tryon",
              "bowler": "A Sutherland",
              "non_striker": "FG Kemp",
              "runs": {
                "batter": 1,
                "extras": 0,
                "total": 1
              }
            },
            {
              "batter": "FG Kemp",
              "bowler": "A Sutherland",
              "non_striker": "CL Tryon",
              "runs": {
                "batter": 2,
                "extras": 0,
                "total": 2
              }
            },
            {
              "batter": "FG Kemp",
              "bowler": "A Sutherland",
              "extras": {
                "wides": 1
              },
              "non_striker": "CL Tryon",
              "runs": {
                "batter": 0,
                "extras": 1,
                "total": 1
              }
            },
            {
              "batter": "FG Kemp",
              "bowler": "A Sutherland",
              "non_striker": "CL Tryon",
              "runs": {
                "batter": 0,
                "extras": 0,
                "total": 0
              }
            },
            {
              "batter": "FG Kemp",
              "bowler": "A Sutherland",
              "non_striker": "CL Tryon",
              "runs": {
                "batter": 1,
                "extras": 0,
                "total": 1
              }
            }
          ]
        },
        {
          "over": 8,
          "deliveries": [
            {
              "batter": "FG Kemp",
              "bowler": "G Wareham",
              "non_striker": "CL Tryon",
              "runs": {
                "batter": 0,
                "extras": 0,
                "total": 0
              }
            },
            {
              "batter": "FG Kemp",
              "bowler": "G Wareham",
              "non_striker": "CL Tryon",
              "runs": {
                "batter": 1,
                "extras": 0,
                "total": 1
              }
            },
            {
              "batter": "CL Tryon",
              "bowler": "G Wareham",
              "non_striker": "FG Kemp",
              "runs": {
                "batter": 0,
                "extras": 0,
                "total": 0
              }
            },
            {
              "batter": "CL Tryon",
              "bowler": "G Wareham",
              "non_striker": "FG Kemp",
              "runs": {
                "batter": 1,
                "extras": 0,
                "total": 1
              }
            },
            {
              "batter": "FG Kemp",
              "bowler": "G Wareham",
              "non_striker": "CL Tryon",
              "runs": {
                "batter": 1,
                "extras": 0,
                "total": 1
              }
            }
          ]
        },
        {
          "over": 9,
          "deliveries": [
            {
              "batter": "CL Tryon",
              "bowler": "G Wareham",
              "non_striker": "FG Kemp",
              "runs": {
                "batter": 1,
                "extras": 0,
                "total": 1
              }
            },
            {
              "batter": "FG Kemp",
              "bowler": "G Wareham",
              "non_striker": "CL Tryon",
              "runs": {
                "batter": 0,
                "extras": 0,
                "total": 0
              },
              "wickets": [
                {
                  "player_out": "FG Kemp",
                  "fielders": [
                    {
                      "name": "HJ Armitage"
                    }
                  ],
                  "kind": "caught"
                }
              ]
            },
            {
              "batter": "ND Dattani",
              "bowler": "G Wareham",
              "non_striker": "CL Tryon",
              "runs": {
                "batter": 1,
                "extras": 0,
                "total": 1
              }
            },
            {
              "batter": "CL Tryon",
              "bowler": "G Wareham",
              "non_striker": "ND Dattani",
              "runs": {
                "batter": 1,
                "extras": 0,
                "total": 1
              }
            },
            {
              "batter": "ND Dattani",
              "bowler": "G Wareham",
              "non_striker": "CL Tryon",
              "runs": {
                "batter": 1,
                "extras": 0,
                "total": 1
              }
            }
          ]
        },
        {
          "over": 10,
          "deliveries": [
            {
              "batter": "ND Dattani",
              "bowler": "LF Higham",
              "non_striker": "CL Tryon",
              "runs": {
                "batter": 0,
                "extras": 0,
                "total": 0
              }
            },
            {
              "batter": "ND Dattani",
              "bowler": "LF Higham",
              "non_striker": "CL Tryon",
              "runs": {
                "batter": 0,
                "extras": 0,
                "total": 0
              }
            },
            {
              "batter": "ND Dattani",
              "bowler": "LF Higham",
              "non_striker": "CL Tryon",
              "runs": {
                "batter": 0,
                "extras": 0,
                "total": 0
              }
            },
            {
              "batter": "ND Dattani",
              "bowler": "LF Higham",
              "non_striker": "CL Tryon",
              "runs": {
                "batter": 1,
                "extras": 0,
                "total": 1
              }
            },
            {
              "batter": "CL Tryon",
              "bowler": "LF Higham",
              "non_striker": "ND Dattani",
              "runs": {
                "batter": 4,
                "extras": 0,
                "total": 4
              }
            }
          ]
        },
        {
          "over": 11,
          "deliveries": [
            {
              "batter": "CL Tryon",
              "bowler": "G Wareham",
              "non_striker": "ND Dattani",
              "runs": {
                "batter": 1,
                "extras": 0,
                "total": 1
              }
            },
            {
              "batter": "ND Dattani",
              "bowler": "G Wareham",
              "non_striker": "CL Tryon",
              "runs": {
                "batter": 1,
                "extras": 0,
                "total": 1
              }
            },
            {
              "batter": "CL Tryon",
              "bowler": "G Wareham",
              "non_striker": "ND Dattani",
              "runs": {
                "batter": 0,
                "extras": 0,
                "total": 0
              }
            },
            {
              "batter": "CL Tryon",
              "bowler": "G Wareham",
              "non_striker": "ND Dattani",
              "runs": {
                "batter": 0,
                "extras": 0,
                "total": 0
              }
            },
            {
              "batter": "CL Tryon",
              "bowler": "G Wareham",
              "non_striker": "ND Dattani",
              "runs": {
                "batter": 1,
                "extras": 0,
                "total": 1
              }
            }
          ]
        },
        {
          "over": 12,
          "deliveries": [
            {
              "batter": "CL Tryon",
              "bowler": "A Sutherland",
              "non_striker": "ND Dattani",
              "runs": {
                "batter": 0,
                "extras": 0,
                "total": 0
              }
            },
            {
              "batter": "CL Tryon",
              "bowler": "A Sutherland",
              "non_striker": "ND Dattani",
              "runs": {
                "batter": 0,
                "extras": 0,
                "total": 0
              }
            },
            {
              "batter": "CL Tryon",
              "bowler": "A Sutherland",
              "non_striker": "ND Dattani",
              "runs": {
                "batter": 1,
                "extras": 0,
                "total": 1
              }
            },
            {
              "batter": "ND Dattani",
              "bowler": "A Sutherland",
              "non_striker": "CL Tryon",
              "runs": {
                "batter": 0,
                "extras": 0,
                "total": 0
              },
              "wickets": [
                {
                  "player_out": "ND Dattani",
                  "kind": "bowled"
                }
              ]
            },
            {
              "batter": "R Southby",
              "bowler": "A Sutherland",
              "non_striker": "CL Tryon",
              "runs": {
                "batter": 0,
                "extras": 0,
                "total": 0
              }
            }
          ]
        },
        {
          "over": 13,
          "deliveries": [
            {
              "batter": "R Southby",
              "bowler": "LCN Smith",
              "non_striker": "CL Tryon",
              "runs": {
                "batter": 0,
                "extras": 0,
                "total": 0
              }
            },
            {
              "batter": "R Southby",
              "bowler": "LCN Smith",
              "non_striker": "CL Tryon",
              "runs": {
                "batter": 1,
                "extras": 0,
                "total": 1
              }
            },
            {
              "batter": "CL Tryon",
              "bowler": "LCN Smith",
              "non_striker": "R Southby",
              "runs": {
                "batter": 1,
                "extras": 0,
                "total": 1
              }
            },
            {
              "batter": "R Southby",
              "bowler": "LCN Smith",
              "non_striker": "CL Tryon",
              "runs": {
                "batter": 0,
                "extras": 0,
                "total": 0
              }
            },
            {
              "batter": "R Southby",
              "bowler": "LCN Smith",
              "non_striker": "CL Tryon",
              "runs": {
                "batter": 0,
                "extras": 0,
                "total": 0
              }
            }
          ]
        },
        {
          "over": 14,
          "deliveries": [
            {
              "batter": "CL Tryon",
              "bowler": "LF Higham",
              "non_striker": "R Southby",
              "runs": {
                "batter": 4,
                "extras": 0,
                "total": 4
              }
            },
            {
              "batter": "CL Tryon",
              "bowler": "LF Higham",
              "non_striker": "R Southby",
              "runs": {
                "batter": 4,
                "extras": 0,
                "total": 4
              }
            },
            {
              "batter": "CL Tryon",
              "bowler": "LF Higham",
              "non_striker": "R Southby",
              "runs": {
                "batter": 1,
                "extras": 0,
                "total": 1
              }
            },
            {
              "batter": "R Southby",
              "bowler": "LF Higham",
              "non_striker": "CL Tryon",
              "runs": {
                "batter": 2,
                "extras": 0,
                "total": 2
              }
            },
            {
              "batter": "R Southby",
              "bowler": "LF Higham",
              "non_striker": "CL Tryon",
              "runs": {
                "batter": 1,
                "extras": 0,
                "total": 1
              }
            }
          ]
        },
        {
          "over": 15,
          "deliveries": [
            {
              "batter": "CL Tryon",
              "bowler": "KL Cross",
              "non_striker": "R Southby",
              "runs": {
                "batter": 0,
                "extras": 0,
                "total": 0
              }
            },
            {
              "batter": "CL Tryon",
              "bowler": "KL Cross",
              "non_striker": "R Southby",
              "runs": {
                "batter": 1,
                "extras": 0,
                "total": 1
              }
            },
            {
              "batter": "R Southby",
              "bowler": "KL Cross",
              "non_striker": "CL Tryon",
              "runs": {
                "batter": 1,
                "extras": 0,
                "total": 1
              }
            },
            {
              "batter": "CL Tryon",
              "bowler": "KL Cross",
              "non_striker": "R Southby",
              "runs": {
                "batter": 0,
                "extras": 0,
                "total": 0
              }
            },
            {
              "batter": "CL Tryon",
              "bowler": "KL Cross",
              "non_striker": "R Southby",
              "runs": {
                "batter": 2,
                "extras": 0,
                "total": 2
              }
            }
          ]
        },
        {
          "over": 16,
          "deliveries": [
            {
              "batter": "R Southby",
              "bowler": "G Wareham",
              "non_striker": "CL Tryon",
              "runs": {
                "batter": 0,
                "extras": 0,
                "total": 0
              }
            },
            {
              "batter": "R Southby",
              "bowler": "G Wareham",
              "non_striker": "CL Tryon",
              "runs": {
                "batter": 0,
                "extras": 0,
                "total": 0
              }
            },
            {
              "batter": "R Southby",
              "bowler": "G Wareham",
              "non_striker": "CL Tryon",
              "runs": {
                "batter": 1,
                "extras": 0,
                "total": 1
              }
            },
            {
              "batter": "CL Tryon",
              "bowler": "G Wareham",
              "non_striker": "R Southby",
              "runs": {
                "batter": 1,
                "extras": 0,
                "total": 1
              }
            },
            {
              "batter": "R Southby",
              "bowler": "G Wareham",
              "non_striker": "CL Tryon",
              "runs": {
                "batter": 0,
                "extras": 0,
                "total": 0
              },
              "wickets": [
                {
                  "player_out": "CL Tryon",
                  "fielders": [
                    {
                      "name": "BAM Heath"
                    },
                    {
                      "name": "G Wareham"
                    }
                  ],
                  "kind": "run out"
                }
              ]
            }
          ]
        },
        {
          "over": 17,
          "deliveries": [
            {
              "batter": "L Cheatle",
              "bowler": "A Sutherland",
              "non_striker": "R Southby",
              "runs": {
                "batter": 0,
                "extras": 0,
                "total": 0
              }
            },
            {
              "batter": "L Cheatle",
              "bowler": "A Sutherland",
              "non_striker": "R Southby",
              "runs": {
                "batter": 0,
                "extras": 0,
                "total": 0
              }
            },
            {
              "batter": "L Cheatle",
              "bowler": "A Sutherland",
              "non_striker": "R Southby",
              "runs": {
                "batter": 1,
                "extras": 0,
                "total": 1
              }
            },
            {
              "batter": "R Southby",
              "bowler": "A Sutherland",
              "non_striker": "L Cheatle",
              "runs": {
                "batter": 0,
                "extras": 0,
                "total": 0
              }
            },
            {
              "batter": "R Southby",
              "bowler": "A Sutherland",
              "non_striker": "L Cheatle",
              "runs": {
                "batter": 1,
                "extras": 0,
                "total": 1
              }
            }
          ]
        },
        {
          "over": 18,
          "deliveries": [
            {
              "batter": "R Southby",
              "bowler": "LCN Smith",
              "non_striker": "L Cheatle",
              "runs": {
                "batter": 4,
                "extras": 0,
                "total": 4
              }
            },
            {
              "batter": "R Southby",
              "bowler": "LCN Smith",
              "non_striker": "L Cheatle",
              "runs": {
                "batter": 1,
                "extras": 0,
                "total": 1
              },
              "wickets": [
                {
                  "player_out": "L Cheatle",
                  "fielders": [
                    {
                      "name": "G Wareham"
                    },
                    {
                      "name": "LCN Smith"
                    }
                  ],
                  "kind": "run out"
                }
              ]
            },
            {
              "batter": "R Southby",
              "bowler": "LCN Smith",
              "non_striker": "LK Bell",
              "runs": {
                "batter": 1,
                "extras": 0,
                "total": 1
              }
            },
            {
              "batter": "LK Bell",
              "bowler": "LCN Smith",
              "non_striker": "R Southby",
              "runs": {
                "batter": 4,
                "extras": 0,
                "total": 4
              }
            },
            {
              "batter": "LK Bell",
              "bowler": "LCN Smith",
              "non_striker": "R Southby",
              "runs": {
                "batter": 0,
                "extras": 0,
                "total": 0
              }
            }
          ]
        },
        {
          "over": 19,
          "deliveries": [
            {
              "batter": "LK Bell",
              "bowler": "KL Cross",
              "non_striker": "R Southby",
              "runs": {
                "batter": 4,
                "extras": 0,
                "total": 4
              }
            },
            {
              "batter": "LK Bell",
              "bowler": "KL Cross",
              "non_striker": "R Southby",
              "runs": {
                "batter": 1,
                "extras": 0,
                "total": 1
              }
            },
            {
              "batter": "R Southby",
              "bowler": "KL Cross",
              "non_striker": "LK Bell",
              "runs": {
                "batter": 1,
                "extras": 0,
                "total": 1
              }
            },
            {
              "batter": "LK Bell",
              "bowler": "KL Cross",
              "non_striker": "R Southby",
              "runs": {
                "batter": 1,
                "extras": 0,
                "total": 1
              }
            },
            {
              "batter": "R Southby",
              "bowler": "KL Cross",
              "non_striker": "LK Bell",
              "runs": {
                "batter": 2,
                "extras": 0,
                "total": 2
              }
            }
          ]
        }
      ],
      "powerplays": [
        {
          "from": 0.1,
          "to": 4.6,
          "type": "mandatory"
        }
      ]
    },
    {
      "team": "Northern Superchargers",
      "overs": [
        {
          "over": 0,
          "deliveries": [
            {
              "batter": "HJ Armitage",
              "bowler": "MR Corteen-Coleman",
              "non_striker": "M Kelly",
              "runs": {
                "batter": 4,
                "extras": 0,
                "total": 4
              }
            },
            {
              "batter": "HJ Armitage",
              "bowler": "MR Corteen-Coleman",
              "non_striker": "M Kelly",
              "runs": {
                "batter": 0,
                "extras": 0,
                "total": 0
              }
            },
            {
              "batter": "HJ Armitage",
              "bowler": "MR Corteen-Coleman",
              "non_striker": "M Kelly",
              "runs": {
                "batter": 0,
                "extras": 0,
                "total": 0
              }
            },
            {
              "batter": "HJ Armitage",
              "bowler": "MR Corteen-Coleman",
              "non_striker": "M Kelly",
              "runs": {
                "batter": 4,
                "extras": 0,
                "total": 4
              }
            },
            {
              "batter": "HJ Armitage",
              "bowler": "MR Corteen-Coleman",
              "non_striker": "M Kelly",
              "runs": {
                "batter": 1,
                "extras": 0,
                "total": 1
              }
            }
          ]
        },
        {
          "over": 1,
          "deliveries": [
            {
              "batter": "M Kelly",
              "bowler": "L Cheatle",
              "non_striker": "HJ Armitage",
              "runs": {
                "batter": 1,
                "extras": 0,
                "total": 1
              }
            },
            {
              "batter": "HJ Armitage",
              "bowler": "L Cheatle",
              "extras": {
                "legbyes": 1
              },
              "non_striker": "M Kelly",
              "runs": {
                "batter": 0,
                "extras": 1,
                "total": 1
              }
            },
            {
              "batter": "M Kelly",
              "bowler": "L Cheatle",
              "non_striker": "HJ Armitage",
              "runs": {
                "batter": 0,
                "extras": 0,
                "total": 0
              }
            },
            {
              "batter": "M Kelly",
              "bowler": "L Cheatle",
              "non_striker": "HJ Armitage",
              "runs": {
                "batter": 4,
                "extras": 0,
                "total": 4
              }
            },
            {
              "batter": "M Kelly",
              "bowler": "L Cheatle",
              "non_striker": "HJ Armitage",
              "runs": {
                "batter": 0,
                "extras": 0,
                "total": 0
              }
            }
          ]
        },
        {
          "over": 2,
          "deliveries": [
            {
              "batter": "HJ Armitage",
              "bowler": "LK Bell",
              "extras": {
                "wides": 1
              },
              "non_striker": "M Kelly",
              "runs": {
                "batter": 0,
                "extras": 1,
                "total": 1
              }
            },
            {
              "batter": "HJ Armitage",
              "bowler": "LK Bell",
              "non_striker": "M Kelly",
              "runs": {
                "batter": 0,
                "extras": 0,
                "total": 0
              }
            },
            {
              "batter": "HJ Armitage",
              "bowler": "LK Bell",
              "extras": {
                "wides": 1
              },
              "non_striker": "M Kelly",
              "runs": {
                "batter": 0,
                "extras": 1,
                "total": 1
              }
            },
            {
              "batter": "HJ Armitage",
              "bowler": "LK Bell",
              "non_striker": "M Kelly",
              "runs": {
                "batter": 0,
                "extras": 0,
                "total": 0
              }
            },
            {
              "batter": "HJ Armitage",
              "bowler": "LK Bell",
              "non_striker": "M Kelly",
              "runs": {
                "batter": 0,
                "extras": 0,
                "total": 0
              },
              "wickets": [
                {
                  "player_out": "HJ Armitage",
                  "fielders": [
                    {
                      "name": "ND Dattani"
                    }
                  ],
                  "kind": "caught"
                }
              ]
            },
            {
              "batter": "P Litchfield",
              "bowler": "LK Bell",
              "non_striker": "M Kelly",
              "runs": {
                "batter": 0,
                "extras": 0,
                "total": 0
              }
            },
            {
              "batter": "P Litchfield",
              "bowler": "LK Bell",
              "non_striker": "M Kelly",
              "runs": {
                "batter": 0,
                "extras": 0,
                "total": 0
              }
            }
          ]
        },
        {
          "over": 3,
          "deliveries": [
            {
              "batter": "P Litchfield",
              "bowler": "LK Bell",
              "non_striker": "M Kelly",
              "runs": {
                "batter": 0,
                "extras": 0,
                "total": 0
              }
            },
            {
              "batter": "P Litchfield",
              "bowler": "LK Bell",
              "non_striker": "M Kelly",
              "runs": {
                "batter": 0,
                "extras": 0,
                "total": 0
              }
            },
            {
              "batter": "P Litchfield",
              "bowler": "LK Bell",
              "non_striker": "M Kelly",
              "runs": {
                "batter": 0,
                "extras": 0,
                "total": 0
              }
            },
            {
              "batter": "P Litchfield",
              "bowler": "LK Bell",
              "non_striker": "M Kelly",
              "runs": {
                "batter": 1,
                "extras": 0,
                "total": 1
              }
            },
            {
              "batter": "M Kelly",
              "bowler": "LK Bell",
              "non_striker": "P Litchfield",
              "runs": {
                "batter": 0,
                "extras": 0,
                "total": 0
              },
              "wickets": [
                {
                  "player_out": "M Kelly",
                  "kind": "bowled"
                }
              ]
            }
          ]
        },
        {
          "over": 4,
          "deliveries": [
            {
              "batter": "P Litchfield",
              "bowler": "L Cheatle",
              "extras": {
                "wides": 1
              },
              "non_striker": "A Sutherland",
              "runs": {
                "batter": 0,
                "extras": 1,
                "total": 1
              }
            },
            {
              "batter": "P Litchfield",
              "bowler": "L Cheatle",
              "non_striker": "A Sutherland",
              "runs": {
                "batter": 2,
                "extras": 0,
                "total": 2
              }
            },
            {
              "batter": "P Litchfield",
              "bowler": "L Cheatle",
              "non_striker": "A Sutherland",
              "runs": {
                "batter": 0,
                "extras": 0,
                "total": 0
              }
            },
            {
              "batter": "P Litchfield",
              "bowler": "L Cheatle",
              "non_striker": "A Sutherland",
              "runs": {
                "batter": 4,
                "extras": 0,
                "total": 4
              }
            },
            {
              "batter": "P Litchfield",
              "bowler": "L Cheatle",
              "non_striker": "A Sutherland",
              "runs": {
                "batter": 0,
                "extras": 0,
                "total": 0
              }
            },
            {
              "batter": "P Litchfield",
              "bowler": "L Cheatle",
              "non_striker": "A Sutherland",
              "runs": {
                "batter": 0,
                "extras": 0,
                "total": 0
              }
            }
          ]
        },
        {
          "over": 5,
          "deliveries": [
            {
              "batter": "P Litchfield",
              "bowler": "CR Knott",
              "non_striker": "A Sutherland",
              "runs": {
                "batter": 1,
                "extras": 0,
                "total": 1
              }
            },
            {
              "batter": "A Sutherland",
              "bowler": "CR Knott",
              "non_striker": "P Litchfield",
              "runs": {
                "batter": 1,
                "extras": 0,
                "total": 1
              }
            },
            {
              "batter": "P Litchfield",
              "bowler": "CR Knott",
              "non_striker": "A Sutherland",
              "runs": {
                "batter": 0,
                "extras": 0,
                "total": 0
              }
            },
            {
              "batter": "P Litchfield",
              "bowler": "CR Knott",
              "non_striker": "A Sutherland",
              "runs": {
                "batter": 0,
                "extras": 0,
                "total": 0
              }
            },
            {
              "batter": "P Litchfield",
              "bowler": "CR Knott",
              "non_striker": "A Sutherland",
              "runs": {
                "batter": 0,
                "extras": 0,
                "total": 0
              }
            }
          ]
        },
        {
          "over": 6,
          "deliveries": [
            {
              "batter": "A Sutherland",
              "bowler": "GL Adams",
              "non_striker": "P Litchfield",
              "runs": {
                "batter": 0,
                "extras": 0,
                "total": 0
              }
            },
            {
              "batter": "A Sutherland",
              "bowler": "GL Adams",
              "non_striker": "P Litchfield",
              "runs": {
                "batter": 0,
                "extras": 0,
                "total": 0
              }
            },
            {
              "batter": "A Sutherland",
              "bowler": "GL Adams",
              "non_striker": "P Litchfield",
              "runs": {
                "batter": 1,
                "extras": 0,
                "total": 1
              }
            },
            {
              "batter": "P Litchfield",
              "bowler": "GL Adams",
              "non_striker": "A Sutherland",
              "runs": {
                "batter": 1,
                "extras": 0,
                "total": 1
              }
            },
            {
              "batter": "A Sutherland",
              "bowler": "GL Adams",
              "non_striker": "P Litchfield",
              "runs": {
                "batter": 1,
                "extras": 0,
                "total": 1
              }
            }
          ]
        },
        {
          "over": 7,
          "deliveries": [
            {
              "batter": "P Litchfield",
              "bowler": "CR Knott",
              "non_striker": "A Sutherland",
              "runs": {
                "batter": 1,
                "extras": 0,
                "total": 1
              }
            },
            {
              "batter": "A Sutherland",
              "bowler": "CR Knott",
              "non_striker": "P Litchfield",
              "runs": {
                "batter": 4,
                "extras": 0,
                "total": 4
              }
            },
            {
              "batter": "A Sutherland",
              "bowler": "CR Knott",
              "non_striker": "P Litchfield",
              "runs": {
                "batter": 1,
                "extras": 0,
                "total": 1
              }
            },
            {
              "batter": "P Litchfield",
              "bowler": "CR Knott",
              "non_striker": "A Sutherland",
              "runs": {
                "batter": 4,
                "extras": 0,
                "total": 4
              }
            },
            {
              "batter": "P Litchfield",
              "bowler": "CR Knott",
              "non_striker": "A Sutherland",
              "runs": {
                "batter": 1,
                "extras": 0,
                "total": 1
              }
            }
          ]
        },
        {
          "over": 8,
          "deliveries": [
            {
              "batter": "P Litchfield",
              "bowler": "FG Kemp",
              "non_striker": "A Sutherland",
              "runs": {
                "batter": 1,
                "extras": 0,
                "total": 1
              }
            },
            {
              "batter": "A Sutherland",
              "bowler": "FG Kemp",
              "non_striker": "P Litchfield",
              "runs": {
                "batter": 0,
                "extras": 0,
                "total": 0
              }
            },
            {
              "batter": "A Sutherland",
              "bowler": "FG Kemp",
              "non_striker": "P Litchfield",
              "runs": {
                "batter": 0,
                "extras": 0,
                "total": 0
              }
            },
            {
              "batter": "A Sutherland",
              "bowler": "FG Kemp",
              "non_striker": "P Litchfield",
              "runs": {
                "batter": 0,
                "extras": 0,
                "total": 0
              }
            },
            {
              "batter": "A Sutherland",
              "bowler": "FG Kemp",
              "non_striker": "P Litchfield",
              "runs": {
                "batter": 0,
                "extras": 0,
                "total": 0
              }
            }
          ]
        },
        {
          "over": 9,
          "deliveries": [
            {
              "batter": "A Sutherland",
              "bowler": "CL Tryon",
              "non_striker": "P Litchfield",
              "runs": {
                "batter": 0,
                "extras": 0,
                "total": 0
              }
            },
            {
              "batter": "A Sutherland",
              "bowler": "CL Tryon",
              "non_striker": "P Litchfield",
              "runs": {
                "batter": 1,
                "extras": 0,
                "total": 1
              }
            },
            {
              "batter": "P Litchfield",
              "bowler": "CL Tryon",
              "non_striker": "A Sutherland",
              "runs": {
                "batter": 1,
                "extras": 0,
                "total": 1
              }
            },
            {
              "batter": "A Sutherland",
              "bowler": "CL Tryon",
              "non_striker": "P Litchfield",
              "runs": {
                "batter": 1,
                "extras": 0,
                "total": 1
              }
            },
            {
              "batter": "P Litchfield",
              "bowler": "CL Tryon",
              "non_striker": "A Sutherland",
              "runs": {
                "batter": 1,
                "extras": 0,
                "total": 1
              }
            }
          ]
        },
        {
          "over": 10,
          "deliveries": [
            {
              "batter": "P Litchfield",
              "bowler": "LK Bell",
              "non_striker": "A Sutherland",
              "runs": {
                "batter": 1,
                "extras": 0,
                "total": 1
              }
            },
            {
              "batter": "A Sutherland",
              "bowler": "LK Bell",
              "non_striker": "P Litchfield",
              "runs": {
                "batter": 0,
                "extras": 0,
                "total": 0
              },
              "wickets": [
                {
                  "player_out": "A Sutherland",
                  "fielders": [
                    {
                      "name": "GL Adams"
                    }
                  ],
                  "kind": "caught"
                }
              ]
            },
            {
              "batter": "AN Davidson-Richards",
              "bowler": "LK Bell",
              "non_striker": "P Litchfield",
              "runs": {
                "batter": 0,
                "extras": 0,
                "total": 0
              }
            },
            {
              "batter": "AN Davidson-Richards",
              "bowler": "LK Bell",
              "non_striker": "P Litchfield",
              "runs": {
                "batter": 0,
                "extras": 0,
                "total": 0
              }
            },
            {
              "batter": "AN Davidson-Richards",
              "bowler": "LK Bell",
              "non_striker": "P Litchfield",
              "runs": {
                "batter": 1,
                "extras": 0,
                "total": 1
              }
            }
          ]
        },
        {
          "over": 11,
          "deliveries": [
            {
              "batter": "P Litchfield",
              "bowler": "FG Kemp",
              "non_striker": "AN Davidson-Richards",
              "runs": {
                "batter": 4,
                "extras": 0,
                "total": 4
              }
            },
            {
              "batter": "P Litchfield",
              "bowler": "FG Kemp",
              "non_striker": "AN Davidson-Richards",
              "runs": {
                "batter": 0,
                "extras": 0,
                "total": 0
              }
            },
            {
              "batter": "P Litchfield",
              "bowler": "FG Kemp",
              "non_striker": "AN Davidson-Richards",
              "runs": {
                "batter": 1,
                "extras": 0,
                "total": 1
              }
            },
            {
              "batter": "AN Davidson-Richards",
              "bowler": "FG Kemp",
              "non_striker": "P Litchfield",
              "runs": {
                "batter": 4,
                "extras": 0,
                "total": 4
              }
            },
            {
              "batter": "AN Davidson-Richards",
              "bowler": "FG Kemp",
              "non_striker": "P Litchfield",
              "runs": {
                "batter": 4,
                "extras": 0,
                "total": 4
              }
            }
          ]
        },
        {
          "over": 12,
          "deliveries": [
            {
              "batter": "P Litchfield",
              "bowler": "CL Tryon",
              "non_striker": "AN Davidson-Richards",
              "runs": {
                "batter": 0,
                "extras": 0,
                "total": 0
              }
            },
            {
              "batter": "P Litchfield",
              "bowler": "CL Tryon",
              "non_striker": "AN Davidson-Richards",
              "runs": {
                "batter": 0,
                "extras": 0,
                "total": 0
              },
              "wickets": [
                {
                  "player_out": "P Litchfield",
                  "fielders": [
                    {
                      "name": "GL Adams"
                    }
                  ],
                  "kind": "caught"
                }
              ]
            },
            {
              "batter": "BAM Heath",
              "bowler": "CL Tryon",
              "non_striker": "AN Davidson-Richards",
              "runs": {
                "batter": 1,
                "extras": 0,
                "total": 1
              }
            },
            {
              "batter": "AN Davidson-Richards",
              "bowler": "CL Tryon",
              "non_striker": "BAM Heath",
              "runs": {
                "batter": 4,
                "extras": 0,
                "total": 4
              }
            },
            {
              "batter": "AN Davidson-Richards",
              "bowler": "CL Tryon",
              "non_striker": "BAM Heath",
              "runs": {
                "batter": 1,
                "extras": 0,
                "total": 1
              }
            }
          ]
        },
        {
          "over": 13,
          "deliveries": [
            {
              "batter": "BAM Heath",
              "bowler": "MR Corteen-Coleman",
              "non_striker": "AN Davidson-Richards",
              "runs": {
                "batter": 4,
                "extras": 0,
                "total": 4
              }
            },
            {
              "batter": "BAM Heath",
              "bowler": "MR Corteen-Coleman",
              "non_striker": "AN Davidson-Richards",
              "runs": {
                "batter": 1,
                "extras": 0,
                "total": 1
              }
            },
            {
              "batter": "AN Davidson-Richards",
              "bowler": "MR Corteen-Coleman",
              "non_striker": "BAM Heath",
              "runs": {
                "batter": 0,
                "extras": 0,
                "total": 0
              }
            },
            {
              "batter": "AN Davidson-Richards",
              "bowler": "MR Corteen-Coleman",
              "non_striker": "BAM Heath",
              "runs": {
                "batter": 0,
                "extras": 0,
                "total": 0
              }
            },
            {
              "batter": "AN Davidson-Richards",
              "bowler": "MR Corteen-Coleman",
              "non_striker": "BAM Heath",
              "runs": {
                "batter": 0,
                "extras": 0,
                "total": 0
              }
            }
          ]
        },
        {
          "over": 14,
          "deliveries": [
            {
              "batter": "BAM Heath",
              "bowler": "GL Adams",
              "non_striker": "AN Davidson-Richards",
              "runs": {
                "batter": 1,
                "extras": 0,
                "total": 1
              }
            },
            {
              "batter": "AN Davidson-Richards",
              "bowler": "GL Adams",
              "non_striker": "BAM Heath",
              "runs": {
                "batter": 1,
                "extras": 0,
                "total": 1
              }
            },
            {
              "batter": "BAM Heath",
              "bowler": "GL Adams",
              "non_striker": "AN Davidson-Richards",
              "runs": {
                "batter": 1,
                "extras": 0,
                "total": 1
              }
            },
            {
              "batter": "AN Davidson-Richards",
              "bowler": "GL Adams",
              "non_striker": "BAM Heath",
              "runs": {
                "batter": 1,
                "extras": 0,
                "total": 1
              }
            },
            {
              "batter": "BAM Heath",
              "bowler": "GL Adams",
              "non_striker": "AN Davidson-Richards",
              "runs": {
                "batter": 1,
                "extras": 0,
                "total": 1
              }
            }
          ]
        },
        {
          "over": 15,
          "deliveries": [
            {
              "batter": "AN Davidson-Richards",
              "bowler": "L Cheatle",
              "non_striker": "BAM Heath",
              "runs": {
                "batter": 0,
                "extras": 0,
                "total": 0
              }
            },
            {
              "batter": "AN Davidson-Richards",
              "bowler": "L Cheatle",
              "non_striker": "BAM Heath",
              "runs": {
                "batter": 0,
                "extras": 0,
                "total": 0
              },
              "wickets": [
                {
                  "player_out": "BAM Heath",
                  "fielders": [
                    {
                      "name": "L Cheatle"
                    }
                  ],
                  "kind": "run out"
                }
              ]
            },
            {
              "batter": "AN Davidson-Richards",
              "bowler": "L Cheatle",
              "non_striker": "G Wareham",
              "runs": {
                "batter": 4,
                "extras": 0,
                "total": 4
              }
            },
            {
              "batter": "AN Davidson-Richards",
              "bowler": "L Cheatle",
              "non_striker": "G Wareham",
              "runs": {
                "batter": 1,
                "extras": 0,
                "total": 1
              }
            },
            {
              "batter": "G Wareham",
              "bowler": "L Cheatle",
              "non_striker": "AN Davidson-Richards",
              "runs": {
                "batter": 0,
                "extras": 0,
                "total": 0
              }
            }
          ]
        },
        {
          "over": 16,
          "deliveries": [
            {
              "batter": "AN Davidson-Richards",
              "bowler": "GL Adams",
              "non_striker": "G Wareham",
              "runs": {
                "batter": 1,
                "extras": 0,
                "total": 1
              }
            },
            {
              "batter": "G Wareham",
              "bowler": "GL Adams",
              "non_striker": "AN Davidson-Richards",
              "runs": {
                "batter": 1,
                "extras": 0,
                "total": 1
              }
            },
            {
              "batter": "AN Davidson-Richards",
              "bowler": "GL Adams",
              "non_striker": "G Wareham",
              "runs": {
                "batter": 1,
                "extras": 0,
                "total": 1
              }
            },
            {
              "batter": "G Wareham",
              "bowler": "GL Adams",
              "non_striker": "AN Davidson-Richards",
              "runs": {
                "batter": 0,
                "extras": 0,
                "total": 0
              },
              "wickets": [
                {
                  "player_out": "G Wareham",
                  "kind": "bowled"
                }
              ]
            },
            {
              "batter": "KL Cross",
              "bowler": "GL Adams",
              "non_striker": "AN Davidson-Richards",
              "runs": {
                "batter": 0,
                "extras": 0,
                "total": 0
              }
            }
          ]
        },
        {
          "over": 17,
          "deliveries": [
            {
              "batter": "KL Cross",
              "bowler": "CL Tryon",
              "non_striker": "AN Davidson-Richards",
              "runs": {
                "batter": 0,
                "extras": 0,
                "total": 0
              }
            },
            {
              "batter": "KL Cross",
              "bowler": "CL Tryon",
              "non_striker": "AN Davidson-Richards",
              "runs": {
                "batter": 0,
                "extras": 0,
                "total": 0
              }
            },
            {
              "batter": "KL Cross",
              "bowler": "CL Tryon",
              "non_striker": "AN Davidson-Richards",
              "runs": {
                "batter": 0,
                "extras": 0,
                "total": 0
              }
            },
            {
              "batter": "KL Cross",
              "bowler": "CL Tryon",
              "non_striker": "AN Davidson-Richards",
              "runs": {
                "batter": 0,
                "extras": 0,
                "total": 0
              }
            },
            {
              "batter": "KL Cross",
              "bowler": "CL Tryon",
              "non_striker": "AN Davidson-Richards",
              "runs": {
                "batter": 1,
                "extras": 0,
                "total": 1
              }
            }
          ]
        },
        {
          "over": 18,
          "deliveries": [
            {
              "batter": "KL Cross",
              "bowler": "GL Adams",
              "non_striker": "AN Davidson-Richards",
              "runs": {
                "batter": 1,
                "extras": 0,
                "total": 1
              }
            },
            {
              "batter": "AN Davidson-Richards",
              "bowler": "GL Adams",
              "non_striker": "KL Cross",
              "runs": {
                "batter": 1,
                "extras": 0,
                "total": 1
              }
            },
            {
              "batter": "KL Cross",
              "bowler": "GL Adams",
              "non_striker": "AN Davidson-Richards",
              "runs": {
                "batter": 4,
                "extras": 0,
                "total": 4
              }
            },
            {
              "batter": "KL Cross",
              "bowler": "GL Adams",
              "non_striker": "AN Davidson-Richards",
              "runs": {
                "batter": 1,
                "extras": 0,
                "total": 1
              }
            },
            {
              "batter": "AN Davidson-Richards",
              "bowler": "GL Adams",
              "non_striker": "KL Cross",
              "runs": {
                "batter": 1,
                "extras": 0,
                "total": 1
              }
            }
          ]
        },
        {
          "over": 19,
          "deliveries": [
            {
              "batter": "KL Cross",
              "bowler": "LK Bell",
              "non_striker": "AN Davidson-Richards",
              "runs": {
                "batter": 1,
                "extras": 0,
                "total": 1
              }
            },
            {
              "batter": "AN Davidson-Richards",
              "bowler": "LK Bell",
              "non_striker": "KL Cross",
              "runs": {
                "batter": 2,
                "extras": 0,
                "total": 2
              }
            },
            {
              "batter": "AN Davidson-Richards",
              "bowler": "LK Bell",
              "non_striker": "KL Cross",
              "runs": {
                "batter": 0,
                "extras": 0,
                "total": 0
              },
              "wickets": [
                {
                  "player_out": "AN Davidson-Richards",
                  "kind": "bowled"
                }
              ]
            },
            {
              "batter": "LF Higham",
              "bowler": "LK Bell",
              "non_striker": "KL Cross",
              "runs": {
                "batter": 1,
                "extras": 0,
                "total": 1
              }
            },
            {
              "batter": "KL Cross",
              "bowler": "LK Bell",
              "non_striker": "LF Higham",
              "runs": {
                "batter": 2,
                "extras": 0,
                "total": 2
              }
            }
          ]
        }
      ],
      "powerplays": [
        {
          "from": 0.1,
          "to": 4.6,
          "type": "mandatory"
        }
      ],
      "target": {
        "overs": 20,
        "runs": 101
      }
    }
  ]
}