{
  "meta": {
    "data_version": "1.1.0",
    "created": "2024-08-01",
    "revision": 1
  },
  "info": {
    "balls_per_over": 5,
    "city": "Southampton",
    "dates": [
      "2024-08-01"
    ],
    "event": {
      "name": "The Hundred Women's Competition",
      "match_number": 11
    },
    "gender": "female",
    "match_type": "T20",
    "officials": {
      "match_referees": [
        "SJ Davis"
      ],
      "reserve_umpires": [
        "J Jarvis"
      ],
      "tv_umpires": [
        "PK Baldwin"
      ],
      "umpires": [
        "Mark Newell",
        "S McLelland"
      ]
    },
    "outcome": {
      "winner": "Manchester Originals",
      "by": {
        "wickets": 6
      }
    },
    "overs": 20,
    "player_of_match": [
      "L Wolvaardt"
    ],
    "players": {
      "Southern Brave": [
        "ME Bouchier",
        "DN Wyatt",
        "CR Knott",
        "FG Kemp",
        "CL Tryon",
        "GL Adams",
        "ND Dattani",
        "R Southby",
        "L Cheatle",
        "LK Bell",
        "MR Corteen-Coleman"
      ],
      "Manchester Originals": [
        "BL Mooney",
        "L Wolvaardt",
        "E Jones",
        "S Ecclestone",
        "FMK Morris",
        "KE Bryce",
        "EL Lamb",
        "KJ Garth",
        "E Threlkeld",
        "AZ Monaghan",
        "L Filer"
      ]
    },
    "registry": {
      "people": {
        "AZ Monaghan": "0c694738",
        "BL Mooney": "52d1dbc8",
        "CL Tryon": "4d4605e6",
        "CR Knott": "d7ff1adc",
        "DN Wyatt": "a139c379",
        "E Jones": "971cb321",
        "E Threlkeld": "c66c73f9",
        "EL Lamb": "02181d9a",
        "FG Kemp": "abc9f8a4",
        "FMK Morris": "3a9b3866",
        "GL Adams": "7b1f2542",
        "J Jarvis": "13187bb6",
        "KE Bryce": "f13d3eba",
        "KJ Garth": "0b69a844",
        "L Cheatle": "275dff85",
        "L Filer": "31adb911",
        "L Wolvaardt": "e60f81c9",
        "LK Bell": "38b4583c",
        "ME Bouchier": "c2554b59",
        "MR Corteen-Coleman": "9049ab63",
        "Mark Newell": "b33f0fa1",
        "ND Dattani": "13c19f32",
        "PK Baldwin": "6bb53c12",
        "R Southby": "bbe1525d",
        "S Ecclestone": "cdb82f1c",
        "S McLelland": "fcc653b8",
        "SJ Davis": "bc71b0b2"
      }
    },
    "season": "2024",
    "team_type": "club",
    "teams": [
      "Southern Brave",
      "Manchester Originals"
    ],
    "toss": {
      "decision": "field",
      "winner": "Manchester Originals"
    },
    "venue": "The Rose Bowl, Southampton"
  },
  "innings": [
    {
      "team": "Southern Brave",
      "overs": [
        {
          "over": 0,
          "deliveries": [
            {
              "batter": "ME Bouchier",
              "bowler": "KE Bryce",
              "non_striker": "DN Wyatt",
              "runs": {
                "batter": 4,
                "extras": 0,
                "total": 4
              }
            },
            {
              "batter": "ME Bouchier",
              "bowler": "KE Bryce",
              "non_striker": "DN Wyatt",
              "runs": {
                "batter": 1,
                "extras": 0,
                "total": 1
              }
            },
            {
              "batter": "DN Wyatt",
              "bowler": "KE Bryce",
              "non_striker": "ME Bouchier",
              "runs": {
                "batter": 0,
                "extras": 0,
                "total": 0
              }
            },
            {
              "batter": "DN Wyatt",
              "bowler": "KE Bryce",
              "non_striker": "ME Bouchier",
              "runs": {
                "batter": 4,
                "extras": 0,
                "total": 4
              }
            },
            {
              "batter": "DN Wyatt",
              "bowler": "KE Bryce",
              "non_striker": "ME Bouchier",
              "runs": {
                "batter": 0,
                "extras": 0,
                "total": 0
              }
            }
          ]
        },
        {
          "over": 1,
          "deliveries": [
            {
              "batter": "DN Wyatt",
              "bowler": "L Filer",
              "non_striker": "ME Bouchier",
              "runs": {
                "batter": 0,
                "extras": 0,
                "total": 0
              }
            },
            {
              "batter": "DN Wyatt",
              "bowler": "L Filer",
              "non_striker": "ME Bouchier",
              "runs": {
                "batter": 1,
                "extras": 0,
                "total": 1
              }
            },
            {
              "batter": "ME Bouchier",
              "bowler": "L Filer",
              "extras": {
                "noballs": 2
              },
              "non_striker": "DN Wyatt",
              "runs": {
                "batter": 1,
                "extras": 2,
                "total": 3
              }
            },
            {
              "batter": "DN Wyatt",
              "bowler": "L Filer",
              "non_striker": "ME Bouchier",
              "runs": {
                "batter": 0,
                "extras": 0,
                "total": 0
              }
            },
            {
              "batter": "DN Wyatt",
              "bowler": "L Filer",
              "non_striker": "ME Bouchier",
              "runs": {
                "batter": 4,
                "extras": 0,
                "total": 4
              }
            },
            {
              "batter": "DN Wyatt",
              "bowler": "L Filer",
              "non_striker": "ME Bouchier",
              "runs": {
                "batter": 0,
                "extras": 0,
                "total": 0
              }
            }
          ]
        },
        {
          "over": 2,
          "deliveries": [
            {
              "batter": "ME Bouchier",
              "bowler": "KJ Garth",
              "non_striker": "DN Wyatt",
              "runs": {
                "batter": 0,
                "extras": 0,
                "total": 0
              }
            },
            {
              "batter": "ME Bouchier",
              "bowler": "KJ Garth",
              "non_striker": "DN Wyatt",
              "runs": {
                "batter": 1,
                "extras": 0,
                "total": 1
              }
            },
            {
              "batter": "DN Wyatt",
              "bowler": "KJ Garth",
              "non_striker": "ME Bouchier",
              "runs": {
                "batter": 0,
                "extras": 0,
                "total": 0
              }
            },
            {
              "batter": "DN Wyatt",
              "bowler": "KJ Garth",
              "non_striker": "ME Bouchier",
              "runs": {
                "batter": 4,
                "extras": 0,
                "total": 4
              }
            },
            {
              "batter": "DN Wyatt",
              "bowler": "KJ Garth",
              "non_striker": "ME Bouchier",
              "runs": {
                "batter": 0,
                "extras": 0,
                "total": 0
              }
            }
          ]
        },
        {
          "over": 3,
          "deliveries": [
            {
              "batter": "DN Wyatt",
              "bowler": "L Filer",
              "non_striker": "ME Bouchier",
              "runs": {
                "batter": 0,
                "extras": 0,
                "total": 0
              }
            },
            {
              "batter": "DN Wyatt",
              "bowler": "L Filer",
              "non_striker": "ME Bouchier",
              "runs": {
                "batter": 2,
                "extras": 0,
                "total": 2
              }
            },
            {
              "batter": "DN Wyatt",
              "bowler": "L Filer",
              "non_striker": "ME Bouchier",
              "runs": {
                "batter": 1,
                "extras": 0,
                "total": 1
              }
            },
            {
              "batter": "ME Bouchier",
              "bowler": "L Filer",
              "non_striker": "DN Wyatt",
              "runs": {
                "batter": 0,
                "extras": 0,
                "total": 0
              }
            },
            {
              "batter": "ME Bouchier",
              "bowler": "L Filer",
              "non_striker": "DN Wyatt",
              "runs": {
                "batter": 0,
                "extras": 0,
                "total": 0
              }
            }
          ]
        },
        {
          "over": 4,
          "deliveries": [
            {
              "batter": "DN Wyatt",
              "bowler": "S Ecclestone",
              "non_striker": "ME Bouchier",
              "runs": {
                "batter": 0,
                "extras": 0,
                "total": 0
              }
            },
            {
              "batter": "DN Wyatt",
              "bowler": "S Ecclestone",
              "non_striker": "ME Bouchier",
              "runs": {
                "batter": 4,
                "extras": 0,
                "total": 4
              }
            },
            {
              "batter": "DN Wyatt",
              "bowler": "S Ecclestone",
              "non_striker": "ME Bouchier",
              "runs": {
                "batter": 0,
                "extras": 0,
                "total": 0
              }
            },
            {
              "batter": "DN Wyatt",
              "bowler": "S Ecclestone",
              "non_striker": "ME Bouchier",
              "runs": {
                "batter": 1,
                "extras": 0,
                "total": 1
              }
            },
            {
              "batter": "ME Bouchier",
              "bowler": "S Ecclestone",
              "non_striker": "DN Wyatt",
              "runs": {
                "batter": 0,
                "extras": 0,
                "total": 0
              }
            }
          ]
        },
        {
          "over": 5,
          "deliveries": [
            {
              "batter": "ME Bouchier",
              "bowler": "FMK Morris",
              "non_striker": "DN Wyatt",
              "runs": {
                "batter": 4,
                "extras": 0,
                "total": 4
              }
            },
            {
              "batter": "ME Bouchier",
              "bowler": "FMK Morris",
              "non_striker": "DN Wyatt",
              "runs": {
                "batter": 0,
                "extras": 0,
                "total": 0
              }
            },
            {
              "batter": "ME Bouchier",
              "bowler": "FMK Morris",
              "non_striker": "DN Wyatt",
              "runs": {
                "batter": 1,
                "extras": 0,
                "total": 1
              }
            },
            {
              "batter": "DN Wyatt",
              "bowler": "FMK Morris",
              "non_striker": "ME Bouchier",
              "runs": {
                "batter": 4,
                "extras": 0,
                "total": 4
              }
            },
            {
              "batter": "DN Wyatt",
              "bowler": "FMK Morris",
              "non_striker": "ME Bouchier",
              "runs": {
                "batter": 0,
                "extras": 0,
                "total": 0
              }
            }
          ]
        },
        {
          "over": 6,
          "deliveries": [
            {
              "batter": "ME Bouchier",
              "bowler": "KJ Garth",
              "non_striker": "DN Wyatt",
              "runs": {
                "batter": 4,
                "extras": 0,
                "total": 4
              }
            },
            {
              "batter": "ME Bouchier",
              "bowler": "KJ Garth",
              "non_striker": "DN Wyatt",
              "runs": {
                "batter": 2,
                "extras": 0,
                "total": 2
              }
            },
            {
              "batter": "ME Bouchier",
              "bowler": "KJ Garth",
              "non_striker": "DN Wyatt",
              "runs": {
                "batter": 2,
                "extras": 0,
                "total": 2
              }
            },
            {
              "batter": "ME Bouchier",
              "bowler": "KJ Garth",
              "non_striker": "DN Wyatt",
              "runs": {
                "batter": 4,
                "extras": 0,
                "total": 4
              }
            },
            {
              "batter": "ME Bouchier",
              "bowler": "KJ Garth",
              "non_striker": "DN Wyatt",
              "runs": {
                "batter": 0,
                "extras": 0,
                "total": 0
              },
              "wickets": [
                {
                  "player_out": "ME Bouchier",
                  "kind": "bowled"
                }
              ]
            }
          ]
        },
        {
          "over": 7,
          "deliveries": [
            {
              "batter": "CR Knott",
              "bowler": "KE Bryce",
              "non_striker": "DN Wyatt",
              "runs": {
                "batter": 0,
                "extras": 0,
                "total": 0
              }
            },
            {
              "batter": "CR Knott",
              "bowler": "KE Bryce",
              "non_striker": "DN Wyatt",
              "runs": {
                "batter": 0,
                "extras": 0,
                "total": 0
              }
            },
            {
              "batter": "CR Knott",
              "bowler": "KE Bryce",
              "non_striker": "DN Wyatt",
              "runs": {
                "batter": 4,
                "extras": 0,
                "total": 4
              }
            },
            {
              "batter": "CR Knott",
              "bowler": "KE Bryce",
              "non_striker": "DN Wyatt",
              "runs": {
                "batter": 0,
                "extras": 0,
                "total": 0
              }
            },
            {
              "batter": "CR Knott",
              "bowler": "KE Bryce",
              "non_striker": "DN Wyatt",
              "runs": {
                "batter": 0,
                "extras": 0,
                "total": 0
              }
            }
          ]
        },
        {
          "over": 8,
          "deliveries": [
            {
              "batter": "DN Wyatt",
              "bowler": "S Ecclestone",
              "non_striker": "CR Knott",
              "runs": {
                "batter": 4,
                "extras": 0,
                "total": 4
              }
            },
            {
              "batter": "DN Wyatt",
              "bowler": "S Ecclestone",
              "non_striker": "CR Knott",
              "runs": {
                "batter": 0,
                "extras": 0,
                "total": 0
              }
            },
            {
              "batter": "DN Wyatt",
              "bowler": "S Ecclestone",
              "non_striker": "CR Knott",
              "runs": {
                "batter": 0,
                "extras": 0,
                "total": 0
              }
            },
            {
              "batter": "DN Wyatt",
              "bowler": "S Ecclestone",
              "non_striker": "CR Knott",
              "runs": {
                "batter": 1,
                "extras": 0,
                "total": 1
              }
            },
            {
              "batter": "CR Knott",
              "bowler": "S Ecclestone",
              "non_striker": "DN Wyatt",
              "runs": {
                "batter": 0,
                "extras": 0,
                "total": 0
              }
            }
          ]
        },
        {
          "over": 9,
          "deliveries": [
            {
              "batter": "CR Knott",
              "bowler": "L Filer",
              "non_striker": "DN Wyatt",
              "runs": {
                "batter": 0,
                "extras": 0,
                "total": 0
              }
            },
            {
              "batter": "CR Knott",
              "bowler": "L Filer",
              "non_striker": "DN Wyatt",
              "runs": {
                "batter": 0,
                "extras": 0,
                "total": 0
              }
            },
            {
              "batter": "CR Knott",
              "bowler": "L Filer",
              "extras": {
                "wides": 1
              },
              "non_striker": "DN Wyatt",
              "runs": {
                "batter": 0,
                "extras": 1,
                "total": 1
              }
            },
            {
              "batter": "CR Knott",
              "bowler": "L Filer",
              "extras": {
                "wides": 1
              },
              "non_striker": "DN Wyatt",
              "runs": {
                "batter": 0,
                "extras": 1,
                "total": 1
              }
            },
            {
              "batter": "CR Knott",
              "bowler": "L Filer",
              "non_striker": "DN Wyatt",
              "runs": {
                "batter": 0,
                "extras": 0,
                "total": 0
              }
            },
            {
              "batter": "CR Knott",
              "bowler": "L Filer",
              "non_striker": "DN Wyatt",
              "runs": {
                "batter": 0,
                "extras": 0,
                "total": 0
              }
            },
            {
              "batter": "CR Knott",
              "bowler": "L Filer",
              "non_striker": "DN Wyatt",
              "runs": {
                "batter": 1,
                "extras": 0,
                "total": 1
              }
            }
          ]
        },
        {
          "over": 10,
          "deliveries": [
            {
              "batter": "CR Knott",
              "bowler": "FMK Morris",
              "non_striker": "DN Wyatt",
              "runs": {
                "batter": 4,
                "extras": 0,
                "total": 4
              }
            },
            {
              "batter": "CR Knott",
              "bowler": "FMK Morris",
              "non_striker": "DN Wyatt",
              "runs": {
                "batter": 0,
                "extras": 0,
                "total": 0
              }
            },
            {
              "batter": "CR Knott",
              "bowler": "FMK Morris",
              "non_striker": "DN Wyatt",
              "runs": {
                "batter": 4,
                "extras": 0,
                "total": 4
              }
            },
            {
              "batter": "CR Knott",
              "bowler": "FMK Morris",
              "non_striker": "DN Wyatt",
              "runs": {
                "batter": 1,
                "extras": 0,
                "total": 1
              }
            },
            {
              "batter": "DN Wyatt",
              "bowler": "FMK Morris",
              "non_striker": "CR Knott",
              "runs": {
                "batter": 4,
                "extras": 0,
                "total": 4
              }
            }
          ]
        },
        {
          "over": 11,
          "deliveries": [
            {
              "batter": "DN Wyatt",
              "bowler": "KE Bryce",
              "non_striker": "CR Knott",
              "runs": {
                "batter": 1,
                "extras": 0,
                "total": 1
              }
            },
            {
              "batter": "CR Knott",
              "bowler": "KE Bryce",
              "non_striker": "DN Wyatt",
              "runs": {
                "batter": 4,
                "extras": 0,
                "total": 4
              }
            },
            {
              "batter": "CR Knott",
              "bowler": "KE Bryce",
              "non_striker": "DN Wyatt",
              "runs": {
                "batter": 1,
                "extras": 0,
                "total": 1
              }
            },
            {
              "batter": "DN Wyatt",
              "bowler": "KE Bryce",
              "non_striker": "CR Knott",
              "runs": {
                "batter": 0,
                "extras": 0,
                "total": 0
              }
            },
            {
              "batter": "DN Wyatt",
              "bowler": "KE Bryce",
              "non_striker": "CR Knott",
              "runs": {
                "batter": 4,
                "extras": 0,
                "total": 4
              }
            }
          ]
        },
        {
          "over": 12,
          "deliveries": [
            {
              "batter": "CR Knott",
              "bowler": "S Ecclestone",
              "non_striker": "DN Wyatt",
              "runs": {
                "batter": 0,
                "extras": 0,
                "total": 0
              }
            },
            {
              "batter": "CR Knott",
              "bowler": "S Ecclestone",
              "non_striker": "DN Wyatt",
              "runs": {
                "batter": 1,
                "extras": 0,
                "total": 1
              }
            },
            {
              "batter": "DN Wyatt",
              "bowler": "S Ecclestone",
              "non_striker": "CR Knott",
              "runs": {
                "batter": 0,
                "extras": 0,
                "total": 0
              }
            },
            {
              "batter": "DN Wyatt",
              "bowler": "S Ecclestone",
              "non_striker": "CR Knott",
              "runs": {
                "batter": 4,
                "extras": 0,
                "total": 4
              }
            },
            {
              "batter": "DN Wyatt",
              "bowler": "S Ecclestone",
              "non_striker": "CR Knott",
              "runs": {
                "batter": 1,
                "extras": 0,
                "total": 1
              }
            }
          ]
        },
        {
          "over": 13,
          "deliveries": [
            {
              "batter": "CR Knott",
              "bowler": "KJ Garth",
              "non_striker": "DN Wyatt",
              "runs": {
                "batter": 1,
                "extras": 0,
                "total": 1
              }
            },
            {
              "batter": "DN Wyatt",
              "bowler": "KJ Garth",
              "non_striker": "CR Knott",
              "runs": {
                "batter": 0,
                "extras": 0,
                "total": 0
              }
            },
            {
              "batter": "DN Wyatt",
              "bowler": "KJ Garth",
              "non_striker": "CR Knott",
              "runs": {
                "batter": 2,
                "extras": 0,
                "total": 2
              }
            },
            {
              "batter": "DN Wyatt",
              "bowler": "KJ Garth",
              "non_striker": "CR Knott",
              "runs": {
                "batter": 0,
                "extras": 0,
                "total": 0
              }
            },
            {
              "batter": "DN Wyatt",
              "bowler": "KJ Garth",
              "non_striker": "CR Knott",
              "runs": {
                "batter": 3,
                "extras": 0,
                "total": 3
              }
            }
          ]
        },
        {
          "over": 14,
          "deliveries": [
            {
              "batter": "DN Wyatt",
              "bowler": "AZ Monaghan",
              "non_striker": "CR Knott",
              "runs": {
                "batter": 0,
                "extras": 0,
                "total": 0
              }
            },
            {
              "batter": "DN Wyatt",
              "bowler": "AZ Monaghan",
              "extras": {
                "legbyes": 1
              },
              "non_striker": "CR Knott",
              "runs": {
                "batter": 0,
                "extras": 1,
                "total": 1
              }
            },
            {
              "batter": "CR Knott",
              "bowler": "AZ Monaghan",
              "non_striker": "DN Wyatt",
              "runs": {
                "batter": 1,
                "extras": 0,
                "total": 1
              }
            },
            {
              "batter": "DN Wyatt",
              "bowler": "AZ Monaghan",
              "non_striker": "CR Knott",
              "runs": {
                "batter": 2,
                "extras": 0,
                "total": 2
              }
            },
            {
              "batter": "DN Wyatt",
              "bowler": "AZ Monaghan",
              "non_striker": "CR Knott",
              "runs": {
                "batter": 2,
                "extras": 0,
                "total": 2
              }
            }
          ]
        },
        {
          "over": 15,
          "deliveries": [
            {
              "batter": "DN Wyatt",
              "bowler": "L Filer",
              "non_striker": "CR Knott",
              "runs": {
                "batter": 1,
                "extras": 0,
                "total": 1
              }
            },
            {
              "batter": "CR Knott",
              "bowler": "L Filer",
              "non_striker": "DN Wyatt",
              "runs": {
                "batter": 2,
                "extras": 0,
                "total": 2
              }
            },
            {
              "batter": "CR Knott",
              "bowler": "L Filer",
              "non_striker": "DN Wyatt",
              "runs": {
                "batter": 0,
                "extras": 0,
                "total": 0
              }
            },
            {
              "batter": "CR Knott",
              "bowler": "L Filer",
              "non_striker": "DN Wyatt",
              "runs": {
                "batter": 2,
                "extras": 0,
                "total": 2
              }
            },
            {
              "batter": "CR Knott",
              "bowler": "L Filer",
              "non_striker": "DN Wyatt",
              "runs": {
                "batter": 0,
                "extras": 0,
                "total": 0
              }
            }
          ]
        },
        {
          "over": 16,
          "deliveries": [
            {
              "batter": "DN Wyatt",
              "bowler": "KJ Garth",
              "extras": {
                "noballs": 2
              },
              "non_striker": "CR Knott",
              "runs": {
                "batter": 4,
                "extras": 2,
                "total": 6
              }
            },
            {
              "batter": "DN Wyatt",
              "bowler": "KJ Garth",
              "non_striker": "CR Knott",
              "runs": {
                "batter": 2,
                "extras": 0,
                "total": 2
              }
            },
            {
              "batter": "DN Wyatt",
              "bowler": "KJ Garth",
              "non_striker": "CR Knott",
              "runs": {
                "batter": 1,
                "extras": 0,
                "total": 1
              }
            },
            {
              "batter": "CR Knott",
              "bowler": "KJ Garth",
              "non_striker": "DN Wyatt",
              "runs": {
                "batter": 0,
                "extras": 0,
                "total": 0
              }
            },
            {
              "batter": "CR Knott",
              "bowler": "KJ Garth",
              "non_striker": "DN Wyatt",
              "runs": {
                "batter": 1,
                "extras": 0,
                "total": 1
              }
            },
            {
              "batter": "DN Wyatt",
              "bowler": "KJ Garth",
              "non_striker": "CR Knott",
              "runs": {
                "batter": 0,
                "extras": 0,
                "total": 0
              }
            }
          ]
        },
        {
          "over": 17,
          "deliveries": [
            {
              "batter": "DN Wyatt",
              "bowler": "S Ecclestone",
              "non_striker": "CR Knott",
              "runs": {
                "batter": 0,
                "extras": 0,
                "total": 0
              }
            },
            {
              "batter": "DN Wyatt",
              "bowler": "S Ecclestone",
              "non_striker": "CR Knott",
              "runs": {
                "batter": 0,
                "extras": 0,
                "total": 0
              },
              "wickets": [
                {
                  "player_out": "DN Wyatt",
                  "kind": "caught and bowled"
                }
              ]
            },
            {
              "batter": "FG Kemp",
              "bowler": "S Ecclestone",
              "non_striker": "CR Knott",
              "runs": {
                "batter": 1,
                "extras": 0,
                "total": 1
              }
            },
            {
              "batter": "CR Knott",
              "bowler": "S Ecclestone",
              "non_striker": "FG Kemp",
              "runs": {
                "batter": 0,
                "extras": 0,
                "total": 0
              },
              "wickets": [
                {
                  "player_out": "CR Knott",
                  "fielders": [
                    {
                      "name": "FMK Morris"
                    }
                  ],
                  "kind": "caught"
                }
              ]
            },
            {
              "batter": "CL Tryon",
              "bowler": "S Ecclestone",
              "non_striker": "FG Kemp",
              "review": {
                "by": "Manchester Originals",
                "umpire": "Mark Newell",
                "batter": "CL Tryon",
                "decision": "struck down"
              },
              "runs": {
                "batter": 0,
                "extras": 0,
                "total": 0
              }
            }
          ]
        },
        {
          "over": 18,
          "deliveries": [
            {
              "batter": "FG Kemp",
              "bowler": "FMK Morris",
              "non_striker": "CL Tryon",
              "runs": {
                "batter": 1,
                "extras": 0,
                "total": 1
              }
            },
            {
              "batter": "CL Tryon",
              "bowler": "FMK Morris",
              "non_striker": "FG Kemp",
              "runs": {
                "batter": 1,
                "extras": 0,
                "total": 1
              }
            },
            {
              "batter": "FG Kemp",
              "bowler": "FMK Morris",
              "non_striker": "CL Tryon",
              "runs": {
                "batter": 0,
                "extras": 0,
                "total": 0
              }
            },
            {
              "batter": "FG Kemp",
              "bowler": "FMK Morris",
              "non_striker": "CL Tryon",
              "runs": {
                "batter": 0,
                "extras": 0,
                "total": 0
              },
              "wickets": [
                {
                  "player_out": "FG Kemp",
                  "fielders": [
                    {
                      "name": "L Wolvaardt"
                    }
                  ],
                  "kind": "caught"
                }
              ]
            },
            {
              "batter": "GL Adams",
              "bowler": "FMK Morris",
              "non_striker": "CL Tryon",
              "runs": {
                "batter": 1,
                "extras": 0,
                "total": 1
              }
            }
          ]
        },
        {
          "over": 19,
          "deliveries": [
            {
              "batter": "CL Tryon",
              "bowler": "FMK Morris",
              "non_striker": "GL Adams",
              "runs": {
                "batter": 1,
                "extras": 0,
                "total": 1
              }
            },
            {
              "batter": "GL Adams",
              "bowler": "FMK Morris",
              "non_striker": "CL Tryon",
              "runs": {
                "batter": 1,
                "extras": 0,
                "total": 1
              }
            },
            {
              "batter": "CL Tryon",
              "bowler": "FMK Morris",
              "non_striker": "GL Adams",
              "runs": {
                "batter": 4,
                "extras": 0,
                "total": 4
              }
            },
            {
              "batter": "CL Tryon",
              "bowler": "FMK Morris",
              "non_striker": "GL Adams",
              "runs": {
                "batter": 6,
                "extras": 0,
                "total": 6
              }
            },
            {
              "batter": "CL Tryon",
              "bowler": "FMK Morris",
              "non_striker": "GL Adams",
              "runs": {
                "batter": 1,
                "extras": 0,
                "total": 1
              },
              "wickets": [
                {
                  "player_out": "CL Tryon",
                  "fielders": [
                    {
                      "name": "E Threlkeld"
                    },
                    {
                      "name": "AZ Monaghan"
                    }
                  ],
                  "kind": "run out"
                }
              ]
            }
          ]
        }
      ],
      "powerplays": [
        {
          "from": 0.1,
          "to": 4.5,
          "type": "mandatory"
        }
      ]
    },
    {
      "team": "Manchester Originals",
      "overs": [
        {
          "over": 0,
          "deliveries": [
            {
              "batter": "BL Mooney",
              "bowler": "LK Bell",
              "extras": {
                "byes": 1
              },
              "non_striker": "L Wolvaardt",
              "runs": {
                "batter": 0,
                "extras": 1,
                "total": 1
              }
            },
            {
              "batter": "L Wolvaardt",
              "bowler": "LK Bell",
              "non_striker": "BL Mooney",
              "runs": {
                "batter": 0,
                "extras": 0,
                "total": 0
              }
            },
            {
              "batter": "L Wolvaardt",
              "bowler": "LK Bell",
              "extras": {
                "wides": 1
              },
              "non_striker": "BL Mooney",
              "runs": {
                "batter": 0,
                "extras": 1,
                "total": 1
              }
            },
            {
              "batter": "L Wolvaardt",
              "bowler": "LK Bell",
              "non_striker": "BL Mooney",
              "runs": {
                "batter": 0,
                "extras": 0,
                "total": 0
              }
            },
            {
              "batter": "L Wolvaardt",
              "bowler": "LK Bell",
              "non_striker": "BL Mooney",
              "runs": {
                "batter": 1,
                "extras": 0,
                "total": 1
              }
            },
            {
              "batter": "BL Mooney",
              "bowler": "LK Bell",
              "non_striker": "L Wolvaardt",
              "runs": {
                "batter": 1,
                "extras": 0,
                "total": 1
              }
            }
          ]
        },
        {
          "over": 1,
          "deliveries": [
            {
              "batter": "L Wolvaardt",
              "bowler": "L Cheatle",
              "non_striker": "BL Mooney",
              "runs": {
                "batter": 0,
                "extras": 0,
                "total": 0
              }
            },
            {
              "batter": "L Wolvaardt",
              "bowler": "L Cheatle",
              "non_striker": "BL Mooney",
              "runs": {
                "batter": 1,
                "extras": 0,
                "total": 1
              }
            },
            {
              "batter": "BL Mooney",
              "bowler": "L Cheatle",
              "non_striker": "L Wolvaardt",
              "runs": {
                "batter": 0,
                "extras": 0,
                "total": 0
              }
            },
            {
              "batter": "BL Mooney",
              "bowler": "L Cheatle",
              "non_striker": "L Wolvaardt",
              "runs": {
                "batter": 1,
                "extras": 0,
                "total": 1
              }
            },
            {
              "batter": "L Wolvaardt",
              "bowler": "L Cheatle",
              "non_striker": "BL Mooney",
              "runs": {
                "batter": 1,
                "extras": 0,
                "total": 1
              }
            }
          ]
        },
        {
          "over": 2,
          "deliveries": [
            {
              "batter": "L Wolvaardt",
              "bowler": "L Cheatle",
              "non_striker": "BL Mooney",
              "runs": {
                "batter": 4,
                "extras": 0,
                "total": 4
              }
            },
            {
              "batter": "L Wolvaardt",
              "bowler": "L Cheatle",
              "non_striker": "BL Mooney",
              "runs": {
                "batter": 0,
                "extras": 0,
                "total": 0
              }
            },
            {
              "batter": "L Wolvaardt",
              "bowler": "L Cheatle",
              "non_striker": "BL Mooney",
              "runs": {
                "batter": 1,
                "extras": 0,
                "total": 1
              }
            },
            {
              "batter": "BL Mooney",
              "bowler": "L Cheatle",
              "non_striker": "L Wolvaardt",
              "runs": {
                "batter": 0,
                "extras": 0,
                "total": 0
              },
              "wickets": [
                {
                  "player_out": "BL Mooney",
                  "fielders": [
                    {
                      "name": "R Southby"
                    }
                  ],
                  "kind": "caught"
                }
              ]
            },
            {
              "batter": "E Jones",
              "bowler": "L Cheatle",
              "non_striker": "L Wolvaardt",
              "runs": {
                "batter": 1,
                "extras": 0,
                "total": 1
              }
            }
          ]
        },
        {
          "over": 3,
          "deliveries": [
            {
              "batter": "L Wolvaardt",
              "bowler": "FG Kemp",
              "non_striker": "E Jones",
              "runs": {
                "batter": 4,
                "extras": 0,
                "total": 4
              }
            },
            {
              "batter": "L Wolvaardt",
              "bowler": "FG Kemp",
              "non_striker": "E Jones",
              "runs": {
                "batter": 2,
                "extras": 0,
                "total": 2
              }
            },
            {
              "batter": "L Wolvaardt",
              "bowler": "FG Kemp",
              "non_striker": "E Jones",
              "runs": {
                "batter": 1,
                "extras": 0,
                "total": 1
              }
            },
            {
              "batter": "E Jones",
              "bowler": "FG Kemp",
              "non_striker": "L Wolvaardt",
              "runs": {
                "batter": 4,
                "extras": 0,
                "total": 4
              }
            },
            {
              "batter": "E Jones",
              "bowler": "FG Kemp",
              "non_striker": "L Wolvaardt",
              "runs": {
                "batter": 4,
                "extras": 0,
                "total": 4
              }
            }
          ]
        },
        {
          "over": 4,
          "deliveries": [
            {
              "batter": "L Wolvaardt",
              "bowler": "LK Bell",
              "non_striker": "E Jones",
              "runs": {
                "batter": 0,
                "extras": 0,
                "total": 0
              }
            },
            {
              "batter": "L Wolvaardt",
              "bowler": "LK Bell",
              "non_striker": "E Jones",
              "runs": {
                "batter": 4,
                "extras": 0,
                "total": 4
              }
            },
            {
              "batter": "L Wolvaardt",
              "bowler": "LK Bell",
              "non_striker": "E Jones",
              "runs": {
                "batter": 1,
                "extras": 0,
                "total": 1
              }
            },
            {
              "batter": "E Jones",
              "bowler": "LK Bell",
              "non_striker": "L Wolvaardt",
              "runs": {
                "batter": 0,
                "extras": 0,
                "total": 0
              }
            },
            {
              "batter": "E Jones",
              "bowler": "LK Bell",
              "non_striker": "L Wolvaardt",
              "runs": {
                "batter": 4,
                "extras": 0,
                "total": 4
              }
            }
          ]
        },
        {
          "over": 5,
          "deliveries": [
            {
              "batter": "E Jones",
              "bowler": "CR Knott",
              "non_striker": "L Wolvaardt",
              "runs": {
                "batter": 1,
                "extras": 0,
                "total": 1
              }
            },
            {
              "batter": "L Wolvaardt",
              "bowler": "CR Knott",
              "non_striker": "E Jones",
              "runs": {
                "batter": 1,
                "extras": 0,
                "total": 1
              }
            },
            {
              "batter": "E Jones",
              "bowler": "CR Knott",
              "non_striker": "L Wolvaardt",
              "runs": {
                "batter": 1,
                "extras": 0,
                "total": 1
              }
            },
            {
              "batter": "L Wolvaardt",
              "bowler": "CR Knott",
              "non_striker": "E Jones",
              "runs": {
                "batter": 1,
                "extras": 0,
                "total": 1
              }
            },
            {
              "batter": "E Jones",
              "bowler": "CR Knott",
              "non_striker": "L Wolvaardt",
              "runs": {
                "batter": 0,
                "extras": 0,
                "total": 0
              }
            }
          ]
        },
        {
          "over": 6,
          "deliveries": [
            {
              "batter": "L Wolvaardt",
              "bowler": "MR Corteen-Coleman",
              "non_striker": "E Jones",
              "runs": {
                "batter": 1,
                "extras": 0,
                "total": 1
              }
            },
            {
              "batter": "E Jones",
              "bowler": "MR Corteen-Coleman",
              "non_striker": "L Wolvaardt",
              "runs": {
                "batter": 1,
                "extras": 0,
                "total": 1
              }
            },
            {
              "batter": "L Wolvaardt",
              "bowler": "MR Corteen-Coleman",
              "non_striker": "E Jones",
              "runs": {
                "batter": 0,
                "extras": 0,
                "total": 0
              }
            },
            {
              "batter": "L Wolvaardt",
              "bowler": "MR Corteen-Coleman",
              "non_striker": "E Jones",
              "runs": {
                "batter": 1,
                "extras": 0,
                "total": 1
              }
            },
            {
              "batter": "E Jones",
              "bowler": "MR Corteen-Coleman",
              "non_striker": "L Wolvaardt",
              "runs": {
                "batter": 1,
                "extras": 0,
                "total": 1
              }
            }
          ]
        },
        {
          "over": 7,
          "deliveries": [
            {
              "batter": "L Wolvaardt",
              "bowler": "CR Knott",
              "non_striker": "E Jones",
              "runs": {
                "batter": 1,
                "extras": 0,
                "total": 1
              }
            },
            {
              "batter": "E Jones",
              "bowler": "CR Knott",
              "non_striker": "L Wolvaardt",
              "runs": {
                "batter": 1,
                "extras": 0,
                "total": 1
              }
            },
            {
              "batter": "L Wolvaardt",
              "bowler": "CR Knott",
              "non_striker": "E Jones",
              "runs": {
                "batter": 4,
                "extras": 0,
                "total": 4
              }
            },
            {
              "batter": "L Wolvaardt",
              "bowler": "CR Knott",
              "non_striker": "E Jones",
              "runs": {
                "batter": 1,
                "extras": 0,
                "total": 1
              }
            },
            {
              "batter": "E Jones",
              "bowler": "CR Knott",
              "non_striker": "L Wolvaardt",
              "runs": {
                "batter": 4,
                "extras": 0,
                "total": 4
              }
            }
          ]
        },
        {
          "over": 8,
          "deliveries": [
            {
              "batter": "L Wolvaardt",
              "bowler": "CL Tryon",
              "non_striker": "E Jones",
              "runs": {
                "batter": 0,
                "extras": 0,
                "total": 0
              }
            },
            {
              "batter": "L Wolvaardt",
              "bowler": "CL Tryon",
              "non_striker": "E Jones",
              "runs": {
                "batter": 1,
                "extras": 0,
                "total": 1
              }
            },
            {
              "batter": "E Jones",
              "bowler": "CL Tryon",
              "non_striker": "L Wolvaardt",
              "runs": {
                "batter": 0,
                "extras": 0,
                "total": 0
              }
            },
            {
              "batter": "E Jones",
              "bowler": "CL Tryon",
              "non_striker": "L Wolvaardt",
              "runs": {
                "batter": 1,
                "extras": 0,
                "total": 1
              }
            },
            {
              "batter": "L Wolvaardt",
              "bowler": "CL Tryon",
              "non_striker": "E Jones",
              "runs": {
                "batter": 1,
                "extras": 0,
                "total": 1
              }
            }
          ]
        },
        {
          "over": 9,
          "deliveries": [
            {
              "batter": "E Jones",
              "bowler": "GL Adams",
              "non_striker": "L Wolvaardt",
              "runs": {
                "batter": 1,
                "extras": 0,
                "total": 1
              }
            },
            {
              "batter": "L Wolvaardt",
              "bowler": "GL Adams",
              "non_striker": "E Jones",
              "runs": {
                "batter": 1,
                "extras": 0,
                "total": 1
              }
            },
            {
              "batter": "E Jones",
              "bowler": "GL Adams",
              "non_striker": "L Wolvaardt",
              "runs": {
                "batter": 1,
                "extras": 0,
                "total": 1
              }
            },
            {
              "batter": "L Wolvaardt",
              "bowler": "GL Adams",
              "non_striker": "E Jones",
              "runs": {
                "batter": 4,
                "extras": 0,
                "total": 4
              }
            },
            {
              "batter": "L Wolvaardt",
              "bowler": "GL Adams",
              "non_striker": "E Jones",
              "runs": {
                "batter": 1,
                "extras": 0,
                "total": 1
              }
            }
          ]
        },
        {
          "over": 10,
          "deliveries": [
            {
              "batter": "L Wolvaardt",
              "bowler": "MR Corteen-Coleman",
              "non_striker": "E Jones",
              "runs": {
                "batter": 1,
                "extras": 0,
                "total": 1
              }
            },
            {
              "batter": "E Jones",
              "bowler": "MR Corteen-Coleman",
              "non_striker": "L Wolvaardt",
              "runs": {
                "batter": 1,
                "extras": 0,
                "total": 1
              }
            },
            {
              "batter": "L Wolvaardt",
              "bowler": "MR Corteen-Coleman",
              "non_striker": "E Jones",
              "runs": {
                "batter": 2,
                "extras": 0,
                "total": 2
              }
            },
            {
              "batter": "L Wolvaardt",
              "bowler": "MR Corteen-Coleman",
              "non_striker": "E Jones",
              "runs": {
                "batter": 1,
                "extras": 0,
                "total": 1
              }
            },
            {
              "batter": "E Jones",
              "bowler": "MR Corteen-Coleman",
              "non_striker": "L Wolvaardt",
              "runs": {
                "batter": 0,
                "extras": 0,
                "total": 0
              }
            }
          ]
        },
        {
          "over": 11,
          "deliveries": [
            {
              "batter": "E Jones",
              "bowler": "LK Bell",
              "non_striker": "L Wolvaardt",
              "runs": {
                "batter": 0,
                "extras": 0,
                "total": 0
              }
            },
            {
              "batter": "E Jones",
              "bowler": "LK Bell",
              "non_striker": "L Wolvaardt",
              "runs": {
                "batter": 1,
                "extras": 0,
                "total": 1
              }
            },
            {
              "batter": "L Wolvaardt",
              "bowler": "LK Bell",
              "non_striker": "E Jones",
              "runs": {
                "batter": 1,
                "extras": 0,
                "total": 1
              }
            },
            {
              "batter": "E Jones",
              "bowler": "LK Bell",
              "non_striker": "L Wolvaardt",
              "runs": {
                "batter": 1,
                "extras": 0,
                "total": 1
              }
            },
            {
              "batter": "L Wolvaardt",
              "bowler": "LK Bell",
              "non_striker": "E Jones",
              "runs": {
                "batter": 0,
                "extras": 0,
                "total": 0
              }
            }
          ]
        },
        {
          "over": 12,
          "deliveries": [
            {
              "batter": "E Jones",
              "bowler": "L Cheatle",
              "non_striker": "L Wolvaardt",
              "runs": {
                "batter": 1,
                "extras": 0,
                "total": 1
              }
            },
            {
              "batter": "L Wolvaardt",
              "bowler": "L Cheatle",
              "non_striker": "E Jones",
              "runs": {
                "batter": 1,
                "extras": 0,
                "total": 1
              }
            },
            {
              "batter": "E Jones",
              "bowler": "L Cheatle",
              "non_striker": "L Wolvaardt",
              "runs": {
                "batter": 6,
                "extras": 0,
                "total": 6
              }
            },
            {
              "batter": "E Jones",
              "bowler": "L Cheatle",
              "non_striker": "L Wolvaardt",
              "runs": {
                "batter": 1,
                "extras": 0,
                "total": 1
              }
            },
            {
              "batter": "L Wolvaardt",
              "bowler": "L Cheatle",
              "non_striker": "E Jones",
              "runs": {
                "batter": 4,
                "extras": 0,
                "total": 4
              }
            }
          ]
        },
        {
          "over": 13,
          "deliveries": [
            {
              "batter": "L Wolvaardt",
              "bowler": "MR Corteen-Coleman",
              "non_striker": "E Jones",
              "runs": {
                "batter": 0,
                "extras": 0,
                "total": 0
              }
            },
            {
              "batter": "L Wolvaardt",
              "bowler": "MR Corteen-Coleman",
              "non_striker": "E Jones",
              "runs": {
                "batter": 0,
                "extras": 0,
                "total": 0
              }
            },
            {
              "batter": "L Wolvaardt",
              "bowler": "MR Corteen-Coleman",
              "non_striker": "E Jones",
              "runs": {
                "batter": 1,
                "extras": 0,
                "total": 1
              }
            },
            {
              "batter": "E Jones",
              "bowler": "MR Corteen-Coleman",
              "non_striker": "L Wolvaardt",
              "runs": {
                "batter": 2,
                "extras": 0,
                "total": 2
              }
            },
            {
              "batter": "E Jones",
              "bowler": "MR Corteen-Coleman",
              "non_striker": "L Wolvaardt",
              "runs": {
                "batter": 1,
                "extras": 0,
                "total": 1
              }
            }
          ]
        },
        {
          "over": 14,
          "deliveries": [
            {
              "batter": "E Jones",
              "bowler": "GL Adams",
              "non_striker": "L Wolvaardt",
              "runs": {
                "batter": 0,
                "extras": 0,
                "total": 0
              },
              "wickets": [
                {
                  "player_out": "E Jones",
                  "fielders": [
                    {
                      "name": "CR Knott"
                    }
                  ],
                  "kind": "caught"
                }
              ]
            },
            {
              "batter": "S Ecclestone",
              "bowler": "GL Adams",
              "non_striker": "L Wolvaardt",
              "runs": {
                "batter": 1,
                "extras": 0,
                "total": 1
              }
            },
            {
              "batter": "L Wolvaardt",
              "bowler": "GL Adams",
              "non_striker": "S Ecclestone",
              "runs": {
                "batter": 1,
                "extras": 0,
                "total": 1
              }
            },
            {
              "batter": "S Ecclestone",
              "bowler": "GL Adams",
              "non_striker": "L Wolvaardt",
              "runs": {
                "batter": 6,
                "extras": 0,
                "total": 6
              }
            },
            {
              "batter": "S Ecclestone",
              "bowler": "GL Adams",
              "non_striker": "L Wolvaardt",
              "runs": {
                "batter": 0,
                "extras": 0,
                "total": 0
              },
              "wickets": [
                {
                  "player_out": "S Ecclestone",
                  "fielders": [
                    {
                      "name": "MR Corteen-Coleman"
                    }
                  ],
                  "kind": "caught"
                }
              ]
            }
          ]
        },
        {
          "over": 15,
          "deliveries": [
            {
              "batter": "FMK Morris",
              "bowler": "FG Kemp",
              "non_striker": "L Wolvaardt",
              "runs": {
                "batter": 0,
                "extras": 0,
                "total": 0
              }
            },
            {
              "batter": "FMK Morris",
              "bowler": "FG Kemp",
              "non_striker": "L Wolvaardt",
              "runs": {
                "batter": 0,
                "extras": 0,
                "total": 0
              },
              "wickets": [
                {
                  "player_out": "FMK Morris",
                  "fielders": [
                    {
                      "name": "L Cheatle"
                    }
                  ],
                  "kind": "run out"
                }
              ]
            },
            {
              "batter": "L Wolvaardt",
              "bowler": "FG Kemp",
              "non_striker": "KE Bryce",
              "runs": {
                "batter": 1,
                "extras": 0,
                "total": 1
              }
            },
            {
              "batter": "KE Bryce",
              "bowler": "FG Kemp",
              "non_striker": "L Wolvaardt",
              "runs": {
                "batter": 1,
                "extras": 0,
                "total": 1
              }
            },
            {
              "batter": "L Wolvaardt",
              "bowler": "FG Kemp",
              "non_striker": "KE Bryce",
              "runs": {
                "batter": 0,
                "extras": 0,
                "total": 0
              }
            }
          ]
        },
        {
          "over": 16,
          "deliveries": [
            {
              "batter": "KE Bryce",
              "bowler": "MR Corteen-Coleman",
              "extras": {
                "legbyes": 1
              },
              "non_striker": "L Wolvaardt",
              "runs": {
                "batter": 0,
                "extras": 1,
                "total": 1
              }
            },
            {
              "batter": "L Wolvaardt",
              "bowler": "MR Corteen-Coleman",
              "non_striker": "KE Bryce",
              "runs": {
                "batter": 4,
                "extras": 0,
                "total": 4
              }
            },
            {
              "batter": "L Wolvaardt",
              "bowler": "MR Corteen-Coleman",
              "non_striker": "KE Bryce",
              "runs": {
                "batter": 4,
                "extras": 0,
                "total": 4
              }
            },
            {
              "batter": "L Wolvaardt",
              "bowler": "MR Corteen-Coleman",
              "non_striker": "KE Bryce",
              "runs": {
                "batter": 1,
                "extras": 0,
                "total": 1
              }
            },
            {
              "batter": "KE Bryce",
              "bowler": "MR Corteen-Coleman",
              "non_striker": "L Wolvaardt",
              "runs": {
                "batter": 0,
                "extras": 0,
                "total": 0
              }
            }
          ]
        },
        {
          "over": 17,
          "deliveries": [
            {
              "batter": "KE Bryce",
              "bowler": "LK Bell",
              "non_striker": "L Wolvaardt",
              "runs": {
                "batter": 2,
                "extras": 0,
                "total": 2
              }
            },
            {
              "batter": "KE Bryce",
              "bowler": "LK Bell",
              "non_striker": "L Wolvaardt",
              "runs": {
                "batter": 0,
                "extras": 0,
                "total": 0
              }
            },
            {
              "batter": "KE Bryce",
              "bowler": "LK Bell",
              "non_striker": "L Wolvaardt",
              "runs": {
                "batter": 4,
                "extras": 0,
                "total": 4
              }
            },
            {
              "batter": "KE Bryce",
              "bowler": "LK Bell",
              "non_striker": "L Wolvaardt",
              "runs": {
                "batter": 1,
                "extras": 0,
                "total": 1
              }
            },
            {
              "batter": "L Wolvaardt",
              "bowler": "LK Bell",
              "non_striker": "KE Bryce",
              "runs": {
                "batter": 1,
                "extras": 0,
                "total": 1
              }
            }
          ]
        },
        {
          "over": 18,
          "deliveries": [
            {
              "batter": "L Wolvaardt",
              "bowler": "GL Adams",
              "non_striker": "KE Bryce",
              "runs": {
                "batter": 1,
                "extras": 0,
                "total": 1
              }
            },
            {
              "batter": "KE Bryce",
              "bowler": "GL Adams",
              "non_striker": "L Wolvaardt",
              "runs": {
                "batter": 2,
                "extras": 0,
                "total": 2
              }
            },
            {
              "batter": "KE Bryce",
              "bowler": "GL Adams",
              "non_striker": "L Wolvaardt",
              "runs": {
                "batter": 1,
                "extras": 0,
                "total": 1
              }
            },
            {
              "batter": "L Wolvaardt",
              "bowler": "GL Adams",
              "non_striker": "KE Bryce",
              "runs": {
                "batter": 2,
                "extras": 0,
                "total": 2
              }
            },
            {
              "batter": "L Wolvaardt",
              "bowler": "GL Adams",
              "non_striker": "KE Bryce",
              "runs": {
                "batter": 2,
                "extras": 0,
                "total": 2
              }
            }
          ]
        },
        {
          "over": 19,
          "deliveries": [
            {
              "batter": "L Wolvaardt",
              "bowler": "L Cheatle",
              "non_striker": "KE Bryce",
              "runs": {
                "batter": 4,
                "extras": 0,
                "total": 4
              }
            },
            {
              "batter": "L Wolvaardt",
              "bowler": "L Cheatle",
              "non_striker": "KE Bryce",
              "runs": {
                "batter": 4,
                "extras": 0,
                "total": 4
              }
            },
            {
              "batter": "L Wolvaardt",
              "bowler": "L Cheatle",
              "non_striker": "KE Bryce",
              "runs": {
                "batter": 4,
                "extras": 0,
                "total": 4
              }
            }
          ]
        }
      ],
      "powerplays": [
        {
          "from": 0.1,
          "to": 4.5,
          "type": "mandatory"
        }
      ],
      "target": {
        "overs": 20,
        "runs": 137
      }
    }
  ]
}