{
  "meta": {
    "data_version": "1.1.0",
    "created": "2024-08-09",
    "revision": 1
  },
  "info": {
    "balls_per_over": 5,
    "city": "London",
    "dates": [
      "2024-08-09"
    ],
    "event": {
      "name": "The Hundred Women's Competition",
      "match_number": 23
    },
    "gender": "female",
    "match_type": "T20",
    "officials": {
      "match_referees": [
        "H Pack"
      ],
      "reserve_umpires": [
        "J Jarvis"
      ],
      "tv_umpires": [
        "MJ Saggers"
      ],
      "umpires": [
        "Mark Newell",
        "S McLelland"
      ]
    },
    "outcome": {
      "winner": "London Spirit",
      "by": {
        "wickets": 8
      }
    },
    "overs": 20,
    "player_of_match": [
      "G Redmayne"
    ],
    "players": {
      "Manchester Originals": [
        "L Wolvaardt",
        "BL Mooney",
        "EL Lamb",
        "E Jones",
        "KE Bryce",
        "S Ecclestone",
        "FMK Morris",
        "AZ Monaghan",
        "E Threlkeld",
        "KJ Garth",
        "L Filer"
      ],
      "London Spirit": [
        "G Redmayne",
        "MM Lanning",
        "CL Griffith",
        "HC Knight",
        "DR Gibson",
        "DB Sharma",
        "AJ Freeborn",
        "CE Dean",
        "E Gray",
        "S Glenn",
        "TG Norris"
      ]
    },
    "registry": {
      "people": {
        "AJ Freeborn": "c6da6ebf",
        "AZ Monaghan": "0c694738",
        "BL Mooney": "52d1dbc8",
        "CE Dean": "c6625a26",
        "CL Griffith": "85ce4231",
        "DB Sharma": "201fef33",
        "DR Gibson": "d2763568",
        "E Gray": "58717de2",
        "E Jones": "971cb321",
        "E Threlkeld": "c66c73f9",
        "EL Lamb": "02181d9a",
        "FMK Morris": "3a9b3866",
        "G Redmayne": "324b9eee",
        "H Pack": "fed53c91",
        "HC Knight": "4ba0289e",
        "J Jarvis": "13187bb6",
        "KE Bryce": "f13d3eba",
        "KJ Garth": "0b69a844",
        "L Filer": "31adb911",
        "L Wolvaardt": "e60f81c9",
        "MJ Saggers": "402d5937",
        "MM Lanning": "27e003ce",
        "Mark Newell": "b33f0fa1",
        "S Ecclestone": "cdb82f1c",
        "S Glenn": "b34e0c77",
        "S McLelland": "fcc653b8",
        "TG Norris": "8ae7bb3e"
      }
    },
    "season": "2024",
    "team_type": "club",
    "teams": [
      "Manchester Originals",
      "London Spirit"
    ],
    "toss": {
      "decision": "field",
      "winner": "London Spirit"
    },
    "venue": "Lord's, London"
  },
  "innings": [
    {
      "team": "Manchester Originals",
      "overs": [
        {
          "over": 0,
          "deliveries": [
            {
              "batter": "L Wolvaardt",
              "bowler": "TG Norris",
              "non_striker": "BL Mooney",
              "runs": {
                "batter": 0,
                "extras": 0,
                "total": 0
              }
            },
            {
              "batter": "L Wolvaardt",
              "bowler": "TG Norris",
              "non_striker": "BL Mooney",
              "runs": {
                "batter": 0,
                "extras": 0,
                "total": 0
              }
            },
            {
              "batter": "L Wolvaardt",
              "bowler": "TG Norris",
              "extras": {
                "wides": 1
              },
              "non_striker": "BL Mooney",
              "runs": {
                "batter": 0,
                "extras": 1,
                "total": 1
              }
            },
            {
              "batter": "L Wolvaardt",
              "bowler": "TG Norris",
              "non_striker": "BL Mooney",
              "runs": {
                "batter": 1,
                "extras": 0,
                "total": 1
              }
            },
            {
              "batter": "BL Mooney",
              "bowler": "TG Norris",
              "non_striker": "L Wolvaardt",
              "runs": {
                "batter": 0,
                "extras": 0,
                "total": 0
              }
            },
            {
              "batter": "BL Mooney",
              "bowler": "TG Norris",
              "non_striker": "L Wolvaardt",
              "runs": {
                "batter": 0,
                "extras": 0,
                "total": 0
              }
            }
          ]
        },
        {
          "over": 1,
          "deliveries": [
            {
              "batter": "BL Mooney",
              "bowler": "DR Gibson",
              "non_striker": "L Wolvaardt",
              "runs": {
                "batter": 0,
                "extras": 0,
                "total": 0
              }
            },
            {
              "batter": "BL Mooney",
              "bowler": "DR Gibson",
              "non_striker": "L Wolvaardt",
              "runs": {
                "batter": 4,
                "extras": 0,
                "total": 4
              }
            },
            {
              "batter": "BL Mooney",
              "bowler": "DR Gibson",
              "extras": {
                "wides": 1
              },
              "non_striker": "L Wolvaardt",
              "runs": {
                "batter": 0,
                "extras": 1,
                "total": 1
              }
            },
            {
              "batter": "BL Mooney",
              "bowler": "DR Gibson",
              "non_striker": "L Wolvaardt",
              "runs": {
                "batter": 0,
                "extras": 0,
                "total": 0
              }
            },
            {
              "batter": "BL Mooney",
              "bowler": "DR Gibson",
              "non_striker": "L Wolvaardt",
              "runs": {
                "batter": 1,
                "extras": 0,
                "total": 1
              }
            },
            {
              "batter": "L Wolvaardt",
              "bowler": "DR Gibson",
              "non_striker": "BL Mooney",
              "runs": {
                "batter": 0,
                "extras": 0,
                "total": 0
              }
            }
          ]
        },
        {
          "over": 2,
          "deliveries": [
            {
              "batter": "BL Mooney",
              "bowler": "CE Dean",
              "non_striker": "L Wolvaardt",
              "runs": {
                "batter": 0,
                "extras": 0,
                "total": 0
              }
            },
            {
              "batter": "BL Mooney",
              "bowler": "CE Dean",
              "non_striker": "L Wolvaardt",
              "runs": {
                "batter": 1,
                "extras": 0,
                "total": 1
              }
            },
            {
              "batter": "L Wolvaardt",
              "bowler": "CE Dean",
              "non_striker": "BL Mooney",
              "review": {
                "by": "London Spirit",
                "umpire": "S McLelland",
                "batter": "L Wolvaardt",
                "decision": "struck down"
              },
              "runs": {
                "batter": 0,
                "extras": 0,
                "total": 0
              }
            },
            {
              "batter": "L Wolvaardt",
              "bowler": "CE Dean",
              "non_striker": "BL Mooney",
              "runs": {
                "batter": 4,
                "extras": 0,
                "total": 4
              }
            },
            {
              "batter": "L Wolvaardt",
              "bowler": "CE Dean",
              "non_striker": "BL Mooney",
              "runs": {
                "batter": 0,
                "extras": 0,
                "total": 0
              },
              "wickets": [
                {
                  "player_out": "L Wolvaardt",
                  "kind": "bowled"
                }
              ]
            }
          ]
        },
        {
          "over": 3,
          "deliveries": [
            {
              "batter": "EL Lamb",
              "bowler": "DB Sharma",
              "non_striker": "BL Mooney",
              "runs": {
                "batter": 0,
                "extras": 0,
                "total": 0
              }
            },
            {
              "batter": "EL Lamb",
              "bowler": "DB Sharma",
              "non_striker": "BL Mooney",
              "runs": {
                "batter": 0,
                "extras": 0,
                "total": 0
              }
            },
            {
              "batter": "EL Lamb",
              "bowler": "DB Sharma",
              "non_striker": "BL Mooney",
              "runs": {
                "batter": 1,
                "extras": 0,
                "total": 1
              }
            },
            {
              "batter": "BL Mooney",
              "bowler": "DB Sharma",
              "non_striker": "EL Lamb",
              "runs": {
                "batter": 0,
                "extras": 0,
                "total": 0
              }
            },
            {
              "batter": "BL Mooney",
              "bowler": "DB Sharma",
              "non_striker": "EL Lamb",
              "runs": {
                "batter": 1,
                "extras": 0,
                "total": 1
              }
            }
          ]
        },
        {
          "over": 4,
          "deliveries": [
            {
              "batter": "BL Mooney",
              "bowler": "TG Norris",
              "non_striker": "EL Lamb",
              "runs": {
                "batter": 4,
                "extras": 0,
                "total": 4
              }
            },
            {
              "batter": "BL Mooney",
              "bowler": "TG Norris",
              "non_striker": "EL Lamb",
              "runs": {
                "batter": 4,
                "extras": 0,
                "total": 4
              }
            },
            {
              "batter": "BL Mooney",
              "bowler": "TG Norris",
              "non_striker": "EL Lamb",
              "runs": {
                "batter": 0,
                "extras": 0,
                "total": 0
              }
            },
            {
              "batter": "BL Mooney",
              "bowler": "TG Norris",
              "non_striker": "EL Lamb",
              "runs": {
                "batter": 1,
                "extras": 0,
                "total": 1
              }
            },
            {
              "batter": "EL Lamb",
              "bowler": "TG Norris",
              "non_striker": "BL Mooney",
              "runs": {
                "batter": 1,
                "extras": 0,
                "total": 1
              }
            }
          ]
        },
        {
          "over": 5,
          "deliveries": [
            {
              "batter": "BL Mooney",
              "bowler": "CE Dean",
              "non_striker": "EL Lamb",
              "runs": {
                "batter": 4,
                "extras": 0,
                "total": 4
              }
            },
            {
              "batter": "BL Mooney",
              "bowler": "CE Dean",
              "non_striker": "EL Lamb",
              "runs": {
                "batter": 0,
                "extras": 0,
                "total": 0
              }
            },
            {
              "batter": "BL Mooney",
              "bowler": "CE Dean",
              "non_striker": "EL Lamb",
              "runs": {
                "batter": 0,
                "extras": 0,
                "total": 0
              },
              "wickets": [
                {
                  "player_out": "BL Mooney",
                  "fielders": [
                    {
                      "name": "G Redmayne"
                    }
                  ],
                  "kind": "caught"
                }
              ]
            },
            {
              "batter": "E Jones",
              "bowler": "CE Dean",
              "non_striker": "EL Lamb",
              "runs": {
                "batter": 1,
                "extras": 0,
                "total": 1
              }
            },
            {
              "batter": "EL Lamb",
              "bowler": "CE Dean",
              "non_striker": "E Jones",
              "runs": {
                "batter": 2,
                "extras": 0,
                "total": 2
              }
            }
          ]
        },
        {
          "over": 6,
          "deliveries": [
            {
              "batter": "E Jones",
              "bowler": "S Glenn",
              "non_striker": "EL Lamb",
              "runs": {
                "batter": 0,
                "extras": 0,
                "total": 0
              }
            },
            {
              "batter": "E Jones",
              "bowler": "S Glenn",
              "non_striker": "EL Lamb",
              "runs": {
                "batter": 0,
                "extras": 0,
                "total": 0
              },
              "wickets": [
                {
                  "player_out": "E Jones",
                  "kind": "caught and bowled"
                }
              ]
            },
            {
              "batter": "KE Bryce",
              "bowler": "S Glenn",
              "non_striker": "EL Lamb",
              "runs": {
                "batter": 0,
                "extras": 0,
                "total": 0
              }
            },
            {
              "batter": "KE Bryce",
              "bowler": "S Glenn",
              "non_striker": "EL Lamb",
              "runs": {
                "batter": 1,
                "extras": 0,
                "total": 1
              }
            },
            {
              "batter": "EL Lamb",
              "bowler": "S Glenn",
              "non_striker": "KE Bryce",
              "runs": {
                "batter": 1,
                "extras": 0,
                "total": 1
              }
            }
          ]
        },
        {
          "over": 7,
          "deliveries": [
            {
              "batter": "KE Bryce",
              "bowler": "E Gray",
              "non_striker": "EL Lamb",
              "runs": {
                "batter": 0,
                "extras": 0,
                "total": 0
              }
            },
            {
              "batter": "KE Bryce",
              "bowler": "E Gray",
              "non_striker": "EL Lamb",
              "runs": {
                "batter": 0,
                "extras": 0,
                "total": 0
              }
            },
            {
              "batter": "KE Bryce",
              "bowler": "E Gray",
              "non_striker": "EL Lamb",
              "runs": {
                "batter": 0,
                "extras": 0,
                "total": 0
              }
            },
            {
              "batter": "KE Bryce",
              "bowler": "E Gray",
              "non_striker": "EL Lamb",
              "runs": {
                "batter": 0,
                "extras": 0,
                "total": 0
              }
            },
            {
              "batter": "KE Bryce",
              "bowler": "E Gray",
              "non_striker": "EL Lamb",
              "runs": {
                "batter": 1,
                "extras": 0,
                "total": 1
              }
            }
          ]
        },
        {
          "over": 8,
          "deliveries": [
            {
              "batter": "KE Bryce",
              "bowler": "S Glenn",
              "non_striker": "EL Lamb",
              "runs": {
                "batter": 0,
                "extras": 0,
                "total": 0
              }
            },
            {
              "batter": "KE Bryce",
              "bowler": "S Glenn",
              "non_striker": "EL Lamb",
              "runs": {
                "batter": 1,
                "extras": 0,
                "total": 1
              }
            },
            {
              "batter": "EL Lamb",
              "bowler": "S Glenn",
              "non_striker": "KE Bryce",
              "runs": {
                "batter": 1,
                "extras": 0,
                "total": 1
              }
            },
            {
              "batter": "KE Bryce",
              "bowler": "S Glenn",
              "non_striker": "EL Lamb",
              "runs": {
                "batter": 1,
                "extras": 0,
                "total": 1
              }
            },
            {
              "batter": "EL Lamb",
              "bowler": "S Glenn",
              "non_striker": "KE Bryce",
              "runs": {
                "batter": 1,
                "extras": 0,
                "total": 1
              }
            }
          ]
        },
        {
          "over": 9,
          "deliveries": [
            {
              "batter": "KE Bryce",
              "bowler": "DB Sharma",
              "non_striker": "EL Lamb",
              "runs": {
                "batter": 4,
                "extras": 0,
                "total": 4
              }
            },
            {
              "batter": "KE Bryce",
              "bowler": "DB Sharma",
              "non_striker": "EL Lamb",
              "runs": {
                "batter": 2,
                "extras": 0,
                "total": 2
              }
            },
            {
              "batter": "KE Bryce",
              "bowler": "DB Sharma",
              "non_striker": "EL Lamb",
              "runs": {
                "batter": 1,
                "extras": 0,
                "total": 1
              }
            },
            {
              "batter": "EL Lamb",
              "bowler": "DB Sharma",
              "non_striker": "KE Bryce",
              "runs": {
                "batter": 1,
                "extras": 0,
                "total": 1
              }
            },
            {
              "batter": "KE Bryce",
              "bowler": "DB Sharma",
              "non_striker": "EL Lamb",
              "runs": {
                "batter": 1,
                "extras": 0,
                "total": 1
              }
            }
          ]
        },
        {
          "over": 10,
          "deliveries": [
            {
              "batter": "KE Bryce",
              "bowler": "S Glenn",
              "non_striker": "EL Lamb",
              "runs": {
                "batter": 6,
                "extras": 0,
                "total": 6
              }
            },
            {
              "batter": "KE Bryce",
              "bowler": "S Glenn",
              "non_striker": "EL Lamb",
              "runs": {
                "batter": 4,
                "extras": 0,
                "total": 4
              }
            },
            {
              "batter": "KE Bryce",
              "bowler": "S Glenn",
              "non_striker": "EL Lamb",
              "runs": {
                "batter": 1,
                "extras": 0,
                "total": 1
              }
            },
            {
              "batter": "EL Lamb",
              "bowler": "S Glenn",
              "non_striker": "KE Bryce",
              "runs": {
                "batter": 0,
                "extras": 0,
                "total": 0
              }
            },
            {
              "batter": "EL Lamb",
              "bowler": "S Glenn",
              "non_striker": "KE Bryce",
              "runs": {
                "batter": 0,
                "extras": 0,
                "total": 0
              }
            }
          ]
        },
        {
          "over": 11,
          "deliveries": [
            {
              "batter": "EL Lamb",
              "bowler": "CE Dean",
              "non_striker": "KE Bryce",
              "runs": {
                "batter": 0,
                "extras": 0,
                "total": 0
              }
            },
            {
              "batter": "EL Lamb",
              "bowler": "CE Dean",
              "non_striker": "KE Bryce",
              "runs": {
                "batter": 1,
                "extras": 0,
                "total": 1
              }
            },
            {
              "batter": "KE Bryce",
              "bowler": "CE Dean",
              "non_striker": "EL Lamb",
              "runs": {
                "batter": 0,
                "extras": 0,
                "total": 0
              }
            },
            {
              "batter": "KE Bryce",
              "bowler": "CE Dean",
              "non_striker": "EL Lamb",
              "runs": {
                "batter": 2,
                "extras": 0,
                "total": 2
              }
            },
            {
              "batter": "KE Bryce",
              "bowler": "CE Dean",
              "non_striker": "EL Lamb",
              "runs": {
                "batter": 1,
                "extras": 0,
                "total": 1
              }
            }
          ]
        },
        {
          "over": 12,
          "deliveries": [
            {
              "batter": "KE Bryce",
              "bowler": "DR Gibson",
              "non_striker": "EL Lamb",
              "runs": {
                "batter": 2,
                "extras": 0,
                "total": 2
              }
            },
            {
              "batter": "KE Bryce",
              "bowler": "DR Gibson",
              "non_striker": "EL Lamb",
              "runs": {
                "batter": 0,
                "extras": 0,
                "total": 0
              }
            },
            {
              "batter": "KE Bryce",
              "bowler": "DR Gibson",
              "non_striker": "EL Lamb",
              "runs": {
                "batter": 0,
                "extras": 0,
                "total": 0
              }
            },
            {
              "batter": "KE Bryce",
              "bowler": "DR Gibson",
              "non_striker": "EL Lamb",
              "runs": {
                "batter": 1,
                "extras": 0,
                "total": 1
              }
            },
            {
              "batter": "EL Lamb",
              "bowler": "DR Gibson",
              "non_striker": "KE Bryce",
              "runs": {
                "batter": 1,
                "extras": 0,
                "total": 1
              }
            }
          ]
        },
        {
          "over": 13,
          "deliveries": [
            {
              "batter": "KE Bryce",
              "bowler": "DB Sharma",
              "non_striker": "EL Lamb",
              "runs": {
                "batter": 1,
                "extras": 0,
                "total": 1
              }
            },
            {
              "batter": "EL Lamb",
              "bowler": "DB Sharma",
              "non_striker": "KE Bryce",
              "runs": {
                "batter": 0,
                "extras": 0,
                "total": 0
              }
            },
            {
              "batter": "EL Lamb",
              "bowler": "DB Sharma",
              "non_striker": "KE Bryce",
              "runs": {
                "batter": 4,
                "extras": 0,
                "total": 4
              }
            },
            {
              "batter": "EL Lamb",
              "bowler": "DB Sharma",
              "non_striker": "KE Bryce",
              "runs": {
                "batter": 1,
                "extras": 0,
                "total": 1
              }
            },
            {
              "batter": "KE Bryce",
              "bowler": "DB Sharma",
              "non_striker": "EL Lamb",
              "runs": {
                "batter": 2,
                "extras": 0,
                "total": 2
              }
            }
          ]
        },
        {
          "over": 14,
          "deliveries": [
            {
              "batter": "EL Lamb",
              "bowler": "S Glenn",
              "non_striker": "KE Bryce",
              "runs": {
                "batter": 1,
                "extras": 0,
                "total": 1
              }
            },
            {
              "batter": "KE Bryce",
              "bowler": "S Glenn",
              "non_striker": "EL Lamb",
              "review": {
                "by": "Manchester Originals",
                "umpire": "S McLelland",
                "batter": "KE Bryce",
                "decision": "struck down"
              },
              "runs": {
                "batter": 0,
                "extras": 0,
                "total": 0
              },
              "wickets": [
                {
                  "player_out": "KE Bryce",
                  "kind": "lbw"
                }
              ]
            },
            {
              "batter": "S Ecclestone",
              "bowler": "S Glenn",
              "non_striker": "EL Lamb",
              "runs": {
                "batter": 0,
                "extras": 0,
                "total": 0
              }
            },
            {
              "batter": "S Ecclestone",
              "bowler": "S Glenn",
              "non_striker": "EL Lamb",
              "runs": {
                "batter": 1,
                "extras": 0,
                "total": 1
              }
            },
            {
              "batter": "EL Lamb",
              "bowler": "S Glenn",
              "non_striker": "S Ecclestone",
              "runs": {
                "batter": 1,
                "extras": 0,
                "total": 1
              }
            }
          ]
        },
        {
          "over": 15,
          "deliveries": [
            {
              "batter": "S Ecclestone",
              "bowler": "CE Dean",
              "non_striker": "EL Lamb",
              "runs": {
                "batter": 0,
                "extras": 0,
                "total": 0
              },
              "wickets": [
                {
                  "player_out": "S Ecclestone",
                  "kind": "lbw"
                }
              ]
            },
            {
              "batter": "FMK Morris",
              "bowler": "CE Dean",
              "non_striker": "EL Lamb",
              "runs": {
                "batter": 1,
                "extras": 0,
                "total": 1
              }
            },
            {
              "batter": "EL Lamb",
              "bowler": "CE Dean",
              "non_striker": "FMK Morris",
              "runs": {
                "batter": 1,
                "extras": 0,
                "total": 1
              }
            },
            {
              "batter": "FMK Morris",
              "bowler": "CE Dean",
              "extras": {
                "legbyes": 1
              },
              "non_striker": "EL Lamb",
              "runs": {
                "batter": 0,
                "extras": 1,
                "total": 1
              }
            },
            {
              "batter": "EL Lamb",
              "bowler": "CE Dean",
              "non_striker": "FMK Morris",
              "runs": {
                "batter": 2,
                "extras": 0,
                "total": 2
              }
            }
          ]
        },
        {
          "over": 16,
          "deliveries": [
            {
              "batter": "FMK Morris",
              "bowler": "E Gray",
              "non_striker": "EL Lamb",
              "runs": {
                "batter": 0,
                "extras": 0,
                "total": 0
              }
            },
            {
              "batter": "FMK Morris",
              "bowler": "E Gray",
              "non_striker": "EL Lamb",
              "runs": {
                "batter": 0,
                "extras": 0,
                "total": 0
              }
            },
            {
              "batter": "FMK Morris",
              "bowler": "E Gray",
              "non_striker": "EL Lamb",
              "runs": {
                "batter": 1,
                "extras": 0,
                "total": 1
              }
            },
            {
              "batter": "EL Lamb",
              "bowler": "E Gray",
              "non_striker": "FMK Morris",
              "runs": {
                "batter": 4,
                "extras": 0,
                "total": 4
              }
            },
            {
              "batter": "EL Lamb",
              "bowler": "E Gray",
              "non_striker": "FMK Morris",
              "runs": {
                "batter": 1,
                "extras": 0,
                "total": 1
              }
            }
          ]
        },
        {
          "over": 17,
          "deliveries": [
            {
              "batter": "FMK Morris",
              "bowler": "DR Gibson",
              "non_striker": "EL Lamb",
              "runs": {
                "batter": 0,
                "extras": 0,
                "total": 0
              }
            },
            {
              "batter": "FMK Morris",
              "bowler": "DR Gibson",
              "non_striker": "EL Lamb",
              "runs": {
                "batter": 2,
                "extras": 0,
                "total": 2
              }
            },
            {
              "batter": "FMK Morris",
              "bowler": "DR Gibson",
              "non_striker": "EL Lamb",
              "runs": {
                "batter": 4,
                "extras": 0,
                "total": 4
              }
            },
            {
              "batter": "FMK Morris",
              "bowler": "DR Gibson",
              "non_striker": "EL Lamb",
              "runs": {
                "batter": 1,
                "extras": 0,
                "total": 1
              }
            },
            {
              "batter": "EL Lamb",
              "bowler": "DR Gibson",
              "non_striker": "FMK Morris",
              "runs": {
                "batter": 1,
                "extras": 0,
                "total": 1
              }
            }
          ]
        },
        {
          "over": 18,
          "deliveries": [
            {
              "batter": "EL Lamb",
              "bowler": "DB Sharma",
              "non_striker": "FMK Morris",
              "runs": {
                "batter": 2,
                "extras": 0,
                "total": 2
              }
            },
            {
              "batter": "EL Lamb",
              "bowler": "DB Sharma",
              "non_striker": "FMK Morris",
              "runs": {
                "batter": 0,
                "extras": 0,
                "total": 0
              },
              "wickets": [
                {
                  "player_out": "EL Lamb",
                  "fielders": [
                    {
                      "name": "CL Griffith"
                    }
                  ],
                  "kind": "caught"
                }
              ]
            },
            {
              "batter": "AZ Monaghan",
              "bowler": "DB Sharma",
              "non_striker": "FMK Morris",
              "runs": {
                "batter": 0,
                "extras": 0,
                "total": 0
              }
            },
            {
              "batter": "AZ Monaghan",
              "bowler": "DB Sharma",
              "non_striker": "FMK Morris",
              "runs": {
                "batter": 1,
                "extras": 0,
                "total": 1
              }
            },
            {
              "batter": "FMK Morris",
              "bowler": "DB Sharma",
              "non_striker": "AZ Monaghan",
              "runs": {
                "batter": 2,
                "extras": 0,
                "total": 2
              }
            }
          ]
        },
        {
          "over": 19,
          "deliveries": [
            {
              "batter": "FMK Morris",
              "bowler": "DR Gibson",
              "non_striker": "AZ Monaghan",
              "runs": {
                "batter": 2,
                "extras": 0,
                "total": 2
              }
            },
            {
              "batter": "FMK Morris",
              "bowler": "DR Gibson",
              "non_striker": "AZ Monaghan",
              "runs": {
                "batter": 4,
                "extras": 0,
                "total": 4
              }
            },
            {
              "batter": "FMK Morris",
              "bowler": "DR Gibson",
              "non_striker": "AZ Monaghan",
              "runs": {
                "batter": 0,
                "extras": 0,
                "total": 0
              },
              "wickets": [
                {
                  "player_out": "FMK Morris",
                  "fielders": [
                    {
                      "name": "DR Gibson"
                    },
                    {
                      "name": "DB Sharma"
                    }
                  ],
                  "kind": "run out"
                }
              ]
            },
            {
              "batter": "AZ Monaghan",
              "bowler": "DR Gibson",
              "non_striker": "E Threlkeld",
              "runs": {
                "batter": 4,
                "extras": 0,
                "total": 4
              }
            },
            {
              "batter": "AZ Monaghan",
              "bowler": "DR Gibson",
              "non_striker": "E Threlkeld",
              "runs": {
                "batter": 0,
                "extras": 0,
                "total": 0
              }
            }
          ]
        }
      ],
      "powerplays": [
        {
          "from": 0.1,
          "to": 4.5,
          "type": "mandatory"
        }
      ]
    },
    {
      "team": "London Spirit",
      "overs": [
        {
          "over": 0,
          "deliveries": [
            {
              "batter": "G Redmayne",
              "bowler": "KJ Garth",
              "non_striker": "MM Lanning",
              "runs": {
                "batter": 4,
                "extras": 0,
                "total": 4
              }
            },
            {
              "batter": "G Redmayne",
              "bowler": "KJ Garth",
              "non_striker": "MM Lanning",
              "runs": {
                "batter": 0,
                "extras": 0,
                "total": 0
              }
            },
            {
              "batter": "G Redmayne",
              "bowler": "KJ Garth",
              "non_striker": "MM Lanning",
              "runs": {
                "batter": 0,
                "extras": 0,
                "total": 0
              }
            },
            {
              "batter": "G Redmayne",
              "bowler": "KJ Garth",
              "non_striker": "MM Lanning",
              "runs": {
                "batter": 0,
                "extras": 0,
                "total": 0
              }
            },
            {
              "batter": "G Redmayne",
              "bowler": "KJ Garth",
              "non_striker": "MM Lanning",
              "runs": {
                "batter": 0,
                "extras": 0,
                "total": 0
              }
            }
          ]
        },
        {
          "over": 1,
          "deliveries": [
            {
              "batter": "G Redmayne",
              "bowler": "KJ Garth",
              "non_striker": "MM Lanning",
              "runs": {
                "batter": 0,
                "extras": 0,
                "total": 0
              }
            },
            {
              "batter": "G Redmayne",
              "bowler": "KJ Garth",
              "non_striker": "MM Lanning",
              "runs": {
                "batter": 2,
                "extras": 0,
                "total": 2
              }
            },
            {
              "batter": "G Redmayne",
              "bowler": "KJ Garth",
              "non_striker": "MM Lanning",
              "runs": {
                "batter": 0,
                "extras": 0,
                "total": 0
              }
            },
            {
              "batter": "G Redmayne",
              "bowler": "KJ Garth",
              "non_striker": "MM Lanning",
              "runs": {
                "batter": 1,
                "extras": 0,
                "total": 1
              }
            },
            {
              "batter": "MM Lanning",
              "bowler": "KJ Garth",
              "non_striker": "G Redmayne",
              "runs": {
                "batter": 0,
                "extras": 0,
                "total": 0
              }
            }
          ]
        },
        {
          "over": 2,
          "deliveries": [
            {
              "batter": "G Redmayne",
              "bowler": "L Filer",
              "non_striker": "MM Lanning",
              "runs": {
                "batter": 0,
                "extras": 0,
                "total": 0
              }
            },
            {
              "batter": "G Redmayne",
              "bowler": "L Filer",
              "non_striker": "MM Lanning",
              "runs": {
                "batter": 1,
                "extras": 0,
                "total": 1
              }
            },
            {
              "batter": "MM Lanning",
              "bowler": "L Filer",
              "non_striker": "G Redmayne",
              "runs": {
                "batter": 4,
                "extras": 0,
                "total": 4
              }
            },
            {
              "batter": "MM Lanning",
              "bowler": "L Filer",
              "non_striker": "G Redmayne",
              "runs": {
                "batter": 0,
                "extras": 0,
                "total": 0
              },
              "wickets": [
                {
                  "player_out": "MM Lanning",
                  "kind": "bowled"
                }
              ]
            },
            {
              "batter": "CL Griffith",
              "bowler": "L Filer",
              "non_striker": "G Redmayne",
              "runs": {
                "batter": 0,
                "extras": 0,
                "total": 0
              }
            }
          ]
        },
        {
          "over": 3,
          "deliveries": [
            {
              "batter": "CL Griffith",
              "bowler": "L Filer",
              "non_striker": "G Redmayne",
              "runs": {
                "batter": 1,
                "extras": 0,
                "total": 1
              }
            },
            {
              "batter": "G Redmayne",
              "bowler": "L Filer",
              "non_striker": "CL Griffith",
              "runs": {
                "batter": 0,
                "extras": 0,
                "total": 0
              }
            },
            {
              "batter": "G Redmayne",
              "bowler": "L Filer",
              "extras": {
                "noballs": 2
              },
              "non_striker": "CL Griffith",
              "runs": {
                "batter": 0,
                "extras": 2,
                "total": 2
              }
            },
            {
              "batter": "G Redmayne",
              "bowler": "L Filer",
              "non_striker": "CL Griffith",
              "runs": {
                "batter": 1,
                "extras": 0,
                "total": 1
              }
            },
            {
              "batter": "CL Griffith",
              "bowler": "L Filer",
              "non_striker": "G Redmayne",
              "runs": {
                "batter": 4,
                "extras": 0,
                "total": 4
              }
            },
            {
              "batter": "CL Griffith",
              "bowler": "L Filer",
              "non_striker": "G Redmayne",
              "runs": {
                "batter": 0,
                "extras": 0,
                "total": 0
              }
            }
          ]
        },
        {
          "over": 4,
          "deliveries": [
            {
              "batter": "G Redmayne",
              "bowler": "KJ Garth",
              "non_striker": "CL Griffith",
              "runs": {
                "batter": 0,
                "extras": 0,
                "total": 0
              }
            },
            {
              "batter": "G Redmayne",
              "bowler": "KJ Garth",
              "non_striker": "CL Griffith",
              "runs": {
                "batter": 0,
                "extras": 0,
                "total": 0
              }
            },
            {
              "batter": "G Redmayne",
              "bowler": "KJ Garth",
              "non_striker": "CL Griffith",
              "runs": {
                "batter": 0,
                "extras": 0,
                "total": 0
              }
            },
            {
              "batter": "G Redmayne",
              "bowler": "KJ Garth",
              "non_striker": "CL Griffith",
              "runs": {
                "batter": 1,
                "extras": 0,
                "total": 1
              }
            },
            {
              "batter": "CL Griffith",
              "bowler": "KJ Garth",
              "non_striker": "G Redmayne",
              "runs": {
                "batter": 4,
                "extras": 0,
                "total": 4
              }
            }
          ]
        },
        {
          "over": 5,
          "deliveries": [
            {
              "batter": "CL Griffith",
              "bowler": "AZ Monaghan",
              "non_striker": "G Redmayne",
              "runs": {
                "batter": 0,
                "extras": 0,
                "total": 0
              },
              "wickets": [
                {
                  "player_out": "CL Griffith",
                  "kind": "bowled"
                }
              ]
            },
            {
              "batter": "HC Knight",
              "bowler": "AZ Monaghan",
              "extras": {
                "noballs": 2
              },
              "non_striker": "G Redmayne",
              "runs": {
                "batter": 0,
                "extras": 2,
                "total": 2
              }
            },
            {
              "batter": "HC Knight",
              "bowler": "AZ Monaghan",
              "non_striker": "G Redmayne",
              "runs": {
                "batter": 1,
                "extras": 0,
                "total": 1
              }
            },
            {
              "batter": "G Redmayne",
              "bowler": "AZ Monaghan",
              "non_striker": "HC Knight",
              "runs": {
                "batter": 0,
                "extras": 0,
                "total": 0
              }
            },
            {
              "batter": "G Redmayne",
              "bowler": "AZ Monaghan",
              "non_striker": "HC Knight",
              "runs": {
                "batter": 0,
                "extras": 0,
                "total": 0
              }
            },
            {
              "batter": "G Redmayne",
              "bowler": "AZ Monaghan",
              "non_striker": "HC Knight",
              "runs": {
                "batter": 1,
                "extras": 0,
                "total": 1
              }
            }
          ]
        },
        {
          "over": 6,
          "deliveries": [
            {
              "batter": "G Redmayne",
              "bowler": "L Filer",
              "non_striker": "HC Knight",
              "runs": {
                "batter": 1,
                "extras": 0,
                "total": 1
              }
            },
            {
              "batter": "HC Knight",
              "bowler": "L Filer",
              "non_striker": "G Redmayne",
              "runs": {
                "batter": 1,
                "extras": 0,
                "total": 1
              }
            },
            {
              "batter": "G Redmayne",
              "bowler": "L Filer",
              "non_striker": "HC Knight",
              "runs": {
                "batter": 0,
                "extras": 0,
                "total": 0
              }
            },
            {
              "batter": "G Redmayne",
              "bowler": "L Filer",
              "non_striker": "HC Knight",
              "runs": {
                "batter": 0,
                "extras": 0,
                "total": 0
              }
            },
            {
              "batter": "G Redmayne",
              "bowler": "L Filer",
              "non_striker": "HC Knight",
              "runs": {
                "batter": 0,
                "extras": 0,
                "total": 0
              }
            }
          ]
        },
        {
          "over": 7,
          "deliveries": [
            {
              "batter": "G Redmayne",
              "bowler": "KE Bryce",
              "non_striker": "HC Knight",
              "runs": {
                "batter": 1,
                "extras": 0,
                "total": 1
              }
            },
            {
              "batter": "HC Knight",
              "bowler": "KE Bryce",
              "non_striker": "G Redmayne",
              "runs": {
                "batter": 0,
                "extras": 0,
                "total": 0
              }
            },
            {
              "batter": "HC Knight",
              "bowler": "KE Bryce",
              "non_striker": "G Redmayne",
              "runs": {
                "batter": 1,
                "extras": 0,
                "total": 1
              }
            },
            {
              "batter": "G Redmayne",
              "bowler": "KE Bryce",
              "non_striker": "HC Knight",
              "runs": {
                "batter": 1,
                "extras": 0,
                "total": 1
              }
            },
            {
              "batter": "HC Knight",
              "bowler": "KE Bryce",
              "non_striker": "G Redmayne",
              "runs": {
                "batter": 1,
                "extras": 0,
                "total": 1
              }
            }
          ]
        },
        {
          "over": 8,
          "deliveries": [
            {
              "batter": "HC Knight",
              "bowler": "S Ecclestone",
              "non_striker": "G Redmayne",
              "runs": {
                "batter": 0,
                "extras": 0,
                "total": 0
              }
            },
            {
              "batter": "HC Knight",
              "bowler": "S Ecclestone",
              "non_striker": "G Redmayne",
              "runs": {
                "batter": 0,
                "extras": 0,
                "total": 0
              }
            },
            {
              "batter": "HC Knight",
              "bowler": "S Ecclestone",
              "non_striker": "G Redmayne",
              "runs": {
                "batter": 2,
                "extras": 0,
                "total": 2
              }
            },
            {
              "batter": "HC Knight",
              "bowler": "S Ecclestone",
              "non_striker": "G Redmayne",
              "runs": {
                "batter": 3,
                "extras": 0,
                "total": 3
              }
            },
            {
              "batter": "G Redmayne",
              "bowler": "S Ecclestone",
              "non_striker": "HC Knight",
              "runs": {
                "batter": 4,
                "extras": 0,
                "total": 4
              }
            }
          ]
        },
        {
          "over": 9,
          "deliveries": [
            {
              "batter": "G Redmayne",
              "bowler": "FMK Morris",
              "non_striker": "HC Knight",
              "runs": {
                "batter": 1,
                "extras": 0,
                "total": 1
              }
            },
            {
              "batter": "HC Knight",
              "bowler": "FMK Morris",
              "non_striker": "G Redmayne",
              "runs": {
                "batter": 1,
                "extras": 0,
                "total": 1
              }
            },
            {
              "batter": "G Redmayne",
              "bowler": "FMK Morris",
              "non_striker": "HC Knight",
              "runs": {
                "batter": 1,
                "extras": 0,
                "total": 1
              }
            },
            {
              "batter": "HC Knight",
              "bowler": "FMK Morris",
              "non_striker": "G Redmayne",
              "runs": {
                "batter": 1,
                "extras": 0,
                "total": 1
              }
            },
            {
              "batter": "G Redmayne",
              "bowler": "FMK Morris",
              "non_striker": "HC Knight",
              "runs": {
                "batter": 1,
                "extras": 0,
                "total": 1
              }
            }
          ]
        },
        {
          "over": 10,
          "deliveries": [
            {
              "batter": "G Redmayne",
              "bowler": "KE Bryce",
              "non_striker": "HC Knight",
              "runs": {
                "batter": 0,
                "extras": 0,
                "total": 0
              }
            },
            {
              "batter": "G Redmayne",
              "bowler": "KE Bryce",
              "non_striker": "HC Knight",
              "runs": {
                "batter": 0,
                "extras": 0,
                "total": 0
              }
            },
            {
              "batter": "G Redmayne",
              "bowler": "KE Bryce",
              "non_striker": "HC Knight",
              "runs": {
                "batter": 2,
                "extras": 0,
                "total": 2
              }
            },
            {
              "batter": "G Redmayne",
              "bowler": "KE Bryce",
              "non_striker": "HC Knight",
              "runs": {
                "batter": 0,
                "extras": 0,
                "total": 0
              }
            },
            {
              "batter": "G Redmayne",
              "bowler": "KE Bryce",
              "non_striker": "HC Knight",
              "runs": {
                "batter": 4,
                "extras": 0,
                "total": 4
              }
            }
          ]
        },
        {
          "over": 11,
          "deliveries": [
            {
              "batter": "G Redmayne",
              "bowler": "S Ecclestone",
              "non_striker": "HC Knight",
              "runs": {
                "batter": 1,
                "extras": 0,
                "total": 1
              }
            },
            {
              "batter": "HC Knight",
              "bowler": "S Ecclestone",
              "non_striker": "G Redmayne",
              "runs": {
                "batter": 4,
                "extras": 0,
                "total": 4
              }
            },
            {
              "batter": "HC Knight",
              "bowler": "S Ecclestone",
              "non_striker": "G Redmayne",
              "runs": {
                "batter": 1,
                "extras": 0,
                "total": 1
              }
            },
            {
              "batter": "G Redmayne",
              "bowler": "S Ecclestone",
              "non_striker": "HC Knight",
              "runs": {
                "batter": 1,
                "extras": 0,
                "total": 1
              }
            },
            {
              "batter": "HC Knight",
              "bowler": "S Ecclestone",
              "non_striker": "G Redmayne",
              "runs": {
                "batter": 0,
                "extras": 0,
                "total": 0
              }
            }
          ]
        },
        {
          "over": 12,
          "deliveries": [
            {
              "batter": "G Redmayne",
              "bowler": "KJ Garth",
              "non_striker": "HC Knight",
              "runs": {
                "batter": 4,
                "extras": 0,
                "total": 4
              }
            },
            {
              "batter": "G Redmayne",
              "bowler": "KJ Garth",
              "non_striker": "HC Knight",
              "runs": {
                "batter": 1,
                "extras": 0,
                "total": 1
              }
            },
            {
              "batter": "HC Knight",
              "bowler": "KJ Garth",
              "non_striker": "G Redmayne",
              "runs": {
                "batter": 1,
                "extras": 0,
                "total": 1
              }
            },
            {
              "batter": "G Redmayne",
              "bowler": "KJ Garth",
              "non_striker": "HC Knight",
              "runs": {
                "batter": 1,
                "extras": 0,
                "total": 1
              }
            },
            {
              "batter": "HC Knight",
              "bowler": "KJ Garth",
              "non_striker": "G Redmayne",
              "runs": {
                "batter": 1,
                "extras": 0,
                "total": 1
              }
            }
          ]
        },
        {
          "over": 13,
          "deliveries": [
            {
              "batter": "G Redmayne",
              "bowler": "AZ Monaghan",
              "non_striker": "HC Knight",
              "runs": {
                "batter": 1,
                "extras": 0,
                "total": 1
              }
            },
            {
              "batter": "HC Knight",
              "bowler": "AZ Monaghan",
              "non_striker": "G Redmayne",
              "runs": {
                "batter": 1,
                "extras": 0,
                "total": 1
              }
            },
            {
              "batter": "G Redmayne",
              "bowler": "AZ Monaghan",
              "non_striker": "HC Knight",
              "runs": {
                "batter": 2,
                "extras": 0,
                "total": 2
              }
            },
            {
              "batter": "G Redmayne",
              "bowler": "AZ Monaghan",
              "non_striker": "HC Knight",
              "runs": {
                "batter": 4,
                "extras": 0,
                "total": 4
              }
            },
            {
              "batter": "G Redmayne",
              "bowler": "AZ Monaghan",
              "non_striker": "HC Knight",
              "runs": {
                "batter": 2,
                "extras": 0,
                "total": 2
              }
            }
          ]
        },
        {
          "over": 14,
          "deliveries": [
            {
              "batter": "HC Knight",
              "bowler": "S Ecclestone",
              "non_striker": "G Redmayne",
              "runs": {
                "batter": 2,
                "extras": 0,
                "total": 2
              }
            },
            {
              "batter": "HC Knight",
              "bowler": "S Ecclestone",
              "non_striker": "G Redmayne",
              "runs": {
                "batter": 0,
                "extras": 0,
                "total": 0
              }
            },
            {
              "batter": "HC Knight",
              "bowler": "S Ecclestone",
              "non_striker": "G Redmayne",
              "runs": {
                "batter": 0,
                "extras": 0,
                "total": 0
              }
            },
            {
              "batter": "HC Knight",
              "bowler": "S Ecclestone",
              "non_striker": "G Redmayne",
              "runs": {
                "batter": 1,
                "extras": 0,
                "total": 1
              }
            },
            {
              "batter": "G Redmayne",
              "bowler": "S Ecclestone",
              "non_striker": "HC Knight",
              "runs": {
                "batter": 0,
                "extras": 0,
                "total": 0
              }
            }
          ]
        },
        {
          "over": 15,
          "deliveries": [
            {
              "batter": "G Redmayne",
              "bowler": "S Ecclestone",
              "non_striker": "HC Knight",
              "runs": {
                "batter": 1,
                "extras": 0,
                "total": 1
              }
            },
            {
              "batter": "HC Knight",
              "bowler": "S Ecclestone",
              "non_striker": "G Redmayne",
              "runs": {
                "batter": 0,
                "extras": 0,
                "total": 0
              }
            },
            {
              "batter": "HC Knight",
              "bowler": "S Ecclestone",
              "non_striker": "G Redmayne",
              "runs": {
                "batter": 1,
                "extras": 0,
                "total": 1
              }
            },
            {
              "batter": "G Redmayne",
              "bowler": "S Ecclestone",
              "non_striker": "HC Knight",
              "runs": {
                "batter": 0,
                "extras": 0,
                "total": 0
              }
            },
            {
              "batter": "G Redmayne",
              "bowler": "S Ecclestone",
              "non_striker": "HC Knight",
              "runs": {
                "batter": 1,
                "extras": 0,
                "total": 1
              }
            }
          ]
        },
        {
          "over": 16,
          "deliveries": [
            {
              "batter": "G Redmayne",
              "bowler": "L Filer",
              "non_striker": "HC Knight",
              "runs": {
                "batter": 0,
                "extras": 0,
                "total": 0
              }
            },
            {
              "batter": "G Redmayne",
              "bowler": "L Filer",
              "non_striker": "HC Knight",
              "runs": {
                "batter": 4,
                "extras": 0,
                "total": 4
              }
            },
            {
              "batter": "G Redmayne",
              "bowler": "L Filer",
              "non_striker": "HC Knight",
              "runs": {
                "batter": 4,
                "extras": 0,
                "total": 4
              }
            },
            {
              "batter": "G Redmayne",
              "bowler": "L Filer",
              "extras": {
                "noballs": 2
              },
              "non_striker": "HC Knight",
              "runs": {
                "batter": 0,
                "extras": 2,
                "total": 2
              }
            },
            {
              "batter": "G Redmayne",
              "bowler": "L Filer",
              "non_striker": "HC Knight",
              "runs": {
                "batter": 4,
                "extras": 0,
                "total": 4
              }
            },
            {
              "batter": "G Redmayne",
              "bowler": "L Filer",
              "non_striker": "HC Knight",
              "runs": {
                "batter": 4,
                "extras": 0,
                "total": 4
              }
            }
          ]
        },
        {
          "over": 17,
          "deliveries": [
            {
              "batter": "G Redmayne",
              "bowler": "FMK Morris",
              "non_striker": "HC Knight",
              "runs": {
                "batter": 1,
                "extras": 0,
                "total": 1
              }
            },
            {
              "batter": "HC Knight",
              "bowler": "FMK Morris",
              "non_striker": "G Redmayne",
              "runs": {
                "batter": 1,
                "extras": 0,
                "total": 1
              }
            },
            {
              "batter": "G Redmayne",
              "bowler": "FMK Morris",
              "non_striker": "HC Knight",
              "runs": {
                "batter": 1,
                "extras": 0,
                "total": 1
              }
            },
            {
              "batter": "HC Knight",
              "bowler": "FMK Morris",
              "non_striker": "G Redmayne",
              "runs": {
                "batter": 1,
                "extras": 0,
                "total": 1
              }
            },
            {
              "batter": "G Redmayne",
              "bowler": "FMK Morris",
              "non_striker": "HC Knight",
              "runs": {
                "batter": 1,
                "extras": 0,
                "total": 1
              }
            }
          ]
        },
        {
          "over": 18,
          "deliveries": [
            {
              "batter": "G Redmayne",
              "bowler": "AZ Monaghan",
              "extras": {
                "wides": 1
              },
              "non_striker": "HC Knight",
              "runs": {
                "batter": 0,
                "extras": 1,
                "total": 1
              }
            },
            {
              "batter": "G Redmayne",
              "bowler": "AZ Monaghan",
              "non_striker": "HC Knight",
              "runs": {
                "batter": 1,
                "extras": 0,
                "total": 1
              }
            },
            {
              "batter": "HC Knight",
              "bowler": "AZ Monaghan",
              "non_striker": "G Redmayne",
              "runs": {
                "batter": 4,
                "extras": 0,
                "total": 4
              }
            }
          ]
        }
      ],
      "powerplays": [
        {
          "from": 0.1,
          "to": 4.5,
          "type": "mandatory"
        }
      ],
      "target": {
        "overs": 20,
        "runs": 113
      }
    }
  ]
}