{
  "meta": {
    "data_version": "1.1.0",
    "created": "2024-08-14",
    "revision": 1
  },
  "info": {
    "balls_per_over": 5,
    "city": "Nottingham",
    "dates": [
      "2024-08-14"
    ],
    "event": {
      "name": "The Hundred Women's Competition",
      "match_number": 31
    },
    "gender": "female",
    "match_type": "T20",
    "officials": {
      "match_referees": [
        "H Pack"
      ],
      "reserve_umpires": [
        "G Brown"
      ],
      "tv_umpires": [
        "NJ Llong"
      ],
      "umpires": [
        "N Pratt",
        "S McLelland"
      ]
    },
    "outcome": {
      "winner": "Oval Invincibles",
      "by": {
        "wickets": 5
      }
    },
    "overs": 20,
    "player_of_match": [
      "M Kapp"
    ],
    "players": {
      "Trent Rockets": [
        "BF Smith",
        "G Scrivens",
        "NAJ Wraith",
        "NR Sciver-Brunt",
        "A Gardner",
        "H Graham",
        "KL George",
        "A King",
        "J Groves",
        "A Stonehouse",
        "KL Gordon"
      ],
      "Oval Invincibles": [
        "AC Jayangani",
        "L Winfield-Hill",
        "A Capsey",
        "M Kapp",
        "PJ Scholfield",
        "MK Villiers",
        "A Wellington",
        "J Gardner",
        "R MacDonald-Gay",
        "Sophia Smale",
        "R Slater"
      ]
    },
    "registry": {
      "people": {
        "A Capsey": "910dd54e",
        "A Gardner": "bc969efb",
        "A King": "83558266",
        "A Stonehouse": "c9366237",
        "A Wellington": "9b3bcca4",
        "AC Jayangani": "ac56b5a7",
        "BF Smith": "c64b7c5b",
        "G Brown": "4b781bd0",
        "G Scrivens": "7306c48d",
        "H Graham": "99812d10",
        "H Pack": "fed53c91",
        "J Gardner": "184512d1",
        "J Groves": "11ff23e3",
        "KL George": "e69dbbef",
        "KL Gordon": "00823a96",
        "L Winfield-Hill": "5230a33d",
        "M Kapp": "63e3b6b3",
        "MK Villiers": "cd62f670",
        "N Pratt": "01f65cd3",
        "NAJ Wraith": "1ec1998e",
        "NJ Llong": "573fb985",
        "NR Sciver-Brunt": "f3a18a0c",
        "PJ Scholfield": "588360ee",
        "R MacDonald-Gay": "459a7b0a",
        "R Slater": "8a452195",
        "S McLelland": "fcc653b8",
        "Sophia Smale": "c296dba1"
      }
    },
    "season": "2024",
    "team_type": "club",
    "teams": [
      "Trent Rockets",
      "Oval Invincibles"
    ],
    "toss": {
      "decision": "field",
      "winner": "Oval Invincibles"
    },
    "venue": "Trent Bridge, Nottingham"
  },
  "innings": [
    {
      "team": "Trent Rockets",
      "overs": [
        {
          "over": 0,
          "deliveries": [
            {
              "batter": "BF Smith",
              "bowler": "M Kapp",
              "non_striker": "G Scrivens",
              "runs": {
                "batter": 1,
                "extras": 0,
                "total": 1
              }
            },
            {
              "batter": "G Scrivens",
              "bowler": "M Kapp",
              "non_striker": "BF Smith",
              "runs": {
                "batter": 0,
                "extras": 0,
                "total": 0
              }
            },
            {
              "batter": "G Scrivens",
              "bowler": "M Kapp",
              "non_striker": "BF Smith",
              "runs": {
                "batter": 0,
                "extras": 0,
                "total": 0
              }
            },
            {
              "batter": "G Scrivens",
              "bowler": "M Kapp",
              "non_striker": "BF Smith",
              "runs": {
                "batter": 0,
                "extras": 0,
                "total": 0
              }
            },
            {
              "batter": "G Scrivens",
              "bowler": "M Kapp",
              "non_striker": "BF Smith",
              "runs": {
                "batter": 0,
                "extras": 0,
                "total": 0
              }
            }
          ]
        },
        {
          "over": 1,
          "deliveries": [
            {
              "batter": "G Scrivens",
              "bowler": "M Kapp",
              "non_striker": "BF Smith",
              "runs": {
                "batter": 0,
                "extras": 0,
                "total": 0
              },
              "wickets": [
                {
                  "player_out": "G Scrivens",
                  "kind": "bowled"
                }
              ]
            },
            {
              "batter": "NAJ Wraith",
              "bowler": "M Kapp",
              "non_striker": "BF Smith",
              "runs": {
                "batter": 1,
                "extras": 0,
                "total": 1
              }
            },
            {
              "batter": "BF Smith",
              "bowler": "M Kapp",
              "non_striker": "NAJ Wraith",
              "runs": {
                "batter": 0,
                "extras": 0,
                "total": 0
              },
              "wickets": [
                {
                  "player_out": "BF Smith",
                  "fielders": [
                    {
                      "name": "MK Villiers"
                    }
                  ],
                  "kind": "caught"
                }
              ]
            },
            {
              "batter": "NR Sciver-Brunt",
              "bowler": "M Kapp",
              "non_striker": "NAJ Wraith",
              "runs": {
                "batter": 0,
                "extras": 0,
                "total": 0
              }
            },
            {
              "batter": "NR Sciver-Brunt",
              "bowler": "M Kapp",
              "non_striker": "NAJ Wraith",
              "runs": {
                "batter": 0,
                "extras": 0,
                "total": 0
              }
            }
          ]
        },
        {
          "over": 2,
          "deliveries": [
            {
              "batter": "NAJ Wraith",
              "bowler": "R Slater",
              "non_striker": "NR Sciver-Brunt",
              "runs": {
                "batter": 1,
                "extras": 0,
                "total": 1
              }
            },
            {
              "batter": "NR Sciver-Brunt",
              "bowler": "R Slater",
              "non_striker": "NAJ Wraith",
              "runs": {
                "batter": 0,
                "extras": 0,
                "total": 0
              }
            },
            {
              "batter": "NR Sciver-Brunt",
              "bowler": "R Slater",
              "non_striker": "NAJ Wraith",
              "runs": {
                "batter": 0,
                "extras": 0,
                "total": 0
              },
              "wickets": [
                {
                  "player_out": "NR Sciver-Brunt",
                  "kind": "bowled"
                }
              ]
            },
            {
              "batter": "A Gardner",
              "bowler": "R Slater",
              "non_striker": "NAJ Wraith",
              "runs": {
                "batter": 0,
                "extras": 0,
                "total": 0
              }
            },
            {
              "batter": "A Gardner",
              "bowler": "R Slater",
              "non_striker": "NAJ Wraith",
              "runs": {
                "batter": 0,
                "extras": 0,
                "total": 0
              }
            }
          ]
        },
        {
          "over": 3,
          "deliveries": [
            {
              "batter": "A Gardner",
              "bowler": "R Slater",
              "non_striker": "NAJ Wraith",
              "runs": {
                "batter": 4,
                "extras": 0,
                "total": 4
              }
            },
            {
              "batter": "A Gardner",
              "bowler": "R Slater",
              "non_striker": "NAJ Wraith",
              "runs": {
                "batter": 4,
                "extras": 0,
                "total": 4
              }
            },
            {
              "batter": "A Gardner",
              "bowler": "R Slater",
              "non_striker": "NAJ Wraith",
              "runs": {
                "batter": 0,
                "extras": 0,
                "total": 0
              }
            },
            {
              "batter": "A Gardner",
              "bowler": "R Slater",
              "non_striker": "NAJ Wraith",
              "runs": {
                "batter": 1,
                "extras": 0,
                "total": 1
              }
            },
            {
              "batter": "NAJ Wraith",
              "bowler": "R Slater",
              "non_striker": "A Gardner",
              "runs": {
                "batter": 1,
                "extras": 0,
                "total": 1
              }
            }
          ]
        },
        {
          "over": 4,
          "deliveries": [
            {
              "batter": "NAJ Wraith",
              "bowler": "M Kapp",
              "non_striker": "A Gardner",
              "runs": {
                "batter": 0,
                "extras": 0,
                "total": 0
              }
            },
            {
              "batter": "NAJ Wraith",
              "bowler": "M Kapp",
              "non_striker": "A Gardner",
              "runs": {
                "batter": 1,
                "extras": 0,
                "total": 1
              }
            },
            {
              "batter": "A Gardner",
              "bowler": "M Kapp",
              "non_striker": "NAJ Wraith",
              "runs": {
                "batter": 0,
                "extras": 0,
                "total": 0
              }
            },
            {
              "batter": "A Gardner",
              "bowler": "M Kapp",
              "non_striker": "NAJ Wraith",
              "runs": {
                "batter": 1,
                "extras": 0,
                "total": 1
              }
            },
            {
              "batter": "NAJ Wraith",
              "bowler": "M Kapp",
              "non_striker": "A Gardner",
              "runs": {
                "batter": 0,
                "extras": 0,
                "total": 0
              }
            }
          ]
        },
        {
          "over": 5,
          "deliveries": [
            {
              "batter": "NAJ Wraith",
              "bowler": "R MacDonald-Gay",
              "non_striker": "A Gardner",
              "runs": {
                "batter": 0,
                "extras": 0,
                "total": 0
              }
            },
            {
              "batter": "NAJ Wraith",
              "bowler": "R MacDonald-Gay",
              "non_striker": "A Gardner",
              "runs": {
                "batter": 4,
                "extras": 0,
                "total": 4
              }
            },
            {
              "batter": "NAJ Wraith",
              "bowler": "R MacDonald-Gay",
              "non_striker": "A Gardner",
              "runs": {
                "batter": 0,
                "extras": 0,
                "total": 0
              }
            },
            {
              "batter": "NAJ Wraith",
              "bowler": "R MacDonald-Gay",
              "non_striker": "A Gardner",
              "runs": {
                "batter": 4,
                "extras": 0,
                "total": 4
              }
            },
            {
              "batter": "NAJ Wraith",
              "bowler": "R MacDonald-Gay",
              "non_striker": "A Gardner",
              "runs": {
                "batter": 0,
                "extras": 0,
                "total": 0
              }
            }
          ]
        },
        {
          "over": 6,
          "deliveries": [
            {
              "batter": "A Gardner",
              "bowler": "Sophia Smale",
              "non_striker": "NAJ Wraith",
              "runs": {
                "batter": 0,
                "extras": 0,
                "total": 0
              }
            },
            {
              "batter": "A Gardner",
              "bowler": "Sophia Smale",
              "non_striker": "NAJ Wraith",
              "runs": {
                "batter": 0,
                "extras": 0,
                "total": 0
              }
            },
            {
              "batter": "A Gardner",
              "bowler": "Sophia Smale",
              "non_striker": "NAJ Wraith",
              "runs": {
                "batter": 0,
                "extras": 0,
                "total": 0
              }
            },
            {
              "batter": "A Gardner",
              "bowler": "Sophia Smale",
              "extras": {
                "wides": 1
              },
              "non_striker": "NAJ Wraith",
              "runs": {
                "batter": 0,
                "extras": 1,
                "total": 1
              }
            },
            {
              "batter": "A Gardner",
              "bowler": "Sophia Smale",
              "non_striker": "NAJ Wraith",
              "runs": {
                "batter": 6,
                "extras": 0,
                "total": 6
              }
            },
            {
              "batter": "A Gardner",
              "bowler": "Sophia Smale",
              "non_striker": "NAJ Wraith",
              "runs": {
                "batter": 2,
                "extras": 0,
                "total": 2
              }
            }
          ]
        },
        {
          "over": 7,
          "deliveries": [
            {
              "batter": "A Gardner",
              "bowler": "A Wellington",
              "non_striker": "NAJ Wraith",
              "runs": {
                "batter": 6,
                "extras": 0,
                "total": 6
              }
            },
            {
              "batter": "A Gardner",
              "bowler": "A Wellington",
              "non_striker": "NAJ Wraith",
              "runs": {
                "batter": 2,
                "extras": 0,
                "total": 2
              }
            },
            {
              "batter": "A Gardner",
              "bowler": "A Wellington",
              "non_striker": "NAJ Wraith",
              "runs": {
                "batter": 1,
                "extras": 0,
                "total": 1
              }
            },
            {
              "batter": "NAJ Wraith",
              "bowler": "A Wellington",
              "non_striker": "A Gardner",
              "runs": {
                "batter": 1,
                "extras": 0,
                "total": 1
              }
            },
            {
              "batter": "A Gardner",
              "bowler": "A Wellington",
              "non_striker": "NAJ Wraith",
              "runs": {
                "batter": 1,
                "extras": 0,
                "total": 1
              }
            }
          ]
        },
        {
          "over": 8,
          "deliveries": [
            {
              "batter": "A Gardner",
              "bowler": "M Kapp",
              "non_striker": "NAJ Wraith",
              "runs": {
                "batter": 1,
                "extras": 0,
                "total": 1
              }
            },
            {
              "batter": "NAJ Wraith",
              "bowler": "M Kapp",
              "non_striker": "A Gardner",
              "runs": {
                "batter": 1,
                "extras": 0,
                "total": 1
              }
            },
            {
              "batter": "A Gardner",
              "bowler": "M Kapp",
              "non_striker": "NAJ Wraith",
              "runs": {
                "batter": 1,
                "extras": 0,
                "total": 1
              }
            },
            {
              "batter": "NAJ Wraith",
              "bowler": "M Kapp",
              "non_striker": "A Gardner",
              "runs": {
                "batter": 0,
                "extras": 0,
                "total": 0
              },
              "wickets": [
                {
                  "player_out": "NAJ Wraith",
                  "kind": "bowled"
                }
              ]
            },
            {
              "batter": "H Graham",
              "bowler": "M Kapp",
              "non_striker": "A Gardner",
              "runs": {
                "batter": 1,
                "extras": 0,
                "total": 1
              }
            }
          ]
        },
        {
          "over": 9,
          "deliveries": [
            {
              "batter": "A Gardner",
              "bowler": "R MacDonald-Gay",
              "non_striker": "H Graham",
              "runs": {
                "batter": 4,
                "extras": 0,
                "total": 4
              }
            },
            {
              "batter": "A Gardner",
              "bowler": "R MacDonald-Gay",
              "non_striker": "H Graham",
              "runs": {
                "batter": 0,
                "extras": 0,
                "total": 0
              }
            },
            {
              "batter": "A Gardner",
              "bowler": "R MacDonald-Gay",
              "non_striker": "H Graham",
              "runs": {
                "batter": 0,
                "extras": 0,
                "total": 0
              }
            },
            {
              "batter": "A Gardner",
              "bowler": "R MacDonald-Gay",
              "non_striker": "H Graham",
              "runs": {
                "batter": 4,
                "extras": 0,
                "total": 4
              }
            },
            {
              "batter": "A Gardner",
              "bowler": "R MacDonald-Gay",
              "non_striker": "H Graham",
              "runs": {
                "batter": 1,
                "extras": 0,
                "total": 1
              }
            }
          ]
        },
        {
          "over": 10,
          "deliveries": [
            {
              "batter": "A Gardner",
              "bowler": "MK Villiers",
              "non_striker": "H Graham",
              "runs": {
                "batter": 4,
                "extras": 0,
                "total": 4
              }
            },
            {
              "batter": "A Gardner",
              "bowler": "MK Villiers",
              "non_striker": "H Graham",
              "runs": {
                "batter": 0,
                "extras": 0,
                "total": 0
              },
              "wickets": [
                {
                  "player_out": "A Gardner",
                  "kind": "caught and bowled"
                }
              ]
            },
            {
              "batter": "KL George",
              "bowler": "MK Villiers",
              "non_striker": "H Graham",
              "runs": {
                "batter": 0,
                "extras": 0,
                "total": 0
              }
            },
            {
              "batter": "KL George",
              "bowler": "MK Villiers",
              "non_striker": "H Graham",
              "runs": {
                "batter": 0,
                "extras": 0,
                "total": 0
              }
            },
            {
              "batter": "KL George",
              "bowler": "MK Villiers",
              "non_striker": "H Graham",
              "runs": {
                "batter": 0,
                "extras": 0,
                "total": 0
              }
            }
          ]
        },
        {
          "over": 11,
          "deliveries": [
            {
              "batter": "KL George",
              "bowler": "MK Villiers",
              "non_striker": "H Graham",
              "runs": {
                "batter": 1,
                "extras": 0,
                "total": 1
              }
            },
            {
              "batter": "H Graham",
              "bowler": "MK Villiers",
              "non_striker": "KL George",
              "runs": {
                "batter": 1,
                "extras": 0,
                "total": 1
              }
            },
            {
              "batter": "KL George",
              "bowler": "MK Villiers",
              "non_striker": "H Graham",
              "runs": {
                "batter": 0,
                "extras": 0,
                "total": 0
              }
            },
            {
              "batter": "KL George",
              "bowler": "MK Villiers",
              "non_striker": "H Graham",
              "runs": {
                "batter": 1,
                "extras": 0,
                "total": 1
              }
            },
            {
              "batter": "H Graham",
              "bowler": "MK Villiers",
              "non_striker": "KL George",
              "runs": {
                "batter": 1,
                "extras": 0,
                "total": 1
              }
            }
          ]
        },
        {
          "over": 12,
          "deliveries": [
            {
              "batter": "H Graham",
              "bowler": "R Slater",
              "non_striker": "KL George",
              "runs": {
                "batter": 1,
                "extras": 0,
                "total": 1
              }
            },
            {
              "batter": "KL George",
              "bowler": "R Slater",
              "non_striker": "H Graham",
              "runs": {
                "batter": 0,
                "extras": 0,
                "total": 0
              }
            },
            {
              "batter": "KL George",
              "bowler": "R Slater",
              "non_striker": "H Graham",
              "runs": {
                "batter": 1,
                "extras": 0,
                "total": 1
              }
            },
            {
              "batter": "H Graham",
              "bowler": "R Slater",
              "non_striker": "KL George",
              "runs": {
                "batter": 2,
                "extras": 0,
                "total": 2
              }
            },
            {
              "batter": "H Graham",
              "bowler": "R Slater",
              "non_striker": "KL George",
              "runs": {
                "batter": 0,
                "extras": 0,
                "total": 0
              }
            }
          ]
        },
        {
          "over": 13,
          "deliveries": [
            {
              "batter": "H Graham",
              "bowler": "R Slater",
              "non_striker": "KL George",
              "runs": {
                "batter": 0,
                "extras": 0,
                "total": 0
              }
            },
            {
              "batter": "H Graham",
              "bowler": "R Slater",
              "non_striker": "KL George",
              "runs": {
                "batter": 0,
                "extras": 0,
                "total": 0
              },
              "wickets": [
                {
                  "player_out": "H Graham",
                  "kind": "bowled"
                }
              ]
            },
            {
              "batter": "A King",
              "bowler": "R Slater",
              "extras": {
                "byes": 2
              },
              "non_striker": "KL George",
              "runs": {
                "batter": 0,
                "extras": 2,
                "total": 2
              }
            },
            {
              "batter": "A King",
              "bowler": "R Slater",
              "non_striker": "KL George",
              "runs": {
                "batter": 0,
                "extras": 0,
                "total": 0
              }
            },
            {
              "batter": "A King",
              "bowler": "R Slater",
              "non_striker": "KL George",
              "runs": {
                "batter": 0,
                "extras": 0,
                "total": 0
              }
            }
          ]
        },
        {
          "over": 14,
          "deliveries": [
            {
              "batter": "KL George",
              "bowler": "A Wellington",
              "non_striker": "A King",
              "runs": {
                "batter": 0,
                "extras": 0,
                "total": 0
              }
            },
            {
              "batter": "KL George",
              "bowler": "A Wellington",
              "non_striker": "A King",
              "runs": {
                "batter": 0,
                "extras": 0,
                "total": 0
              }
            },
            {
              "batter": "KL George",
              "bowler": "A Wellington",
              "non_striker": "A King",
              "runs": {
                "batter": 0,
                "extras": 0,
                "total": 0
              }
            },
            {
              "batter": "KL George",
              "bowler": "A Wellington",
              "non_striker": "A King",
              "runs": {
                "batter": 0,
                "extras": 0,
                "total": 0
              }
            },
            {
              "batter": "KL George",
              "bowler": "A Wellington",
              "non_striker": "A King",
              "runs": {
                "batter": 4,
                "extras": 0,
                "total": 4
              }
            }
          ]
        },
        {
          "over": 15,
          "deliveries": [
            {
              "batter": "KL George",
              "bowler": "MK Villiers",
              "non_striker": "A King",
              "runs": {
                "batter": 1,
                "extras": 0,
                "total": 1
              }
            },
            {
              "batter": "A King",
              "bowler": "MK Villiers",
              "non_striker": "KL George",
              "runs": {
                "batter": 0,
                "extras": 0,
                "total": 0
              }
            },
            {
              "batter": "A King",
              "bowler": "MK Villiers",
              "non_striker": "KL George",
              "runs": {
                "batter": 1,
                "extras": 0,
                "total": 1
              }
            },
            {
              "batter": "KL George",
              "bowler": "MK Villiers",
              "non_striker": "A King",
              "runs": {
                "batter": 1,
                "extras": 0,
                "total": 1
              }
            },
            {
              "batter": "A King",
              "bowler": "MK Villiers",
              "non_striker": "KL George",
              "runs": {
                "batter": 0,
                "extras": 0,
                "total": 0
              }
            }
          ]
        },
        {
          "over": 16,
          "deliveries": [
            {
              "batter": "KL George",
              "bowler": "Sophia Smale",
              "non_striker": "A King",
              "runs": {
                "batter": 0,
                "extras": 0,
                "total": 0
              },
              "wickets": [
                {
                  "player_out": "KL George",
                  "fielders": [
                    {
                      "name": "R MacDonald-Gay"
                    }
                  ],
                  "kind": "caught"
                }
              ]
            },
            {
              "batter": "J Groves",
              "bowler": "Sophia Smale",
              "non_striker": "A King",
              "runs": {
                "batter": 0,
                "extras": 0,
                "total": 0
              }
            },
            {
              "batter": "J Groves",
              "bowler": "Sophia Smale",
              "non_striker": "A King",
              "runs": {
                "batter": 0,
                "extras": 0,
                "total": 0
              }
            },
            {
              "batter": "J Groves",
              "bowler": "Sophia Smale",
              "non_striker": "A King",
              "runs": {
                "batter": 0,
                "extras": 0,
                "total": 0
              },
              "wickets": [
                {
                  "player_out": "J Groves",
                  "kind": "caught and bowled"
                }
              ]
            },
            {
              "batter": "A Stonehouse",
              "bowler": "Sophia Smale",
              "non_striker": "A King",
              "runs": {
                "batter": 0,
                "extras": 0,
                "total": 0
              }
            }
          ]
        },
        {
          "over": 17,
          "deliveries": [
            {
              "batter": "A Stonehouse",
              "bowler": "Sophia Smale",
              "non_striker": "A King",
              "runs": {
                "batter": 0,
                "extras": 0,
                "total": 0
              }
            },
            {
              "batter": "A Stonehouse",
              "bowler": "Sophia Smale",
              "non_striker": "A King",
              "runs": {
                "batter": 1,
                "extras": 0,
                "total": 1
              }
            },
            {
              "batter": "A King",
              "bowler": "Sophia Smale",
              "non_striker": "A Stonehouse",
              "runs": {
                "batter": 0,
                "extras": 0,
                "total": 0
              }
            },
            {
              "batter": "A King",
              "bowler": "Sophia Smale",
              "non_striker": "A Stonehouse",
              "runs": {
                "batter": 0,
                "extras": 0,
                "total": 0
              }
            },
            {
              "batter": "A King",
              "bowler": "Sophia Smale",
              "non_striker": "A Stonehouse",
              "runs": {
                "batter": 0,
                "extras": 0,
                "total": 0
              }
            }
          ]
        },
        {
          "over": 18,
          "deliveries": [
            {
              "batter": "A Stonehouse",
              "bowler": "MK Villiers",
              "non_striker": "A King",
              "runs": {
                "batter": 0,
                "extras": 0,
                "total": 0
              }
            },
            {
              "batter": "A Stonehouse",
              "bowler": "MK Villiers",
              "non_striker": "A King",
              "runs": {
                "batter": 0,
                "extras": 0,
                "total": 0
              }
            },
            {
              "batter": "A Stonehouse",
              "bowler": "MK Villiers",
              "non_striker": "A King",
              "runs": {
                "batter": 4,
                "extras": 0,
                "total": 4
              }
            },
            {
              "batter": "A Stonehouse",
              "bowler": "MK Villiers",
              "non_striker": "A King",
              "runs": {
                "batter": 1,
                "extras": 0,
                "total": 1
              }
            },
            {
              "batter": "A King",
              "bowler": "MK Villiers",
              "non_striker": "A Stonehouse",
              "runs": {
                "batter": 1,
                "extras": 0,
                "total": 1
              }
            }
          ]
        },
        {
          "over": 19,
          "deliveries": [
            {
              "batter": "A Stonehouse",
              "bowler": "Sophia Smale",
              "non_striker": "A King",
              "runs": {
                "batter": 2,
                "extras": 0,
                "total": 2
              }
            },
            {
              "batter": "A Stonehouse",
              "bowler": "Sophia Smale",
              "non_striker": "A King",
              "runs": {
                "batter": 0,
                "extras": 0,
                "total": 0
              }
            },
            {
              "batter": "A Stonehouse",
              "bowler": "Sophia Smale",
              "non_striker": "A King",
              "runs": {
                "batter": 0,
                "extras": 0,
                "total": 0
              }
            },
            {
              "batter": "A Stonehouse",
              "bowler": "Sophia Smale",
              "non_striker": "A King",
              "runs": {
                "batter": 1,
                "extras": 0,
                "total": 1
              }
            },
            {
              "batter": "A King",
              "bowler": "Sophia Smale",
              "non_striker": "A Stonehouse",
              "runs": {
                "batter": 4,
                "extras": 0,
                "total": 4
              }
            }
          ]
        }
      ],
      "powerplays": [
        {
          "from": 0.1,
          "to": 4.5,
          "type": "mandatory"
        }
      ]
    },
    {
      "team": "Oval Invincibles",
      "overs": [
        {
          "over": 0,
          "deliveries": [
            {
              "batter": "AC Jayangani",
              "bowler": "A Stonehouse",
              "non_striker": "L Winfield-Hill",
              "runs": {
                "batter": 0,
                "extras": 0,
                "total": 0
              }
            },
            {
              "batter": "AC Jayangani",
              "bowler": "A Stonehouse",
              "non_striker": "L Winfield-Hill",
              "runs": {
                "batter": 4,
                "extras": 0,
                "total": 4
              }
            },
            {
              "batter": "AC Jayangani",
              "bowler": "A Stonehouse",
              "non_striker": "L Winfield-Hill",
              "runs": {
                "batter": 2,
                "extras": 0,
                "total": 2
              }
            },
            {
              "batter": "AC Jayangani",
              "bowler": "A Stonehouse",
              "non_striker": "L Winfield-Hill",
              "runs": {
                "batter": 0,
                "extras": 0,
                "total": 0
              }
            },
            {
              "batter": "AC Jayangani",
              "bowler": "A Stonehouse",
              "non_striker": "L Winfield-Hill",
              "runs": {
                "batter": 0,
                "extras": 0,
                "total": 0
              }
            }
          ]
        },
        {
          "over": 1,
          "deliveries": [
            {
              "batter": "AC Jayangani",
              "bowler": "A Gardner",
              "non_striker": "L Winfield-Hill",
              "runs": {
                "batter": 0,
                "extras": 0,
                "total": 0
              }
            },
            {
              "batter": "AC Jayangani",
              "bowler": "A Gardner",
              "non_striker": "L Winfield-Hill",
              "runs": {
                "batter": 0,
                "extras": 0,
                "total": 0
              }
            },
            {
              "batter": "AC Jayangani",
              "bowler": "A Gardner",
              "non_striker": "L Winfield-Hill",
              "runs": {
                "batter": 0,
                "extras": 0,
                "total": 0
              }
            },
            {
              "batter": "AC Jayangani",
              "bowler": "A Gardner",
              "non_striker": "L Winfield-Hill",
              "runs": {
                "batter": 4,
                "extras": 0,
                "total": 4
              }
            },
            {
              "batter": "AC Jayangani",
              "bowler": "A Gardner",
              "non_striker": "L Winfield-Hill",
              "runs": {
                "batter": 0,
                "extras": 0,
                "total": 0
              }
            }
          ]
        },
        {
          "over": 2,
          "deliveries": [
            {
              "batter": "L Winfield-Hill",
              "bowler": "NR Sciver-Brunt",
              "extras": {
                "wides": 1
              },
              "non_striker": "AC Jayangani",
              "runs": {
                "batter": 0,
                "extras": 1,
                "total": 1
              }
            },
            {
              "batter": "L Winfield-Hill",
              "bowler": "NR Sciver-Brunt",
              "non_striker": "AC Jayangani",
              "runs": {
                "batter": 1,
                "extras": 0,
                "total": 1
              }
            },
            {
              "batter": "AC Jayangani",
              "bowler": "NR Sciver-Brunt",
              "non_striker": "L Winfield-Hill",
              "runs": {
                "batter": 0,
                "extras": 0,
                "total": 0
              }
            },
            {
              "batter": "AC Jayangani",
              "bowler": "NR Sciver-Brunt",
              "non_striker": "L Winfield-Hill",
              "runs": {
                "batter": 0,
                "extras": 0,
                "total": 0
              }
            },
            {
              "batter": "AC Jayangani",
              "bowler": "NR Sciver-Brunt",
              "non_striker": "L Winfield-Hill",
              "runs": {
                "batter": 4,
                "extras": 0,
                "total": 4
              }
            },
            {
              "batter": "AC Jayangani",
              "bowler": "NR Sciver-Brunt",
              "non_striker": "L Winfield-Hill",
              "runs": {
                "batter": 0,
                "extras": 0,
                "total": 0
              }
            }
          ]
        },
        {
          "over": 3,
          "deliveries": [
            {
              "batter": "AC Jayangani",
              "bowler": "A Gardner",
              "non_striker": "L Winfield-Hill",
              "runs": {
                "batter": 0,
                "extras": 0,
                "total": 0
              }
            },
            {
              "batter": "AC Jayangani",
              "bowler": "A Gardner",
              "non_striker": "L Winfield-Hill",
              "runs": {
                "batter": 2,
                "extras": 0,
                "total": 2
              }
            },
            {
              "batter": "AC Jayangani",
              "bowler": "A Gardner",
              "non_striker": "L Winfield-Hill",
              "runs": {
                "batter": 0,
                "extras": 0,
                "total": 0
              },
              "wickets": [
                {
                  "player_out": "AC Jayangani",
                  "fielders": [
                    {
                      "name": "H Graham"
                    }
                  ],
                  "kind": "caught"
                }
              ]
            },
            {
              "batter": "A Capsey",
              "bowler": "A Gardner",
              "non_striker": "L Winfield-Hill",
              "runs": {
                "batter": 0,
                "extras": 0,
                "total": 0
              }
            },
            {
              "batter": "A Capsey",
              "bowler": "A Gardner",
              "non_striker": "L Winfield-Hill",
              "runs": {
                "batter": 4,
                "extras": 0,
                "total": 4
              }
            }
          ]
        },
        {
          "over": 4,
          "deliveries": [
            {
              "batter": "L Winfield-Hill",
              "bowler": "NR Sciver-Brunt",
              "extras": {
                "legbyes": 1
              },
              "non_striker": "A Capsey",
              "runs": {
                "batter": 0,
                "extras": 1,
                "total": 1
              }
            },
            {
              "batter": "A Capsey",
              "bowler": "NR Sciver-Brunt",
              "non_striker": "L Winfield-Hill",
              "runs": {
                "batter": 0,
                "extras": 0,
                "total": 0
              }
            },
            {
              "batter": "A Capsey",
              "bowler": "NR Sciver-Brunt",
              "non_striker": "L Winfield-Hill",
              "runs": {
                "batter": 1,
                "extras": 0,
                "total": 1
              }
            },
            {
              "batter": "L Winfield-Hill",
              "bowler": "NR Sciver-Brunt",
              "non_striker": "A Capsey",
              "runs": {
                "batter": 0,
                "extras": 0,
                "total": 0
              }
            },
            {
              "batter": "L Winfield-Hill",
              "bowler": "NR Sciver-Brunt",
              "non_striker": "A Capsey",
              "runs": {
                "batter": 1,
                "extras": 0,
                "total": 1
              }
            }
          ]
        },
        {
          "over": 5,
          "deliveries": [
            {
              "batter": "A Capsey",
              "bowler": "A King",
              "non_striker": "L Winfield-Hill",
              "runs": {
                "batter": 0,
                "extras": 0,
                "total": 0
              }
            },
            {
              "batter": "A Capsey",
              "bowler": "A King",
              "non_striker": "L Winfield-Hill",
              "runs": {
                "batter": 2,
                "extras": 0,
                "total": 2
              }
            },
            {
              "batter": "A Capsey",
              "bowler": "A King",
              "non_striker": "L Winfield-Hill",
              "runs": {
                "batter": 0,
                "extras": 0,
                "total": 0
              }
            },
            {
              "batter": "A Capsey",
              "bowler": "A King",
              "non_striker": "L Winfield-Hill",
              "runs": {
                "batter": 1,
                "extras": 0,
                "total": 1
              }
            },
            {
              "batter": "L Winfield-Hill",
              "bowler": "A King",
              "non_striker": "A Capsey",
              "runs": {
                "batter": 1,
                "extras": 0,
                "total": 1
              }
            }
          ]
        },
        {
          "over": 6,
          "deliveries": [
            {
              "batter": "L Winfield-Hill",
              "bowler": "KL Gordon",
              "non_striker": "A Capsey",
              "runs": {
                "batter": 0,
                "extras": 0,
                "total": 0
              }
            },
            {
              "batter": "L Winfield-Hill",
              "bowler": "KL Gordon",
              "non_striker": "A Capsey",
              "runs": {
                "batter": 1,
                "extras": 0,
                "total": 1
              }
            },
            {
              "batter": "A Capsey",
              "bowler": "KL Gordon",
              "non_striker": "L Winfield-Hill",
              "runs": {
                "batter": 1,
                "extras": 0,
                "total": 1
              }
            },
            {
              "batter": "L Winfield-Hill",
              "bowler": "KL Gordon",
              "non_striker": "A Capsey",
              "runs": {
                "batter": 1,
                "extras": 0,
                "total": 1
              }
            },
            {
              "batter": "A Capsey",
              "bowler": "KL Gordon",
              "non_striker": "L Winfield-Hill",
              "review": {
                "by": "Oval Invincibles",
                "umpire": "N Pratt",
                "batter": "A Capsey",
                "decision": "upheld"
              },
              "runs": {
                "batter": 0,
                "extras": 0,
                "total": 0
              }
            }
          ]
        },
        {
          "over": 7,
          "deliveries": [
            {
              "batter": "A Capsey",
              "bowler": "H Graham",
              "non_striker": "L Winfield-Hill",
              "runs": {
                "batter": 0,
                "extras": 0,
                "total": 0
              }
            },
            {
              "batter": "A Capsey",
              "bowler": "H Graham",
              "non_striker": "L Winfield-Hill",
              "runs": {
                "batter": 0,
                "extras": 0,
                "total": 0
              }
            },
            {
              "batter": "A Capsey",
              "bowler": "H Graham",
              "non_striker": "L Winfield-Hill",
              "runs": {
                "batter": 1,
                "extras": 0,
                "total": 1
              }
            },
            {
              "batter": "L Winfield-Hill",
              "bowler": "H Graham",
              "non_striker": "A Capsey",
              "runs": {
                "batter": 0,
                "extras": 0,
                "total": 0
              }
            },
            {
              "batter": "L Winfield-Hill",
              "bowler": "H Graham",
              "non_striker": "A Capsey",
              "runs": {
                "batter": 0,
                "extras": 0,
                "total": 0
              },
              "wickets": [
                {
                  "player_out": "L Winfield-Hill",
                  "kind": "lbw"
                }
              ]
            }
          ]
        },
        {
          "over": 8,
          "deliveries": [
            {
              "batter": "A Capsey",
              "bowler": "A King",
              "non_striker": "M Kapp",
              "runs": {
                "batter": 0,
                "extras": 0,
                "total": 0
              },
              "wickets": [
                {
                  "player_out": "A Capsey",
                  "kind": "bowled"
                }
              ]
            },
            {
              "batter": "PJ Scholfield",
              "bowler": "A King",
              "non_striker": "M Kapp",
              "runs": {
                "batter": 0,
                "extras": 0,
                "total": 0
              }
            },
            {
              "batter": "PJ Scholfield",
              "bowler": "A King",
              "non_striker": "M Kapp",
              "runs": {
                "batter": 0,
                "extras": 0,
                "total": 0
              }
            },
            {
              "batter": "PJ Scholfield",
              "bowler": "A King",
              "non_striker": "M Kapp",
              "runs": {
                "batter": 1,
                "extras": 0,
                "total": 1
              }
            },
            {
              "batter": "M Kapp",
              "bowler": "A King",
              "non_striker": "PJ Scholfield",
              "runs": {
                "batter": 0,
                "extras": 0,
                "total": 0
              }
            }
          ]
        },
        {
          "over": 9,
          "deliveries": [
            {
              "batter": "M Kapp",
              "bowler": "A King",
              "non_striker": "PJ Scholfield",
              "runs": {
                "batter": 1,
                "extras": 0,
                "total": 1
              }
            },
            {
              "batter": "PJ Scholfield",
              "bowler": "A King",
              "extras": {
                "wides": 5
              },
              "non_striker": "M Kapp",
              "runs": {
                "batter": 0,
                "extras": 5,
                "total": 5
              }
            },
            {
              "batter": "PJ Scholfield",
              "bowler": "A King",
              "non_striker": "M Kapp",
              "runs": {
                "batter": 0,
                "extras": 0,
                "total": 0
              }
            },
            {
              "batter": "PJ Scholfield",
              "bowler": "A King",
              "non_striker": "M Kapp",
              "runs": {
                "batter": 2,
                "extras": 0,
                "total": 2
              }
            },
            {
              "batter": "PJ Scholfield",
              "bowler": "A King",
              "non_striker": "M Kapp",
              "runs": {
                "batter": 3,
                "extras": 0,
                "total": 3
              }
            },
            {
              "batter": "M Kapp",
              "bowler": "A King",
              "non_striker": "PJ Scholfield",
              "runs": {
                "batter": 0,
                "extras": 0,
                "total": 0
              }
            }
          ]
        },
        {
          "over": 10,
          "deliveries": [
            {
              "batter": "PJ Scholfield",
              "bowler": "H Graham",
              "non_striker": "M Kapp",
              "runs": {
                "batter": 1,
                "extras": 0,
                "total": 1
              }
            },
            {
              "batter": "M Kapp",
              "bowler": "H Graham",
              "non_striker": "PJ Scholfield",
              "runs": {
                "batter": 0,
                "extras": 0,
                "total": 0
              }
            },
            {
              "batter": "M Kapp",
              "bowler": "H Graham",
              "non_striker": "PJ Scholfield",
              "runs": {
                "batter": 0,
                "extras": 0,
                "total": 0
              }
            },
            {
              "batter": "M Kapp",
              "bowler": "H Graham",
              "non_striker": "PJ Scholfield",
              "runs": {
                "batter": 4,
                "extras": 0,
                "total": 4
              }
            },
            {
              "batter": "M Kapp",
              "bowler": "H Graham",
              "non_striker": "PJ Scholfield",
              "runs": {
                "batter": 4,
                "extras": 0,
                "total": 4
              }
            }
          ]
        },
        {
          "over": 11,
          "deliveries": [
            {
              "batter": "M Kapp",
              "bowler": "KL Gordon",
              "non_striker": "PJ Scholfield",
              "runs": {
                "batter": 1,
                "extras": 0,
                "total": 1
              }
            },
            {
              "batter": "PJ Scholfield",
              "bowler": "KL Gordon",
              "non_striker": "M Kapp",
              "runs": {
                "batter": 0,
                "extras": 0,
                "total": 0
              }
            },
            {
              "batter": "PJ Scholfield",
              "bowler": "KL Gordon",
              "non_striker": "M Kapp",
              "runs": {
                "batter": 1,
                "extras": 0,
                "total": 1
              }
            },
            {
              "batter": "M Kapp",
              "bowler": "KL Gordon",
              "non_striker": "PJ Scholfield",
              "runs": {
                "batter": 0,
                "extras": 0,
                "total": 0
              }
            },
            {
              "batter": "M Kapp",
              "bowler": "KL Gordon",
              "non_striker": "PJ Scholfield",
              "runs": {
                "batter": 2,
                "extras": 0,
                "total": 2
              }
            }
          ]
        },
        {
          "over": 12,
          "deliveries": [
            {
              "batter": "PJ Scholfield",
              "bowler": "A King",
              "non_striker": "M Kapp",
              "runs": {
                "batter": 1,
                "extras": 0,
                "total": 1
              }
            },
            {
              "batter": "M Kapp",
              "bowler": "A King",
              "non_striker": "PJ Scholfield",
              "runs": {
                "batter": 0,
                "extras": 0,
                "total": 0
              }
            },
            {
              "batter": "M Kapp",
              "bowler": "A King",
              "non_striker": "PJ Scholfield",
              "runs": {
                "batter": 1,
                "extras": 0,
                "total": 1
              }
            },
            {
              "batter": "PJ Scholfield",
              "bowler": "A King",
              "non_striker": "M Kapp",
              "runs": {
                "batter": 0,
                "extras": 0,
                "total": 0
              }
            },
            {
              "batter": "PJ Scholfield",
              "bowler": "A King",
              "non_striker": "M Kapp",
              "runs": {
                "batter": 1,
                "extras": 0,
                "total": 1
              }
            }
          ]
        },
        {
          "over": 13,
          "deliveries": [
            {
              "batter": "M Kapp",
              "bowler": "NR Sciver-Brunt",
              "non_striker": "PJ Scholfield",
              "runs": {
                "batter": 1,
                "extras": 0,
                "total": 1
              }
            },
            {
              "batter": "PJ Scholfield",
              "bowler": "NR Sciver-Brunt",
              "non_striker": "M Kapp",
              "runs": {
                "batter": 0,
                "extras": 0,
                "total": 0
              }
            },
            {
              "batter": "PJ Scholfield",
              "bowler": "NR Sciver-Brunt",
              "non_striker": "M Kapp",
              "runs": {
                "batter": 0,
                "extras": 0,
                "total": 0
              }
            },
            {
              "batter": "PJ Scholfield",
              "bowler": "NR Sciver-Brunt",
              "non_striker": "M Kapp",
              "runs": {
                "batter": 4,
                "extras": 0,
                "total": 4
              }
            },
            {
              "batter": "PJ Scholfield",
              "bowler": "NR Sciver-Brunt",
              "non_striker": "M Kapp",
              "runs": {
                "batter": 4,
                "extras": 0,
                "total": 4
              }
            }
          ]
        },
        {
          "over": 14,
          "deliveries": [
            {
              "batter": "M Kapp",
              "bowler": "KL Gordon",
              "non_striker": "PJ Scholfield",
              "runs": {
                "batter": 0,
                "extras": 0,
                "total": 0
              }
            },
            {
              "batter": "M Kapp",
              "bowler": "KL Gordon",
              "non_striker": "PJ Scholfield",
              "runs": {
                "batter": 0,
                "extras": 0,
                "total": 0
              }
            },
            {
              "batter": "M Kapp",
              "bowler": "KL Gordon",
              "non_striker": "PJ Scholfield",
              "runs": {
                "batter": 0,
                "extras": 0,
                "total": 0
              }
            },
            {
              "batter": "M Kapp",
              "bowler": "KL Gordon",
              "non_striker": "PJ Scholfield",
              "runs": {
                "batter": 0,
                "extras": 0,
                "total": 0
              }
            },
            {
              "batter": "M Kapp",
              "bowler": "KL Gordon",
              "non_striker": "PJ Scholfield",
              "runs": {
                "batter": 1,
                "extras": 0,
                "total": 1
              }
            }
          ]
        },
        {
          "over": 15,
          "deliveries": [
            {
              "batter": "PJ Scholfield",
              "bowler": "H Graham",
              "non_striker": "M Kapp",
              "runs": {
                "batter": 0,
                "extras": 0,
                "total": 0
              }
            },
            {
              "batter": "PJ Scholfield",
              "bowler": "H Graham",
              "non_striker": "M Kapp",
              "runs": {
                "batter": 6,
                "extras": 0,
                "total": 6
              }
            },
            {
              "batter": "PJ Scholfield",
              "bowler": "H Graham",
              "non_striker": "M Kapp",
              "runs": {
                "batter": 0,
                "extras": 0,
                "total": 0
              }
            },
            {
              "batter": "PJ Scholfield",
              "bowler": "H Graham",
              "non_striker": "M Kapp",
              "runs": {
                "batter": 0,
                "extras": 0,
                "total": 0
              }
            },
            {
              "batter": "PJ Scholfield",
              "bowler": "H Graham",
              "non_striker": "M Kapp",
              "runs": {
                "batter": 1,
                "extras": 0,
                "total": 1
              }
            }
          ]
        },
        {
          "over": 16,
          "deliveries": [
            {
              "batter": "PJ Scholfield",
              "bowler": "A Gardner",
              "non_striker": "M Kapp",
              "runs": {
                "batter": 0,
                "extras": 0,
                "total": 0
              }
            },
            {
              "batter": "PJ Scholfield",
              "bowler": "A Gardner",
              "non_striker": "M Kapp",
              "runs": {
                "batter": 1,
                "extras": 0,
                "total": 1
              }
            },
            {
              "batter": "M Kapp",
              "bowler": "A Gardner",
              "non_striker": "PJ Scholfield",
              "runs": {
                "batter": 2,
                "extras": 0,
                "total": 2
              }
            },
            {
              "batter": "M Kapp",
              "bowler": "A Gardner",
              "non_striker": "PJ Scholfield",
              "runs": {
                "batter": 2,
                "extras": 0,
                "total": 2
              }
            },
            {
              "batter": "M Kapp",
              "bowler": "A Gardner",
              "non_striker": "PJ Scholfield",
              "runs": {
                "batter": 1,
                "extras": 0,
                "total": 1
              }
            }
          ]
        },
        {
          "over": 17,
          "deliveries": [
            {
              "batter": "PJ Scholfield",
              "bowler": "KL Gordon",
              "non_striker": "M Kapp",
              "runs": {
                "batter": 0,
                "extras": 0,
                "total": 0
              },
              "wickets": [
                {
                  "player_out": "PJ Scholfield",
                  "fielders": [
                    {
                      "name": "A Stonehouse"
                    }
                  ],
                  "kind": "caught"
                }
              ]
            },
            {
              "batter": "MK Villiers",
              "bowler": "KL Gordon",
              "non_striker": "M Kapp",
              "runs": {
                "batter": 0,
                "extras": 0,
                "total": 0
              }
            },
            {
              "batter": "MK Villiers",
              "bowler": "KL Gordon",
              "non_striker": "M Kapp",
              "review": {
                "by": "Oval Invincibles",
                "umpire": "S McLelland",
                "batter": "MK Villiers",
                "decision": "upheld"
              },
              "runs": {
                "batter": 0,
                "extras": 0,
                "total": 0
              }
            },
            {
              "batter": "MK Villiers",
              "bowler": "KL Gordon",
              "non_striker": "M Kapp",
              "runs": {
                "batter": 1,
                "extras": 0,
                "total": 1
              }
            },
            {
              "batter": "M Kapp",
              "bowler": "KL Gordon",
              "non_striker": "MK Villiers",
              "runs": {
                "batter": 0,
                "extras": 0,
                "total": 0
              }
            }
          ]
        },
        {
          "over": 18,
          "deliveries": [
            {
              "batter": "MK Villiers",
              "bowler": "A Gardner",
              "non_striker": "M Kapp",
              "runs": {
                "batter": 0,
                "extras": 0,
                "total": 0
              },
              "wickets": [
                {
                  "player_out": "MK Villiers",
                  "fielders": [
                    {
                      "name": "NAJ Wraith"
                    }
                  ],
                  "kind": "stumped"
                }
              ]
            },
            {
              "batter": "A Wellington",
              "bowler": "A Gardner",
              "non_striker": "M Kapp",
              "runs": {
                "batter": 1,
                "extras": 0,
                "total": 1
              }
            },
            {
              "batter": "M Kapp",
              "bowler": "A Gardner",
              "non_striker": "A Wellington",
              "runs": {
                "batter": 4,
                "extras": 0,
                "total": 4
              }
            },
            {
              "batter": "M Kapp",
              "bowler": "A Gardner",
              "non_striker": "A Wellington",
              "runs": {
                "batter": 2,
                "extras": 0,
                "total": 2
              }
            }
          ]
        }
      ],
      "powerplays": [
        {
          "from": 0.1,
          "to": 4.5,
          "type": "mandatory"
        }
      ],
      "target": {
        "overs": 20,
        "runs": 92
      }
    }
  ]
}