{
  "meta": {
    "data_version": "1.1.0",
    "created": "2025-08-08",
    "revision": 1
  },
  "info": {
    "balls_per_over": 5,
    "city": "Leeds",
    "dates": [
      "2025-08-07"
    ],
    "event": {
      "name": "The Hundred Men's Competition",
      "match_number": 3
    },
    "gender": "male",
    "match_type": "T20",
    "officials": {
      "match_referees": [
        "DA Cosker"
      ],
      "reserve_umpires": [
        "JD Shantry"
      ],
      "tv_umpires": [
        "NJ Llong"
      ],
      "umpires": [
        "DJ Millns",
        "James Middlebrook"
      ]
    },
    "outcome": {
      "winner": "Northern Superchargers",
      "by": {
        "wickets": 8
      }
    },
    "overs": 20,
    "player_of_match": [
      "Z Crawley"
    ],
    "players": {
      "Welsh Fire": [
        "SPD Smith",
        "JM Bairstow",
        "LWP Wells",
        "TB Abell",
        "T Kohler-Cadmore",
        "SA Zaib",
        "PI Walter",
        "CJ Green",
        "DA Payne",
        "J Hull",
        "RP Meredith"
      ],
      "Northern Superchargers": [
        "Z Crawley",
        "DJ Malan",
        "MS Pepper",
        "HC Brook",
        "DW Lawrence",
        "DA Miller",
        "Imad Wasim",
        "TE Lawes",
        "MJ Potts",
        "AU Rashid",
        "Mohammad Amir"
      ]
    },
    "registry": {
      "people": {
        "AU Rashid": "249d60c9",
        "CJ Green": "19b9f399",
        "DA Cosker": "aac9f784",
        "DA Miller": "d67d5f00",
        "DA Payne": "6c79c098",
        "DJ Malan": "ad9c32a2",
        "DJ Millns": "46ecfe40",
        "DW Lawrence": "4b685e2d",
        "HC Brook": "4ae1755b",
        "Imad Wasim": "9cb8d7a6",
        "J Hull": "1cc0a83d",
        "JD Shantry": "70fdd428",
        "JM Bairstow": "abb83e27",
        "James Middlebrook": "ddcd1520",
        "LWP Wells": "1957c6b7",
        "MJ Potts": "894b2d25",
        "MS Pepper": "270e4c23",
        "Mohammad Amir": "e174dadd",
        "NJ Llong": "573fb985",
        "PI Walter": "57590dbb",
        "RP Meredith": "64775749",
        "SA Zaib": "ab01e323",
        "SPD Smith": "30a45b23",
        "T Kohler-Cadmore": "f836b33d",
        "TB Abell": "ba9258a7",
        "TE Lawes": "fe2ac1a8",
        "Z Crawley": "922e1b19"
      }
    },
    "season": "2025",
    "team_type": "club",
    "teams": [
      "Welsh Fire",
      "Northern Superchargers"
    ],
    "toss": {
      "decision": "field",
      "winner": "Northern Superchargers"
    },
    "venue": "Headingley, Leeds"
  },
  "innings": [
    {
      "team": "Welsh Fire",
      "overs": [
        {
          "over": 0,
          "deliveries": [
            {
              "batter": "SPD Smith",
              "bowler": "Imad Wasim",
              "non_striker": "JM Bairstow",
              "runs": {
                "batter": 1,
                "extras": 0,
                "total": 1
              }
            },
            {
              "batter": "JM Bairstow",
              "bowler": "Imad Wasim",
              "non_striker": "SPD Smith",
              "runs": {
                "batter": 0,
                "extras": 0,
                "total": 0
              }
            },
            {
              "batter": "JM Bairstow",
              "bowler": "Imad Wasim",
              "non_striker": "SPD Smith",
              "runs": {
                "batter": 0,
                "extras": 0,
                "total": 0
              }
            },
            {
              "batter": "JM Bairstow",
              "bowler": "Imad Wasim",
              "non_striker": "SPD Smith",
              "runs": {
                "batter": 1,
                "extras": 0,
                "total": 1
              }
            },
            {
              "batter": "SPD Smith",
              "bowler": "Imad Wasim",
              "non_striker": "JM Bairstow",
              "runs": {
                "batter": 4,
                "extras": 0,
                "total": 4
              }
            }
          ]
        },
        {
          "over": 1,
          "deliveries": [
            {
              "batter": "SPD Smith",
              "bowler": "Mohammad Amir",
              "non_striker": "JM Bairstow",
              "runs": {
                "batter": 0,
                "extras": 0,
                "total": 0
              }
            },
            {
              "batter": "SPD Smith",
              "bowler": "Mohammad Amir",
              "extras": {
                "wides": 1
              },
              "non_striker": "JM Bairstow",
              "runs": {
                "batter": 0,
                "extras": 1,
                "total": 1
              }
            },
            {
              "batter": "SPD Smith",
              "bowler": "Mohammad Amir",
              "non_striker": "JM Bairstow",
              "runs": {
                "batter": 2,
                "extras": 0,
                "total": 2
              }
            },
            {
              "batter": "SPD Smith",
              "bowler": "Mohammad Amir",
              "non_striker": "JM Bairstow",
              "runs": {
                "batter": 1,
                "extras": 0,
                "total": 1
              }
            },
            {
              "batter": "JM Bairstow",
              "bowler": "Mohammad Amir",
              "non_striker": "SPD Smith",
              "runs": {
                "batter": 2,
                "extras": 0,
                "total": 2
              }
            },
            {
              "batter": "JM Bairstow",
              "bowler": "Mohammad Amir",
              "non_striker": "SPD Smith",
              "runs": {
                "batter": 1,
                "extras": 0,
                "total": 1
              }
            }
          ]
        },
        {
          "over": 2,
          "deliveries": [
            {
              "batter": "JM Bairstow",
              "bowler": "TE Lawes",
              "non_striker": "SPD Smith",
              "runs": {
                "batter": 1,
                "extras": 0,
                "total": 1
              }
            },
            {
              "batter": "SPD Smith",
              "bowler": "TE Lawes",
              "non_striker": "JM Bairstow",
              "runs": {
                "batter": 1,
                "extras": 0,
                "total": 1
              }
            },
            {
              "batter": "JM Bairstow",
              "bowler": "TE Lawes",
              "non_striker": "SPD Smith",
              "runs": {
                "batter": 4,
                "extras": 0,
                "total": 4
              }
            },
            {
              "batter": "JM Bairstow",
              "bowler": "TE Lawes",
              "non_striker": "SPD Smith",
              "runs": {
                "batter": 4,
                "extras": 0,
                "total": 4
              }
            },
            {
              "batter": "JM Bairstow",
              "bowler": "TE Lawes",
              "non_striker": "SPD Smith",
              "runs": {
                "batter": 0,
                "extras": 0,
                "total": 0
              }
            }
          ]
        },
        {
          "over": 3,
          "deliveries": [
            {
              "batter": "JM Bairstow",
              "bowler": "Mohammad Amir",
              "non_striker": "SPD Smith",
              "runs": {
                "batter": 4,
                "extras": 0,
                "total": 4
              }
            },
            {
              "batter": "JM Bairstow",
              "bowler": "Mohammad Amir",
              "non_striker": "SPD Smith",
              "runs": {
                "batter": 1,
                "extras": 0,
                "total": 1
              }
            },
            {
              "batter": "SPD Smith",
              "bowler": "Mohammad Amir",
              "non_striker": "JM Bairstow",
              "runs": {
                "batter": 1,
                "extras": 0,
                "total": 1
              }
            },
            {
              "batter": "JM Bairstow",
              "bowler": "Mohammad Amir",
              "non_striker": "SPD Smith",
              "runs": {
                "batter": 4,
                "extras": 0,
                "total": 4
              }
            },
            {
              "batter": "JM Bairstow",
              "bowler": "Mohammad Amir",
              "non_striker": "SPD Smith",
              "runs": {
                "batter": 1,
                "extras": 0,
                "total": 1
              }
            }
          ]
        },
        {
          "over": 4,
          "deliveries": [
            {
              "batter": "JM Bairstow",
              "bowler": "MJ Potts",
              "non_striker": "SPD Smith",
              "runs": {
                "batter": 1,
                "extras": 0,
                "total": 1
              }
            },
            {
              "batter": "SPD Smith",
              "bowler": "MJ Potts",
              "non_striker": "JM Bairstow",
              "runs": {
                "batter": 0,
                "extras": 0,
                "total": 0
              }
            },
            {
              "batter": "SPD Smith",
              "bowler": "MJ Potts",
              "non_striker": "JM Bairstow",
              "runs": {
                "batter": 6,
                "extras": 0,
                "total": 6
              }
            },
            {
              "batter": "SPD Smith",
              "bowler": "MJ Potts",
              "non_striker": "JM Bairstow",
              "runs": {
                "batter": 4,
                "extras": 0,
                "total": 4
              }
            },
            {
              "batter": "SPD Smith",
              "bowler": "MJ Potts",
              "non_striker": "JM Bairstow",
              "runs": {
                "batter": 1,
                "extras": 0,
                "total": 1
              }
            }
          ]
        },
        {
          "over": 5,
          "deliveries": [
            {
              "batter": "JM Bairstow",
              "bowler": "AU Rashid",
              "non_striker": "SPD Smith",
              "runs": {
                "batter": 1,
                "extras": 0,
                "total": 1
              }
            },
            {
              "batter": "SPD Smith",
              "bowler": "AU Rashid",
              "non_striker": "JM Bairstow",
              "runs": {
                "batter": 1,
                "extras": 0,
                "total": 1
              }
            },
            {
              "batter": "JM Bairstow",
              "bowler": "AU Rashid",
              "non_striker": "SPD Smith",
              "runs": {
                "batter": 1,
                "extras": 0,
                "total": 1
              }
            },
            {
              "batter": "SPD Smith",
              "bowler": "AU Rashid",
              "non_striker": "JM Bairstow",
              "runs": {
                "batter": 2,
                "extras": 0,
                "total": 2
              }
            },
            {
              "batter": "SPD Smith",
              "bowler": "AU Rashid",
              "non_striker": "JM Bairstow",
              "runs": {
                "batter": 1,
                "extras": 0,
                "total": 1
              }
            }
          ]
        },
        {
          "over": 6,
          "deliveries": [
            {
              "batter": "SPD Smith",
              "bowler": "Imad Wasim",
              "non_striker": "JM Bairstow",
              "runs": {
                "batter": 2,
                "extras": 0,
                "total": 2
              }
            },
            {
              "batter": "SPD Smith",
              "bowler": "Imad Wasim",
              "non_striker": "JM Bairstow",
              "runs": {
                "batter": 1,
                "extras": 0,
                "total": 1
              }
            },
            {
              "batter": "JM Bairstow",
              "bowler": "Imad Wasim",
              "non_striker": "SPD Smith",
              "runs": {
                "batter": 4,
                "extras": 0,
                "total": 4
              }
            },
            {
              "batter": "JM Bairstow",
              "bowler": "Imad Wasim",
              "non_striker": "SPD Smith",
              "runs": {
                "batter": 1,
                "extras": 0,
                "total": 1
              }
            },
            {
              "batter": "SPD Smith",
              "bowler": "Imad Wasim",
              "non_striker": "JM Bairstow",
              "runs": {
                "batter": 1,
                "extras": 0,
                "total": 1
              }
            }
          ]
        },
        {
          "over": 7,
          "deliveries": [
            {
              "batter": "JM Bairstow",
              "bowler": "MJ Potts",
              "non_striker": "SPD Smith",
              "runs": {
                "batter": 1,
                "extras": 0,
                "total": 1
              }
            },
            {
              "batter": "SPD Smith",
              "bowler": "MJ Potts",
              "non_striker": "JM Bairstow",
              "runs": {
                "batter": 0,
                "extras": 0,
                "total": 0
              },
              "wickets": [
                {
                  "player_out": "SPD Smith",
                  "kind": "bowled"
                }
              ]
            },
            {
              "batter": "LWP Wells",
              "bowler": "MJ Potts",
              "non_striker": "JM Bairstow",
              "runs": {
                "batter": 0,
                "extras": 0,
                "total": 0
              },
              "wickets": [
                {
                  "player_out": "LWP Wells",
                  "fielders": [
                    {
                      "name": "MS Pepper"
                    }
                  ],
                  "kind": "caught"
                }
              ]
            },
            {
              "batter": "TB Abell",
              "bowler": "MJ Potts",
              "non_striker": "JM Bairstow",
              "runs": {
                "batter": 4,
                "extras": 0,
                "total": 4
              }
            },
            {
              "batter": "TB Abell",
              "bowler": "MJ Potts",
              "non_striker": "JM Bairstow",
              "runs": {
                "batter": 2,
                "extras": 0,
                "total": 2
              }
            }
          ]
        },
        {
          "over": 8,
          "deliveries": [
            {
              "batter": "JM Bairstow",
              "bowler": "AU Rashid",
              "non_striker": "TB Abell",
              "runs": {
                "batter": 2,
                "extras": 0,
                "total": 2
              }
            },
            {
              "batter": "JM Bairstow",
              "bowler": "AU Rashid",
              "non_striker": "TB Abell",
              "runs": {
                "batter": 4,
                "extras": 0,
                "total": 4
              }
            },
            {
              "batter": "JM Bairstow",
              "bowler": "AU Rashid",
              "non_striker": "TB Abell",
              "runs": {
                "batter": 4,
                "extras": 0,
                "total": 4
              }
            },
            {
              "batter": "JM Bairstow",
              "bowler": "AU Rashid",
              "non_striker": "TB Abell",
              "runs": {
                "batter": 0,
                "extras": 0,
                "total": 0
              },
              "wickets": [
                {
                  "player_out": "JM Bairstow",
                  "fielders": [
                    {
                      "name": "Z Crawley"
                    }
                  ],
                  "kind": "caught"
                }
              ]
            },
            {
              "batter": "T Kohler-Cadmore",
              "bowler": "AU Rashid",
              "non_striker": "TB Abell",
              "runs": {
                "batter": 0,
                "extras": 0,
                "total": 0
              }
            }
          ]
        },
        {
          "over": 9,
          "deliveries": [
            {
              "batter": "T Kohler-Cadmore",
              "bowler": "AU Rashid",
              "non_striker": "TB Abell",
              "runs": {
                "batter": 1,
                "extras": 0,
                "total": 1
              }
            },
            {
              "batter": "TB Abell",
              "bowler": "AU Rashid",
              "non_striker": "T Kohler-Cadmore",
              "runs": {
                "batter": 0,
                "extras": 0,
                "total": 0
              }
            },
            {
              "batter": "TB Abell",
              "bowler": "AU Rashid",
              "non_striker": "T Kohler-Cadmore",
              "runs": {
                "batter": 1,
                "extras": 0,
                "total": 1
              }
            },
            {
              "batter": "T Kohler-Cadmore",
              "bowler": "AU Rashid",
              "non_striker": "TB Abell",
              "runs": {
                "batter": 1,
                "extras": 0,
                "total": 1
              }
            },
            {
              "batter": "TB Abell",
              "bowler": "AU Rashid",
              "non_striker": "T Kohler-Cadmore",
              "runs": {
                "batter": 1,
                "extras": 0,
                "total": 1
              }
            }
          ]
        },
        {
          "over": 10,
          "deliveries": [
            {
              "batter": "TB Abell",
              "bowler": "Mohammad Amir",
              "non_striker": "T Kohler-Cadmore",
              "runs": {
                "batter": 0,
                "extras": 0,
                "total": 0
              }
            },
            {
              "batter": "TB Abell",
              "bowler": "Mohammad Amir",
              "non_striker": "T Kohler-Cadmore",
              "runs": {
                "batter": 4,
                "extras": 0,
                "total": 4
              }
            },
            {
              "batter": "TB Abell",
              "bowler": "Mohammad Amir",
              "non_striker": "T Kohler-Cadmore",
              "runs": {
                "batter": 1,
                "extras": 0,
                "total": 1
              }
            },
            {
              "batter": "T Kohler-Cadmore",
              "bowler": "Mohammad Amir",
              "non_striker": "TB Abell",
              "runs": {
                "batter": 0,
                "extras": 0,
                "total": 0
              }
            },
            {
              "batter": "T Kohler-Cadmore",
              "bowler": "Mohammad Amir",
              "non_striker": "TB Abell",
              "runs": {
                "batter": 2,
                "extras": 0,
                "total": 2
              }
            }
          ]
        },
        {
          "over": 11,
          "deliveries": [
            {
              "batter": "T Kohler-Cadmore",
              "bowler": "TE Lawes",
              "non_striker": "TB Abell",
              "runs": {
                "batter": 1,
                "extras": 0,
                "total": 1
              }
            },
            {
              "batter": "TB Abell",
              "bowler": "TE Lawes",
              "non_striker": "T Kohler-Cadmore",
              "runs": {
                "batter": 0,
                "extras": 0,
                "total": 0
              }
            },
            {
              "batter": "TB Abell",
              "bowler": "TE Lawes",
              "non_striker": "T Kohler-Cadmore",
              "runs": {
                "batter": 1,
                "extras": 0,
                "total": 1
              }
            },
            {
              "batter": "T Kohler-Cadmore",
              "bowler": "TE Lawes",
              "non_striker": "TB Abell",
              "runs": {
                "batter": 1,
                "extras": 0,
                "total": 1
              }
            },
            {
              "batter": "TB Abell",
              "bowler": "TE Lawes",
              "non_striker": "T Kohler-Cadmore",
              "runs": {
                "batter": 4,
                "extras": 0,
                "total": 4
              }
            }
          ]
        },
        {
          "over": 12,
          "deliveries": [
            {
              "batter": "T Kohler-Cadmore",
              "bowler": "Imad Wasim",
              "non_striker": "TB Abell",
              "runs": {
                "batter": 2,
                "extras": 0,
                "total": 2
              }
            },
            {
              "batter": "T Kohler-Cadmore",
              "bowler": "Imad Wasim",
              "non_striker": "TB Abell",
              "runs": {
                "batter": 1,
                "extras": 0,
                "total": 1
              },
              "wickets": [
                {
                  "player_out": "TB Abell",
                  "fielders": [
                    {
                      "name": "Z Crawley"
                    },
                    {
                      "name": "MS Pepper"
                    }
                  ],
                  "kind": "run out"
                }
              ]
            },
            {
              "batter": "SA Zaib",
              "bowler": "Imad Wasim",
              "non_striker": "T Kohler-Cadmore",
              "runs": {
                "batter": 1,
                "extras": 0,
                "total": 1
              }
            },
            {
              "batter": "T Kohler-Cadmore",
              "bowler": "Imad Wasim",
              "non_striker": "SA Zaib",
              "runs": {
                "batter": 0,
                "extras": 0,
                "total": 0
              }
            },
            {
              "batter": "T Kohler-Cadmore",
              "bowler": "Imad Wasim",
              "non_striker": "SA Zaib",
              "runs": {
                "batter": 1,
                "extras": 0,
                "total": 1
              }
            }
          ]
        },
        {
          "over": 13,
          "deliveries": [
            {
              "batter": "SA Zaib",
              "bowler": "TE Lawes",
              "non_striker": "T Kohler-Cadmore",
              "runs": {
                "batter": 1,
                "extras": 0,
                "total": 1
              }
            },
            {
              "batter": "T Kohler-Cadmore",
              "bowler": "TE Lawes",
              "non_striker": "SA Zaib",
              "runs": {
                "batter": 0,
                "extras": 0,
                "total": 0
              }
            },
            {
              "batter": "T Kohler-Cadmore",
              "bowler": "TE Lawes",
              "non_striker": "SA Zaib",
              "runs": {
                "batter": 0,
                "extras": 0,
                "total": 0
              },
              "wickets": [
                {
                  "player_out": "T Kohler-Cadmore",
                  "kind": "bowled"
                }
              ]
            },
            {
              "batter": "PI Walter",
              "bowler": "TE Lawes",
              "non_striker": "SA Zaib",
              "runs": {
                "batter": 1,
                "extras": 0,
                "total": 1
              }
            },
            {
              "batter": "SA Zaib",
              "bowler": "TE Lawes",
              "non_striker": "PI Walter",
              "runs": {
                "batter": 0,
                "extras": 0,
                "total": 0
              }
            }
          ]
        },
        {
          "over": 14,
          "deliveries": [
            {
              "batter": "PI Walter",
              "bowler": "DW Lawrence",
              "non_striker": "SA Zaib",
              "runs": {
                "batter": 2,
                "extras": 0,
                "total": 2
              }
            },
            {
              "batter": "PI Walter",
              "bowler": "DW Lawrence",
              "non_striker": "SA Zaib",
              "runs": {
                "batter": 2,
                "extras": 0,
                "total": 2
              }
            },
            {
              "batter": "PI Walter",
              "bowler": "DW Lawrence",
              "non_striker": "SA Zaib",
              "runs": {
                "batter": 1,
                "extras": 0,
                "total": 1
              }
            },
            {
              "batter": "SA Zaib",
              "bowler": "DW Lawrence",
              "non_striker": "PI Walter",
              "runs": {
                "batter": 1,
                "extras": 0,
                "total": 1
              }
            },
            {
              "batter": "PI Walter",
              "bowler": "DW Lawrence",
              "non_striker": "SA Zaib",
              "runs": {
                "batter": 1,
                "extras": 0,
                "total": 1
              }
            }
          ]
        },
        {
          "over": 15,
          "deliveries": [
            {
              "batter": "SA Zaib",
              "bowler": "DW Lawrence",
              "non_striker": "PI Walter",
              "runs": {
                "batter": 4,
                "extras": 0,
                "total": 4
              }
            },
            {
              "batter": "SA Zaib",
              "bowler": "DW Lawrence",
              "non_striker": "PI Walter",
              "review": {
                "by": "Northern Superchargers",
                "umpire": "James Middlebrook",
                "batter": "SA Zaib",
                "decision": "struck down"
              },
              "runs": {
                "batter": 0,
                "extras": 0,
                "total": 0
              }
            },
            {
              "batter": "SA Zaib",
              "bowler": "DW Lawrence",
              "non_striker": "PI Walter",
              "runs": {
                "batter": 1,
                "extras": 0,
                "total": 1
              }
            },
            {
              "batter": "PI Walter",
              "bowler": "DW Lawrence",
              "non_striker": "SA Zaib",
              "runs": {
                "batter": 6,
                "extras": 0,
                "total": 6
              }
            },
            {
              "batter": "PI Walter",
              "bowler": "DW Lawrence",
              "non_striker": "SA Zaib",
              "runs": {
                "batter": 1,
                "extras": 0,
                "total": 1
              }
            }
          ]
        },
        {
          "over": 16,
          "deliveries": [
            {
              "batter": "PI Walter",
              "bowler": "AU Rashid",
              "extras": {
                "wides": 1
              },
              "non_striker": "SA Zaib",
              "runs": {
                "batter": 0,
                "extras": 1,
                "total": 1
              }
            },
            {
              "batter": "PI Walter",
              "bowler": "AU Rashid",
              "non_striker": "SA Zaib",
              "runs": {
                "batter": 0,
                "extras": 0,
                "total": 0
              }
            },
            {
              "batter": "PI Walter",
              "bowler": "AU Rashid",
              "non_striker": "SA Zaib",
              "runs": {
                "batter": 1,
                "extras": 0,
                "total": 1
              }
            },
            {
              "batter": "SA Zaib",
              "bowler": "AU Rashid",
              "non_striker": "PI Walter",
              "runs": {
                "batter": 1,
                "extras": 0,
                "total": 1
              }
            },
            {
              "batter": "PI Walter",
              "bowler": "AU Rashid",
              "non_striker": "SA Zaib",
              "runs": {
                "batter": 0,
                "extras": 0,
                "total": 0
              },
              "wickets": [
                {
                  "player_out": "PI Walter",
                  "fielders": [
                    {
                      "name": "Z Crawley"
                    }
                  ],
                  "kind": "caught"
                }
              ]
            },
            {
              "batter": "CJ Green",
              "bowler": "AU Rashid",
              "non_striker": "SA Zaib",
              "runs": {
                "batter": 2,
                "extras": 0,
                "total": 2
              }
            }
          ]
        },
        {
          "over": 17,
          "deliveries": [
            {
              "batter": "CJ Green",
              "bowler": "Imad Wasim",
              "non_striker": "SA Zaib",
              "runs": {
                "batter": 1,
                "extras": 0,
                "total": 1
              }
            },
            {
              "batter": "SA Zaib",
              "bowler": "Imad Wasim",
              "non_striker": "CJ Green",
              "runs": {
                "batter": 4,
                "extras": 0,
                "total": 4
              }
            },
            {
              "batter": "SA Zaib",
              "bowler": "Imad Wasim",
              "non_striker": "CJ Green",
              "runs": {
                "batter": 0,
                "extras": 0,
                "total": 0
              },
              "wickets": [
                {
                  "player_out": "SA Zaib",
                  "fielders": [
                    {
                      "name": "HC Brook"
                    }
                  ],
                  "kind": "caught"
                }
              ]
            },
            {
              "batter": "DA Payne",
              "bowler": "Imad Wasim",
              "extras": {
                "wides": 1
              },
              "non_striker": "CJ Green",
              "runs": {
                "batter": 0,
                "extras": 1,
                "total": 1
              }
            },
            {
              "batter": "DA Payne",
              "bowler": "Imad Wasim",
              "non_striker": "CJ Green",
              "runs": {
                "batter": 0,
                "extras": 0,
                "total": 0
              }
            },
            {
              "batter": "DA Payne",
              "bowler": "Imad Wasim",
              "non_striker": "CJ Green",
              "runs": {
                "batter": 0,
                "extras": 0,
                "total": 0
              },
              "wickets": [
                {
                  "player_out": "DA Payne",
                  "kind": "bowled"
                }
              ]
            }
          ]
        },
        {
          "over": 18,
          "deliveries": [
            {
              "batter": "CJ Green",
              "bowler": "Mohammad Amir",
              "non_striker": "J Hull",
              "runs": {
                "batter": 0,
                "extras": 0,
                "total": 0
              }
            },
            {
              "batter": "CJ Green",
              "bowler": "Mohammad Amir",
              "non_striker": "J Hull",
              "runs": {
                "batter": 0,
                "extras": 0,
                "total": 0
              },
              "wickets": [
                {
                  "player_out": "CJ Green",
                  "fielders": [
                    {
                      "name": "DW Lawrence"
                    }
                  ],
                  "kind": "caught"
                }
              ]
            },
            {
              "batter": "RP Meredith",
              "bowler": "Mohammad Amir",
              "non_striker": "J Hull",
              "runs": {
                "batter": 1,
                "extras": 0,
                "total": 1
              }
            },
            {
              "batter": "J Hull",
              "bowler": "Mohammad Amir",
              "non_striker": "RP Meredith",
              "runs": {
                "batter": 1,
                "extras": 0,
                "total": 1
              }
            },
            {
              "batter": "RP Meredith",
              "bowler": "Mohammad Amir",
              "non_striker": "J Hull",
              "runs": {
                "batter": 1,
                "extras": 0,
                "total": 1
              }
            }
          ]
        },
        {
          "over": 19,
          "deliveries": [
            {
              "batter": "J Hull",
              "bowler": "MJ Potts",
              "non_striker": "RP Meredith",
              "runs": {
                "batter": 1,
                "extras": 0,
                "total": 1
              }
            },
            {
              "batter": "RP Meredith",
              "bowler": "MJ Potts",
              "non_striker": "J Hull",
              "runs": {
                "batter": 0,
                "extras": 0,
                "total": 0
              }
            },
            {
              "batter": "RP Meredith",
              "bowler": "MJ Potts",
              "non_striker": "J Hull",
              "runs": {
                "batter": 1,
                "extras": 0,
                "total": 1
              }
            },
            {
              "batter": "J Hull",
              "bowler": "MJ Potts",
              "non_striker": "RP Meredith",
              "runs": {
                "batter": 1,
                "extras": 0,
                "total": 1
              }
            },
            {
              "batter": "RP Meredith",
              "bowler": "MJ Potts",
              "non_striker": "J Hull",
              "runs": {
                "batter": 4,
                "extras": 0,
                "total": 4
              }
            }
          ]
        }
      ],
      "powerplays": [
        {
          "from": 0.1,
          "to": 4.5,
          "type": "mandatory"
        }
      ]
    },
    {
      "team": "Northern Superchargers",
      "overs": [
        {
          "over": 0,
          "deliveries": [
            {
              "batter": "Z Crawley",
              "bowler": "DA Payne",
              "non_striker": "DJ Malan",
              "runs": {
                "batter": 0,
                "extras": 0,
                "total": 0
              }
            },
            {
              "batter": "Z Crawley",
              "bowler": "DA Payne",
              "non_striker": "DJ Malan",
              "runs": {
                "batter": 1,
                "extras": 0,
                "total": 1
              }
            },
            {
              "batter": "DJ Malan",
              "bowler": "DA Payne",
              "non_striker": "Z Crawley",
              "runs": {
                "batter": 0,
                "extras": 0,
                "total": 0
              }
            },
            {
              "batter": "DJ Malan",
              "bowler": "DA Payne",
              "non_striker": "Z Crawley",
              "runs": {
                "batter": 0,
                "extras": 0,
                "total": 0
              }
            },
            {
              "batter": "DJ Malan",
              "bowler": "DA Payne",
              "non_striker": "Z Crawley",
              "runs": {
                "batter": 4,
                "extras": 0,
                "total": 4
              }
            }
          ]
        },
        {
          "over": 1,
          "deliveries": [
            {
              "batter": "DJ Malan",
              "bowler": "J Hull",
              "non_striker": "Z Crawley",
              "runs": {
                "batter": 1,
                "extras": 0,
                "total": 1
              }
            },
            {
              "batter": "Z Crawley",
              "bowler": "J Hull",
              "non_striker": "DJ Malan",
              "runs": {
                "batter": 6,
                "extras": 0,
                "total": 6
              }
            },
            {
              "batter": "Z Crawley",
              "bowler": "J Hull",
              "non_striker": "DJ Malan",
              "runs": {
                "batter": 1,
                "extras": 0,
                "total": 1
              }
            },
            {
              "batter": "DJ Malan",
              "bowler": "J Hull",
              "extras": {
                "wides": 1
              },
              "non_striker": "Z Crawley",
              "runs": {
                "batter": 0,
                "extras": 1,
                "total": 1
              }
            },
            {
              "batter": "DJ Malan",
              "bowler": "J Hull",
              "extras": {
                "legbyes": 1
              },
              "non_striker": "Z Crawley",
              "runs": {
                "batter": 0,
                "extras": 1,
                "total": 1
              }
            },
            {
              "batter": "Z Crawley",
              "bowler": "J Hull",
              "non_striker": "DJ Malan",
              "runs": {
                "batter": 4,
                "extras": 0,
                "total": 4
              }
            }
          ]
        },
        {
          "over": 2,
          "deliveries": [
            {
              "batter": "DJ Malan",
              "bowler": "DA Payne",
              "non_striker": "Z Crawley",
              "runs": {
                "batter": 0,
                "extras": 0,
                "total": 0
              }
            },
            {
              "batter": "DJ Malan",
              "bowler": "DA Payne",
              "non_striker": "Z Crawley",
              "runs": {
                "batter": 1,
                "extras": 0,
                "total": 1
              }
            },
            {
              "batter": "Z Crawley",
              "bowler": "DA Payne",
              "non_striker": "DJ Malan",
              "runs": {
                "batter": 1,
                "extras": 0,
                "total": 1
              }
            },
            {
              "batter": "DJ Malan",
              "bowler": "DA Payne",
              "non_striker": "Z Crawley",
              "runs": {
                "batter": 6,
                "extras": 0,
                "total": 6
              }
            },
            {
              "batter": "DJ Malan",
              "bowler": "DA Payne",
              "non_striker": "Z Crawley",
              "runs": {
                "batter": 4,
                "extras": 0,
                "total": 4
              }
            }
          ]
        },
        {
          "over": 3,
          "deliveries": [
            {
              "batter": "DJ Malan",
              "bowler": "CJ Green",
              "extras": {
                "wides": 1
              },
              "non_striker": "Z Crawley",
              "runs": {
                "batter": 0,
                "extras": 1,
                "total": 1
              }
            },
            {
              "batter": "DJ Malan",
              "bowler": "CJ Green",
              "non_striker": "Z Crawley",
              "runs": {
                "batter": 1,
                "extras": 0,
                "total": 1
              }
            },
            {
              "batter": "Z Crawley",
              "bowler": "CJ Green",
              "non_striker": "DJ Malan",
              "runs": {
                "batter": 1,
                "extras": 0,
                "total": 1
              }
            },
            {
              "batter": "DJ Malan",
              "bowler": "CJ Green",
              "non_striker": "Z Crawley",
              "runs": {
                "batter": 0,
                "extras": 0,
                "total": 0
              }
            },
            {
              "batter": "DJ Malan",
              "bowler": "CJ Green",
              "non_striker": "Z Crawley",
              "runs": {
                "batter": 0,
                "extras": 0,
                "total": 0
              }
            },
            {
              "batter": "DJ Malan",
              "bowler": "CJ Green",
              "non_striker": "Z Crawley",
              "runs": {
                "batter": 1,
                "extras": 0,
                "total": 1
              }
            }
          ]
        },
        {
          "over": 4,
          "deliveries": [
            {
              "batter": "DJ Malan",
              "bowler": "RP Meredith",
              "non_striker": "Z Crawley",
              "runs": {
                "batter": 4,
                "extras": 0,
                "total": 4
              }
            },
            {
              "batter": "DJ Malan",
              "bowler": "RP Meredith",
              "non_striker": "Z Crawley",
              "runs": {
                "batter": 0,
                "extras": 0,
                "total": 0
              }
            },
            {
              "batter": "DJ Malan",
              "bowler": "RP Meredith",
              "non_striker": "Z Crawley",
              "runs": {
                "batter": 6,
                "extras": 0,
                "total": 6
              }
            },
            {
              "batter": "DJ Malan",
              "bowler": "RP Meredith",
              "non_striker": "Z Crawley",
              "runs": {
                "batter": 1,
                "extras": 0,
                "total": 1
              }
            },
            {
              "batter": "Z Crawley",
              "bowler": "RP Meredith",
              "non_striker": "DJ Malan",
              "runs": {
                "batter": 6,
                "extras": 0,
                "total": 6
              }
            }
          ]
        },
        {
          "over": 5,
          "deliveries": [
            {
              "batter": "Z Crawley",
              "bowler": "PI Walter",
              "non_striker": "DJ Malan",
              "runs": {
                "batter": 0,
                "extras": 0,
                "total": 0
              }
            },
            {
              "batter": "Z Crawley",
              "bowler": "PI Walter",
              "non_striker": "DJ Malan",
              "runs": {
                "batter": 1,
                "extras": 0,
                "total": 1
              }
            },
            {
              "batter": "DJ Malan",
              "bowler": "PI Walter",
              "non_striker": "Z Crawley",
              "runs": {
                "batter": 1,
                "extras": 0,
                "total": 1
              }
            },
            {
              "batter": "Z Crawley",
              "bowler": "PI Walter",
              "non_striker": "DJ Malan",
              "runs": {
                "batter": 4,
                "extras": 0,
                "total": 4
              }
            },
            {
              "batter": "Z Crawley",
              "bowler": "PI Walter",
              "extras": {
                "wides": 1
              },
              "non_striker": "DJ Malan",
              "runs": {
                "batter": 0,
                "extras": 1,
                "total": 1
              }
            },
            {
              "batter": "Z Crawley",
              "bowler": "PI Walter",
              "non_striker": "DJ Malan",
              "runs": {
                "batter": 1,
                "extras": 0,
                "total": 1
              }
            }
          ]
        },
        {
          "over": 6,
          "deliveries": [
            {
              "batter": "Z Crawley",
              "bowler": "CJ Green",
              "non_striker": "DJ Malan",
              "runs": {
                "batter": 1,
                "extras": 0,
                "total": 1
              }
            },
            {
              "batter": "DJ Malan",
              "bowler": "CJ Green",
              "extras": {
                "wides": 1
              },
              "non_striker": "Z Crawley",
              "runs": {
                "batter": 0,
                "extras": 1,
                "total": 1
              }
            },
            {
              "batter": "DJ Malan",
              "bowler": "CJ Green",
              "non_striker": "Z Crawley",
              "runs": {
                "batter": 0,
                "extras": 0,
                "total": 0
              }
            },
            {
              "batter": "DJ Malan",
              "bowler": "CJ Green",
              "extras": {
                "wides": 1
              },
              "non_striker": "Z Crawley",
              "runs": {
                "batter": 0,
                "extras": 1,
                "total": 1
              }
            },
            {
              "batter": "DJ Malan",
              "bowler": "CJ Green",
              "non_striker": "Z Crawley",
              "review": {
                "by": "Welsh Fire",
                "umpire": "James Middlebrook",
                "batter": "DJ Malan",
                "decision": "struck down"
              },
              "runs": {
                "batter": 0,
                "extras": 0,
                "total": 0
              }
            },
            {
              "batter": "DJ Malan",
              "bowler": "CJ Green",
              "non_striker": "Z Crawley",
              "runs": {
                "batter": 1,
                "extras": 0,
                "total": 1
              }
            },
            {
              "batter": "Z Crawley",
              "bowler": "CJ Green",
              "non_striker": "DJ Malan",
              "runs": {
                "batter": 4,
                "extras": 0,
                "total": 4
              }
            }
          ]
        },
        {
          "over": 7,
          "deliveries": [
            {
              "batter": "Z Crawley",
              "bowler": "LWP Wells",
              "non_striker": "DJ Malan",
              "runs": {
                "batter": 6,
                "extras": 0,
                "total": 6
              }
            },
            {
              "batter": "Z Crawley",
              "bowler": "LWP Wells",
              "non_striker": "DJ Malan",
              "runs": {
                "batter": 0,
                "extras": 0,
                "total": 0
              }
            },
            {
              "batter": "Z Crawley",
              "bowler": "LWP Wells",
              "non_striker": "DJ Malan",
              "runs": {
                "batter": 1,
                "extras": 0,
                "total": 1
              }
            },
            {
              "batter": "DJ Malan",
              "bowler": "LWP Wells",
              "non_striker": "Z Crawley",
              "runs": {
                "batter": 0,
                "extras": 0,
                "total": 0
              }
            },
            {
              "batter": "DJ Malan",
              "bowler": "LWP Wells",
              "non_striker": "Z Crawley",
              "runs": {
                "batter": 1,
                "extras": 0,
                "total": 1
              }
            }
          ]
        },
        {
          "over": 8,
          "deliveries": [
            {
              "batter": "DJ Malan",
              "bowler": "PI Walter",
              "non_striker": "Z Crawley",
              "runs": {
                "batter": 2,
                "extras": 0,
                "total": 2
              }
            },
            {
              "batter": "DJ Malan",
              "bowler": "PI Walter",
              "non_striker": "Z Crawley",
              "runs": {
                "batter": 1,
                "extras": 0,
                "total": 1
              }
            },
            {
              "batter": "Z Crawley",
              "bowler": "PI Walter",
              "non_striker": "DJ Malan",
              "runs": {
                "batter": 1,
                "extras": 0,
                "total": 1
              }
            },
            {
              "batter": "DJ Malan",
              "bowler": "PI Walter",
              "non_striker": "Z Crawley",
              "runs": {
                "batter": 4,
                "extras": 0,
                "total": 4
              }
            },
            {
              "batter": "DJ Malan",
              "bowler": "PI Walter",
              "non_striker": "Z Crawley",
              "runs": {
                "batter": 1,
                "extras": 0,
                "total": 1
              }
            }
          ]
        },
        {
          "over": 9,
          "deliveries": [
            {
              "batter": "Z Crawley",
              "bowler": "SA Zaib",
              "non_striker": "DJ Malan",
              "runs": {
                "batter": 2,
                "extras": 0,
                "total": 2
              }
            },
            {
              "batter": "Z Crawley",
              "bowler": "SA Zaib",
              "non_striker": "DJ Malan",
              "runs": {
                "batter": 1,
                "extras": 0,
                "total": 1
              }
            },
            {
              "batter": "DJ Malan",
              "bowler": "SA Zaib",
              "non_striker": "Z Crawley",
              "runs": {
                "batter": 1,
                "extras": 0,
                "total": 1
              }
            },
            {
              "batter": "Z Crawley",
              "bowler": "SA Zaib",
              "non_striker": "DJ Malan",
              "runs": {
                "batter": 0,
                "extras": 0,
                "total": 0
              }
            },
            {
              "batter": "Z Crawley",
              "bowler": "SA Zaib",
              "non_striker": "DJ Malan",
              "runs": {
                "batter": 1,
                "extras": 0,
                "total": 1
              }
            }
          ]
        },
        {
          "over": 10,
          "deliveries": [
            {
              "batter": "Z Crawley",
              "bowler": "RP Meredith",
              "non_striker": "DJ Malan",
              "runs": {
                "batter": 1,
                "extras": 0,
                "total": 1
              }
            },
            {
              "batter": "DJ Malan",
              "bowler": "RP Meredith",
              "non_striker": "Z Crawley",
              "runs": {
                "batter": 0,
                "extras": 0,
                "total": 0
              },
              "wickets": [
                {
                  "player_out": "DJ Malan",
                  "fielders": [
                    {
                      "name": "DA Payne"
                    }
                  ],
                  "kind": "caught"
                }
              ]
            },
            {
              "batter": "MS Pepper",
              "bowler": "RP Meredith",
              "extras": {
                "wides": 1
              },
              "non_striker": "Z Crawley",
              "runs": {
                "batter": 0,
                "extras": 1,
                "total": 1
              }
            },
            {
              "batter": "MS Pepper",
              "bowler": "RP Meredith",
              "extras": {
                "wides": 1
              },
              "non_striker": "Z Crawley",
              "runs": {
                "batter": 0,
                "extras": 1,
                "total": 1
              }
            },
            {
              "batter": "MS Pepper",
              "bowler": "RP Meredith",
              "non_striker": "Z Crawley",
              "runs": {
                "batter": 1,
                "extras": 0,
                "total": 1
              }
            },
            {
              "batter": "Z Crawley",
              "bowler": "RP Meredith",
              "non_striker": "MS Pepper",
              "runs": {
                "batter": 1,
                "extras": 0,
                "total": 1
              }
            },
            {
              "batter": "MS Pepper",
              "bowler": "RP Meredith",
              "non_striker": "Z Crawley",
              "runs": {
                "batter": 0,
                "extras": 0,
                "total": 0
              }
            }
          ]
        },
        {
          "over": 11,
          "deliveries": [
            {
              "batter": "MS Pepper",
              "bowler": "J Hull",
              "non_striker": "Z Crawley",
              "runs": {
                "batter": 1,
                "extras": 0,
                "total": 1
              }
            },
            {
              "batter": "Z Crawley",
              "bowler": "J Hull",
              "non_striker": "MS Pepper",
              "runs": {
                "batter": 1,
                "extras": 0,
                "total": 1
              }
            },
            {
              "batter": "MS Pepper",
              "bowler": "J Hull",
              "non_striker": "Z Crawley",
              "runs": {
                "batter": 1,
                "extras": 0,
                "total": 1
              }
            },
            {
              "batter": "Z Crawley",
              "bowler": "J Hull",
              "non_striker": "MS Pepper",
              "runs": {
                "batter": 1,
                "extras": 0,
                "total": 1
              }
            },
            {
              "batter": "MS Pepper",
              "bowler": "J Hull",
              "non_striker": "Z Crawley",
              "runs": {
                "batter": 1,
                "extras": 0,
                "total": 1
              }
            }
          ]
        },
        {
          "over": 12,
          "deliveries": [
            {
              "batter": "MS Pepper",
              "bowler": "RP Meredith",
              "non_striker": "Z Crawley",
              "runs": {
                "batter": 0,
                "extras": 0,
                "total": 0
              }
            },
            {
              "batter": "MS Pepper",
              "bowler": "RP Meredith",
              "non_striker": "Z Crawley",
              "review": {
                "by": "Northern Superchargers",
                "umpire": "DJ Millns",
                "batter": "MS Pepper",
                "decision": "struck down"
              },
              "runs": {
                "batter": 0,
                "extras": 0,
                "total": 0
              },
              "wickets": [
                {
                  "player_out": "MS Pepper",
                  "kind": "lbw"
                }
              ]
            },
            {
              "batter": "HC Brook",
              "bowler": "RP Meredith",
              "non_striker": "Z Crawley",
              "runs": {
                "batter": 6,
                "extras": 0,
                "total": 6
              }
            },
            {
              "batter": "HC Brook",
              "bowler": "RP Meredith",
              "non_striker": "Z Crawley",
              "runs": {
                "batter": 0,
                "extras": 0,
                "total": 0
              }
            },
            {
              "batter": "HC Brook",
              "bowler": "RP Meredith",
              "non_striker": "Z Crawley",
              "runs": {
                "batter": 0,
                "extras": 0,
                "total": 0
              }
            }
          ]
        },
        {
          "over": 13,
          "deliveries": [
            {
              "batter": "HC Brook",
              "bowler": "CJ Green",
              "non_striker": "Z Crawley",
              "runs": {
                "batter": 1,
                "extras": 0,
                "total": 1
              }
            },
            {
              "batter": "Z Crawley",
              "bowler": "CJ Green",
              "non_striker": "HC Brook",
              "runs": {
                "batter": 1,
                "extras": 0,
                "total": 1
              }
            },
            {
              "batter": "HC Brook",
              "bowler": "CJ Green",
              "non_striker": "Z Crawley",
              "runs": {
                "batter": 1,
                "extras": 0,
                "total": 1
              }
            },
            {
              "batter": "Z Crawley",
              "bowler": "CJ Green",
              "extras": {
                "legbyes": 1
              },
              "non_striker": "HC Brook",
              "runs": {
                "batter": 0,
                "extras": 1,
                "total": 1
              }
            },
            {
              "batter": "HC Brook",
              "bowler": "CJ Green",
              "non_striker": "Z Crawley",
              "runs": {
                "batter": 1,
                "extras": 0,
                "total": 1
              }
            }
          ]
        },
        {
          "over": 14,
          "deliveries": [
            {
              "batter": "HC Brook",
              "bowler": "J Hull",
              "non_striker": "Z Crawley",
              "runs": {
                "batter": 1,
                "extras": 0,
                "total": 1
              }
            },
            {
              "batter": "Z Crawley",
              "bowler": "J Hull",
              "non_striker": "HC Brook",
              "runs": {
                "batter": 6,
                "extras": 0,
                "total": 6
              }
            },
            {
              "batter": "Z Crawley",
              "bowler": "J Hull",
              "extras": {
                "legbyes": 1
              },
              "non_striker": "HC Brook",
              "runs": {
                "batter": 0,
                "extras": 1,
                "total": 1
              }
            },
            {
              "batter": "HC Brook",
              "bowler": "J Hull",
              "non_striker": "Z Crawley",
              "runs": {
                "batter": 0,
                "extras": 0,
                "total": 0
              }
            },
            {
              "batter": "HC Brook",
              "bowler": "J Hull",
              "non_striker": "Z Crawley",
              "runs": {
                "batter": 1,
                "extras": 0,
                "total": 1
              }
            }
          ]
        },
        {
          "over": 15,
          "deliveries": [
            {
              "batter": "Z Crawley",
              "bowler": "RP Meredith",
              "non_striker": "HC Brook",
              "runs": {
                "batter": 1,
                "extras": 0,
                "total": 1
              }
            },
            {
              "batter": "HC Brook",
              "bowler": "RP Meredith",
              "non_striker": "Z Crawley",
              "runs": {
                "batter": 1,
                "extras": 0,
                "total": 1
              }
            },
            {
              "batter": "Z Crawley",
              "bowler": "RP Meredith",
              "non_striker": "HC Brook",
              "runs": {
                "batter": 1,
                "extras": 0,
                "total": 1
              }
            },
            {
              "batter": "HC Brook",
              "bowler": "RP Meredith",
              "non_striker": "Z Crawley",
              "runs": {
                "batter": 1,
                "extras": 0,
                "total": 1
              }
            },
            {
              "batter": "Z Crawley",
              "bowler": "RP Meredith",
              "non_striker": "HC Brook",
              "runs": {
                "batter": 1,
                "extras": 0,
                "total": 1
              }
            }
          ]
        },
        {
          "over": 16,
          "deliveries": [
            {
              "batter": "Z Crawley",
              "bowler": "DA Payne",
              "non_striker": "HC Brook",
              "runs": {
                "batter": 4,
                "extras": 0,
                "total": 4
              }
            },
            {
              "batter": "Z Crawley",
              "bowler": "DA Payne",
              "non_striker": "HC Brook",
              "runs": {
                "batter": 0,
                "extras": 0,
                "total": 0
              }
            },
            {
              "batter": "Z Crawley",
              "bowler": "DA Payne",
              "non_striker": "HC Brook",
              "runs": {
                "batter": 1,
                "extras": 0,
                "total": 1
              }
            },
            {
              "batter": "HC Brook",
              "bowler": "DA Payne",
              "non_striker": "Z Crawley",
              "runs": {
                "batter": 4,
                "extras": 0,
                "total": 4
              }
            },
            {
              "batter": "HC Brook",
              "bowler": "DA Payne",
              "non_striker": "Z Crawley",
              "runs": {
                "batter": 6,
                "extras": 0,
                "total": 6
              }
            }
          ]
        },
        {
          "over": 17,
          "deliveries": [
            {
              "batter": "HC Brook",
              "bowler": "CJ Green",
              "non_striker": "Z Crawley",
              "runs": {
                "batter": 1,
                "extras": 0,
                "total": 1
              }
            },
            {
              "batter": "Z Crawley",
              "bowler": "CJ Green",
              "non_striker": "HC Brook",
              "runs": {
                "batter": 1,
                "extras": 0,
                "total": 1
              }
            },
            {
              "batter": "HC Brook",
              "bowler": "CJ Green",
              "non_striker": "Z Crawley",
              "runs": {
                "batter": 1,
                "extras": 0,
                "total": 1
              }
            },
            {
              "batter": "Z Crawley",
              "bowler": "CJ Green",
              "non_striker": "HC Brook",
              "runs": {
                "batter": 4,
                "extras": 0,
                "total": 4
              }
            }
          ]
        }
      ],
      "powerplays": [
        {
          "from": 0.1,
          "to": 4.5,
          "type": "mandatory"
        }
      ],
      "target": {
        "overs": 20,
        "runs": 144
      }
    }
  ]
}