{
  "meta": {
    "data_version": "1.1.0",
    "created": "2025-08-24",
    "revision": 1
  },
  "info": {
    "balls_per_over": 5,
    "city": "Cardiff",
    "dates": [
      "2025-08-24"
    ],
    "event": {
      "name": "The Hundred Men's Competition",
      "match_number": 27
    },
    "gender": "male",
    "match_type": "T20",
    "officials": {
      "match_referees": [
        "PM Such"
      ],
      "reserve_umpires": [
        "JD Shantry"
      ],
      "tv_umpires": [
        "DJ Millns"
      ],
      "umpires": [
        "BJ Debenham",
        "M Burns"
      ]
    },
    "outcome": {
      "winner": "Trent Rockets",
      "by": {
        "wickets": 3
      }
    },
    "overs": 20,
    "player_of_match": [
      "JE Root"
    ],
    "players": {
      "Welsh Fire": [
        "SS Eskinazi",
        "SPD Smith",
        "JM Bairstow",
        "TB Abell",
        "T Kohler-Cadmore",
        "BI Kellaway",
        "CJ Green",
        "SA Zaib",
        "DA Payne",
        "J Hull",
        "RP Meredith"
      ],
      "Trent Rockets": [
        "T Banton",
        "JE Root",
        "Rehan Ahmed",
        "MDE Holden",
        "TJ Moores",
        "GF Linde",
        "MP Stoinis",
        "DJ Willey",
        "SR Hain",
        "SJ Cook",
        "LH Ferguson"
      ]
    },
    "registry": {
      "people": {
        "BI Kellaway": "eafe8a94",
        "BJ Debenham": "524a3a82",
        "CJ Green": "19b9f399",
        "DA Payne": "6c79c098",
        "DJ Millns": "46ecfe40",
        "DJ Willey": "7f048519",
        "GF Linde": "e5437608",
        "J Hull": "1cc0a83d",
        "JD Shantry": "70fdd428",
        "JE Root": "a343262c",
        "JM Bairstow": "abb83e27",
        "LH Ferguson": "2f9d0389",
        "LWP Wells": "1957c6b7",
        "M Burns": "b3bd0666",
        "MDE Holden": "d34a2268",
        "MP Stoinis": "d9273ee7",
        "PM Such": "c9f1892c",
        "RP Meredith": "64775749",
        "Rehan Ahmed": "0ecb4de6",
        "SA Zaib": "ab01e323",
        "SJ Cook": "679cd31e",
        "SPD Smith": "30a45b23",
        "SR Hain": "67b9536c",
        "SS Eskinazi": "75cbed9b",
        "T Banton": "25f7b7d6",
        "T Kohler-Cadmore": "f836b33d",
        "TB Abell": "ba9258a7",
        "TJ Moores": "85dcb721"
      }
    },
    "season": "2025",
    "team_type": "club",
    "teams": [
      "Welsh Fire",
      "Trent Rockets"
    ],
    "toss": {
      "decision": "field",
      "winner": "Trent Rockets"
    },
    "venue": "Sophia Gardens, Cardiff"
  },
  "innings": [
    {
      "team": "Welsh Fire",
      "overs": [
        {
          "over": 0,
          "deliveries": [
            {
              "batter": "SS Eskinazi",
              "bowler": "DJ Willey",
              "non_striker": "SPD Smith",
              "runs": {
                "batter": 0,
                "extras": 0,
                "total": 0
              }
            },
            {
              "batter": "SS Eskinazi",
              "bowler": "DJ Willey",
              "non_striker": "SPD Smith",
              "runs": {
                "batter": 0,
                "extras": 0,
                "total": 0
              }
            },
            {
              "batter": "SS Eskinazi",
              "bowler": "DJ Willey",
              "non_striker": "SPD Smith",
              "runs": {
                "batter": 0,
                "extras": 0,
                "total": 0
              }
            },
            {
              "batter": "SS Eskinazi",
              "bowler": "DJ Willey",
              "non_striker": "SPD Smith",
              "runs": {
                "batter": 1,
                "extras": 0,
                "total": 1
              }
            },
            {
              "batter": "SPD Smith",
              "bowler": "DJ Willey",
              "non_striker": "SS Eskinazi",
              "runs": {
                "batter": 1,
                "extras": 0,
                "total": 1
              }
            }
          ]
        },
        {
          "over": 1,
          "deliveries": [
            {
              "batter": "SS Eskinazi",
              "bowler": "DJ Willey",
              "non_striker": "SPD Smith",
              "runs": {
                "batter": 0,
                "extras": 0,
                "total": 0
              }
            },
            {
              "batter": "SS Eskinazi",
              "bowler": "DJ Willey",
              "extras": {
                "wides": 2
              },
              "non_striker": "SPD Smith",
              "runs": {
                "batter": 0,
                "extras": 2,
                "total": 2
              }
            },
            {
              "batter": "SPD Smith",
              "bowler": "DJ Willey",
              "non_striker": "SS Eskinazi",
              "runs": {
                "batter": 1,
                "extras": 0,
                "total": 1
              }
            },
            {
              "batter": "SS Eskinazi",
              "bowler": "DJ Willey",
              "non_striker": "SPD Smith",
              "runs": {
                "batter": 6,
                "extras": 0,
                "total": 6
              }
            },
            {
              "batter": "SS Eskinazi",
              "bowler": "DJ Willey",
              "extras": {
                "wides": 1
              },
              "non_striker": "SPD Smith",
              "runs": {
                "batter": 0,
                "extras": 1,
                "total": 1
              }
            },
            {
              "batter": "SS Eskinazi",
              "bowler": "DJ Willey",
              "non_striker": "SPD Smith",
              "runs": {
                "batter": 0,
                "extras": 0,
                "total": 0
              }
            },
            {
              "batter": "SS Eskinazi",
              "bowler": "DJ Willey",
              "non_striker": "SPD Smith",
              "runs": {
                "batter": 0,
                "extras": 0,
                "total": 0
              }
            }
          ]
        },
        {
          "over": 2,
          "deliveries": [
            {
              "batter": "SPD Smith",
              "bowler": "SJ Cook",
              "extras": {
                "wides": 1
              },
              "non_striker": "SS Eskinazi",
              "runs": {
                "batter": 0,
                "extras": 1,
                "total": 1
              }
            },
            {
              "batter": "SPD Smith",
              "bowler": "SJ Cook",
              "non_striker": "SS Eskinazi",
              "runs": {
                "batter": 4,
                "extras": 0,
                "total": 4
              }
            },
            {
              "batter": "SPD Smith",
              "bowler": "SJ Cook",
              "non_striker": "SS Eskinazi",
              "runs": {
                "batter": 2,
                "extras": 0,
                "total": 2
              }
            },
            {
              "batter": "SPD Smith",
              "bowler": "SJ Cook",
              "non_striker": "SS Eskinazi",
              "runs": {
                "batter": 0,
                "extras": 0,
                "total": 0
              }
            },
            {
              "batter": "SPD Smith",
              "bowler": "SJ Cook",
              "non_striker": "SS Eskinazi",
              "runs": {
                "batter": 0,
                "extras": 0,
                "total": 0
              }
            },
            {
              "batter": "SPD Smith",
              "bowler": "SJ Cook",
              "non_striker": "SS Eskinazi",
              "runs": {
                "batter": 0,
                "extras": 0,
                "total": 0
              },
              "wickets": [
                {
                  "player_out": "SPD Smith",
                  "fielders": [
                    {
                      "name": "TJ Moores"
                    }
                  ],
                  "kind": "caught"
                }
              ]
            }
          ]
        },
        {
          "over": 3,
          "deliveries": [
            {
              "batter": "JM Bairstow",
              "bowler": "SJ Cook",
              "non_striker": "SS Eskinazi",
              "runs": {
                "batter": 0,
                "extras": 0,
                "total": 0
              }
            },
            {
              "batter": "JM Bairstow",
              "bowler": "SJ Cook",
              "non_striker": "SS Eskinazi",
              "runs": {
                "batter": 1,
                "extras": 0,
                "total": 1
              }
            },
            {
              "batter": "SS Eskinazi",
              "bowler": "SJ Cook",
              "extras": {
                "wides": 1
              },
              "non_striker": "JM Bairstow",
              "runs": {
                "batter": 0,
                "extras": 1,
                "total": 1
              }
            },
            {
              "batter": "SS Eskinazi",
              "bowler": "SJ Cook",
              "non_striker": "JM Bairstow",
              "runs": {
                "batter": 1,
                "extras": 0,
                "total": 1
              }
            },
            {
              "batter": "JM Bairstow",
              "bowler": "SJ Cook",
              "extras": {
                "legbyes": 1
              },
              "non_striker": "SS Eskinazi",
              "runs": {
                "batter": 0,
                "extras": 1,
                "total": 1
              }
            },
            {
              "batter": "SS Eskinazi",
              "bowler": "SJ Cook",
              "non_striker": "JM Bairstow",
              "runs": {
                "batter": 0,
                "extras": 0,
                "total": 0
              }
            }
          ]
        },
        {
          "over": 4,
          "deliveries": [
            {
              "batter": "JM Bairstow",
              "bowler": "LH Ferguson",
              "non_striker": "SS Eskinazi",
              "runs": {
                "batter": 0,
                "extras": 0,
                "total": 0
              }
            },
            {
              "batter": "JM Bairstow",
              "bowler": "LH Ferguson",
              "non_striker": "SS Eskinazi",
              "runs": {
                "batter": 0,
                "extras": 0,
                "total": 0
              }
            },
            {
              "batter": "JM Bairstow",
              "bowler": "LH Ferguson",
              "non_striker": "SS Eskinazi",
              "runs": {
                "batter": 1,
                "extras": 0,
                "total": 1
              }
            },
            {
              "batter": "SS Eskinazi",
              "bowler": "LH Ferguson",
              "non_striker": "JM Bairstow",
              "runs": {
                "batter": 0,
                "extras": 0,
                "total": 0
              }
            },
            {
              "batter": "SS Eskinazi",
              "bowler": "LH Ferguson",
              "non_striker": "JM Bairstow",
              "runs": {
                "batter": 0,
                "extras": 0,
                "total": 0
              }
            }
          ]
        },
        {
          "over": 5,
          "deliveries": [
            {
              "batter": "SS Eskinazi",
              "bowler": "MP Stoinis",
              "non_striker": "JM Bairstow",
              "runs": {
                "batter": 1,
                "extras": 0,
                "total": 1
              }
            },
            {
              "batter": "JM Bairstow",
              "bowler": "MP Stoinis",
              "non_striker": "SS Eskinazi",
              "runs": {
                "batter": 0,
                "extras": 0,
                "total": 0
              }
            },
            {
              "batter": "JM Bairstow",
              "bowler": "MP Stoinis",
              "non_striker": "SS Eskinazi",
              "runs": {
                "batter": 1,
                "extras": 0,
                "total": 1
              }
            },
            {
              "batter": "SS Eskinazi",
              "bowler": "MP Stoinis",
              "non_striker": "JM Bairstow",
              "runs": {
                "batter": 1,
                "extras": 0,
                "total": 1
              }
            },
            {
              "batter": "JM Bairstow",
              "bowler": "MP Stoinis",
              "non_striker": "SS Eskinazi",
              "runs": {
                "batter": 1,
                "extras": 0,
                "total": 1
              }
            }
          ]
        },
        {
          "over": 6,
          "deliveries": [
            {
              "batter": "JM Bairstow",
              "bowler": "DJ Willey",
              "extras": {
                "legbyes": 1
              },
              "non_striker": "SS Eskinazi",
              "runs": {
                "batter": 0,
                "extras": 1,
                "total": 1
              }
            },
            {
              "batter": "SS Eskinazi",
              "bowler": "DJ Willey",
              "non_striker": "JM Bairstow",
              "runs": {
                "batter": 0,
                "extras": 0,
                "total": 0
              }
            },
            {
              "batter": "SS Eskinazi",
              "bowler": "DJ Willey",
              "non_striker": "JM Bairstow",
              "runs": {
                "batter": 1,
                "extras": 0,
                "total": 1
              }
            },
            {
              "batter": "JM Bairstow",
              "bowler": "DJ Willey",
              "non_striker": "SS Eskinazi",
              "runs": {
                "batter": 0,
                "extras": 0,
                "total": 0
              }
            },
            {
              "batter": "JM Bairstow",
              "bowler": "DJ Willey",
              "non_striker": "SS Eskinazi",
              "runs": {
                "batter": 4,
                "extras": 0,
                "total": 4
              }
            }
          ]
        },
        {
          "over": 7,
          "deliveries": [
            {
              "batter": "JM Bairstow",
              "bowler": "SJ Cook",
              "non_striker": "SS Eskinazi",
              "runs": {
                "batter": 0,
                "extras": 0,
                "total": 0
              },
              "wickets": [
                {
                  "player_out": "JM Bairstow",
                  "fielders": [
                    {
                      "name": "LH Ferguson"
                    }
                  ],
                  "kind": "caught"
                }
              ]
            },
            {
              "batter": "TB Abell",
              "bowler": "SJ Cook",
              "non_striker": "SS Eskinazi",
              "runs": {
                "batter": 0,
                "extras": 0,
                "total": 0
              }
            },
            {
              "batter": "TB Abell",
              "bowler": "SJ Cook",
              "non_striker": "SS Eskinazi",
              "runs": {
                "batter": 1,
                "extras": 0,
                "total": 1
              }
            },
            {
              "batter": "SS Eskinazi",
              "bowler": "SJ Cook",
              "non_striker": "TB Abell",
              "runs": {
                "batter": 1,
                "extras": 0,
                "total": 1
              }
            },
            {
              "batter": "TB Abell",
              "bowler": "SJ Cook",
              "extras": {
                "wides": 1
              },
              "non_striker": "SS Eskinazi",
              "runs": {
                "batter": 0,
                "extras": 1,
                "total": 1
              }
            },
            {
              "batter": "TB Abell",
              "bowler": "SJ Cook",
              "non_striker": "SS Eskinazi",
              "runs": {
                "batter": 4,
                "extras": 0,
                "total": 4
              }
            }
          ]
        },
        {
          "over": 8,
          "deliveries": [
            {
              "batter": "SS Eskinazi",
              "bowler": "MP Stoinis",
              "non_striker": "TB Abell",
              "runs": {
                "batter": 1,
                "extras": 0,
                "total": 1
              }
            },
            {
              "batter": "TB Abell",
              "bowler": "MP Stoinis",
              "non_striker": "SS Eskinazi",
              "review": {
                "by": "Welsh Fire",
                "umpire": "BJ Debenham",
                "batter": "TB Abell",
                "decision": "upheld",
                "type": "wicket"
              },
              "runs": {
                "batter": 0,
                "extras": 0,
                "total": 0
              }
            },
            {
              "batter": "TB Abell",
              "bowler": "MP Stoinis",
              "non_striker": "SS Eskinazi",
              "runs": {
                "batter": 0,
                "extras": 0,
                "total": 0
              }
            },
            {
              "batter": "TB Abell",
              "bowler": "MP Stoinis",
              "non_striker": "SS Eskinazi",
              "runs": {
                "batter": 1,
                "extras": 0,
                "total": 1
              }
            },
            {
              "batter": "SS Eskinazi",
              "bowler": "MP Stoinis",
              "non_striker": "TB Abell",
              "runs": {
                "batter": 4,
                "extras": 0,
                "total": 4
              }
            }
          ]
        },
        {
          "over": 9,
          "deliveries": [
            {
              "batter": "SS Eskinazi",
              "bowler": "GF Linde",
              "non_striker": "TB Abell",
              "runs": {
                "batter": 0,
                "extras": 0,
                "total": 0
              }
            },
            {
              "batter": "SS Eskinazi",
              "bowler": "GF Linde",
              "non_striker": "TB Abell",
              "runs": {
                "batter": 1,
                "extras": 0,
                "total": 1
              }
            },
            {
              "batter": "TB Abell",
              "bowler": "GF Linde",
              "non_striker": "SS Eskinazi",
              "runs": {
                "batter": 2,
                "extras": 0,
                "total": 2
              }
            },
            {
              "batter": "TB Abell",
              "bowler": "GF Linde",
              "non_striker": "SS Eskinazi",
              "runs": {
                "batter": 1,
                "extras": 0,
                "total": 1
              }
            },
            {
              "batter": "SS Eskinazi",
              "bowler": "GF Linde",
              "non_striker": "TB Abell",
              "runs": {
                "batter": 0,
                "extras": 0,
                "total": 0
              }
            }
          ]
        },
        {
          "over": 10,
          "deliveries": [
            {
              "batter": "TB Abell",
              "bowler": "Rehan Ahmed",
              "non_striker": "SS Eskinazi",
              "runs": {
                "batter": 1,
                "extras": 0,
                "total": 1
              }
            },
            {
              "batter": "SS Eskinazi",
              "bowler": "Rehan Ahmed",
              "non_striker": "TB Abell",
              "runs": {
                "batter": 1,
                "extras": 0,
                "total": 1
              }
            },
            {
              "batter": "TB Abell",
              "bowler": "Rehan Ahmed",
              "non_striker": "SS Eskinazi",
              "runs": {
                "batter": 1,
                "extras": 0,
                "total": 1
              }
            },
            {
              "batter": "SS Eskinazi",
              "bowler": "Rehan Ahmed",
              "non_striker": "TB Abell",
              "runs": {
                "batter": 1,
                "extras": 0,
                "total": 1
              }
            },
            {
              "batter": "TB Abell",
              "bowler": "Rehan Ahmed",
              "non_striker": "SS Eskinazi",
              "runs": {
                "batter": 1,
                "extras": 0,
                "total": 1
              }
            }
          ]
        },
        {
          "over": 11,
          "deliveries": [
            {
              "batter": "SS Eskinazi",
              "bowler": "GF Linde",
              "non_striker": "TB Abell",
              "runs": {
                "batter": 4,
                "extras": 0,
                "total": 4
              }
            },
            {
              "batter": "SS Eskinazi",
              "bowler": "GF Linde",
              "non_striker": "TB Abell",
              "runs": {
                "batter": 1,
                "extras": 0,
                "total": 1
              }
            },
            {
              "batter": "TB Abell",
              "bowler": "GF Linde",
              "non_striker": "SS Eskinazi",
              "runs": {
                "batter": 1,
                "extras": 0,
                "total": 1
              }
            },
            {
              "batter": "SS Eskinazi",
              "bowler": "GF Linde",
              "non_striker": "TB Abell",
              "runs": {
                "batter": 1,
                "extras": 0,
                "total": 1
              }
            },
            {
              "batter": "TB Abell",
              "bowler": "GF Linde",
              "non_striker": "SS Eskinazi",
              "runs": {
                "batter": 1,
                "extras": 0,
                "total": 1
              }
            }
          ]
        },
        {
          "over": 12,
          "deliveries": [
            {
              "batter": "TB Abell",
              "bowler": "LH Ferguson",
              "extras": {
                "wides": 1
              },
              "non_striker": "SS Eskinazi",
              "runs": {
                "batter": 0,
                "extras": 1,
                "total": 1
              }
            },
            {
              "batter": "TB Abell",
              "bowler": "LH Ferguson",
              "non_striker": "SS Eskinazi",
              "runs": {
                "batter": 2,
                "extras": 0,
                "total": 2
              }
            },
            {
              "batter": "TB Abell",
              "bowler": "LH Ferguson",
              "non_striker": "SS Eskinazi",
              "runs": {
                "batter": 2,
                "extras": 0,
                "total": 2
              }
            },
            {
              "batter": "TB Abell",
              "bowler": "LH Ferguson",
              "non_striker": "SS Eskinazi",
              "runs": {
                "batter": 1,
                "extras": 0,
                "total": 1
              }
            },
            {
              "batter": "SS Eskinazi",
              "bowler": "LH Ferguson",
              "non_striker": "TB Abell",
              "runs": {
                "batter": 2,
                "extras": 0,
                "total": 2
              }
            },
            {
              "batter": "SS Eskinazi",
              "bowler": "LH Ferguson",
              "non_striker": "TB Abell",
              "runs": {
                "batter": 1,
                "extras": 0,
                "total": 1
              }
            }
          ]
        },
        {
          "over": 13,
          "deliveries": [
            {
              "batter": "TB Abell",
              "bowler": "MP Stoinis",
              "non_striker": "SS Eskinazi",
              "runs": {
                "batter": 4,
                "extras": 0,
                "total": 4
              }
            },
            {
              "batter": "TB Abell",
              "bowler": "MP Stoinis",
              "non_striker": "SS Eskinazi",
              "runs": {
                "batter": 4,
                "extras": 0,
                "total": 4
              }
            },
            {
              "batter": "TB Abell",
              "bowler": "MP Stoinis",
              "non_striker": "SS Eskinazi",
              "runs": {
                "batter": 2,
                "extras": 0,
                "total": 2
              }
            },
            {
              "batter": "TB Abell",
              "bowler": "MP Stoinis",
              "non_striker": "SS Eskinazi",
              "runs": {
                "batter": 1,
                "extras": 0,
                "total": 1
              }
            },
            {
              "batter": "SS Eskinazi",
              "bowler": "MP Stoinis",
              "non_striker": "TB Abell",
              "runs": {
                "batter": 1,
                "extras": 0,
                "total": 1
              }
            }
          ]
        },
        {
          "over": 14,
          "deliveries": [
            {
              "batter": "SS Eskinazi",
              "bowler": "Rehan Ahmed",
              "extras": {
                "byes": 1
              },
              "non_striker": "TB Abell",
              "runs": {
                "batter": 0,
                "extras": 1,
                "total": 1
              }
            },
            {
              "batter": "TB Abell",
              "bowler": "Rehan Ahmed",
              "non_striker": "SS Eskinazi",
              "runs": {
                "batter": 4,
                "extras": 0,
                "total": 4
              }
            },
            {
              "batter": "TB Abell",
              "bowler": "Rehan Ahmed",
              "non_striker": "SS Eskinazi",
              "runs": {
                "batter": 1,
                "extras": 0,
                "total": 1
              }
            },
            {
              "batter": "SS Eskinazi",
              "bowler": "Rehan Ahmed",
              "extras": {
                "legbyes": 4
              },
              "non_striker": "TB Abell",
              "runs": {
                "batter": 0,
                "extras": 4,
                "total": 4
              }
            },
            {
              "batter": "SS Eskinazi",
              "bowler": "Rehan Ahmed",
              "non_striker": "TB Abell",
              "runs": {
                "batter": 4,
                "extras": 0,
                "total": 4
              }
            }
          ]
        },
        {
          "over": 15,
          "deliveries": [
            {
              "batter": "SS Eskinazi",
              "bowler": "GF Linde",
              "non_striker": "TB Abell",
              "runs": {
                "batter": 4,
                "extras": 0,
                "total": 4
              }
            },
            {
              "batter": "SS Eskinazi",
              "bowler": "GF Linde",
              "non_striker": "TB Abell",
              "runs": {
                "batter": 4,
                "extras": 0,
                "total": 4
              }
            },
            {
              "batter": "SS Eskinazi",
              "bowler": "GF Linde",
              "non_striker": "TB Abell",
              "runs": {
                "batter": 1,
                "extras": 0,
                "total": 1
              }
            },
            {
              "batter": "TB Abell",
              "bowler": "GF Linde",
              "non_striker": "SS Eskinazi",
              "runs": {
                "batter": 1,
                "extras": 0,
                "total": 1
              }
            },
            {
              "batter": "SS Eskinazi",
              "bowler": "GF Linde",
              "non_striker": "TB Abell",
              "runs": {
                "batter": 0,
                "extras": 0,
                "total": 0
              }
            }
          ]
        },
        {
          "over": 16,
          "deliveries": [
            {
              "batter": "TB Abell",
              "bowler": "LH Ferguson",
              "non_striker": "SS Eskinazi",
              "runs": {
                "batter": 1,
                "extras": 0,
                "total": 1
              }
            },
            {
              "batter": "SS Eskinazi",
              "bowler": "LH Ferguson",
              "non_striker": "TB Abell",
              "runs": {
                "batter": 1,
                "extras": 0,
                "total": 1
              }
            },
            {
              "batter": "TB Abell",
              "bowler": "LH Ferguson",
              "non_striker": "SS Eskinazi",
              "runs": {
                "batter": 0,
                "extras": 0,
                "total": 0
              }
            },
            {
              "batter": "TB Abell",
              "bowler": "LH Ferguson",
              "non_striker": "SS Eskinazi",
              "runs": {
                "batter": 6,
                "extras": 0,
                "total": 6
              }
            },
            {
              "batter": "TB Abell",
              "bowler": "LH Ferguson",
              "non_striker": "SS Eskinazi",
              "runs": {
                "batter": 1,
                "extras": 0,
                "total": 1
              }
            }
          ]
        },
        {
          "over": 17,
          "deliveries": [
            {
              "batter": "SS Eskinazi",
              "bowler": "DJ Willey",
              "non_striker": "TB Abell",
              "runs": {
                "batter": 2,
                "extras": 0,
                "total": 2
              }
            },
            {
              "batter": "SS Eskinazi",
              "bowler": "DJ Willey",
              "non_striker": "TB Abell",
              "runs": {
                "batter": 6,
                "extras": 0,
                "total": 6
              }
            },
            {
              "batter": "SS Eskinazi",
              "bowler": "DJ Willey",
              "non_striker": "TB Abell",
              "runs": {
                "batter": 1,
                "extras": 0,
                "total": 1
              }
            },
            {
              "batter": "TB Abell",
              "bowler": "DJ Willey",
              "non_striker": "SS Eskinazi",
              "runs": {
                "batter": 4,
                "extras": 0,
                "total": 4
              }
            },
            {
              "batter": "TB Abell",
              "bowler": "DJ Willey",
              "non_striker": "SS Eskinazi",
              "review": {
                "by": "Trent Rockets",
                "umpire": "BJ Debenham",
                "batter": "TB Abell",
                "decision": "upheld",
                "type": "wicket"
              },
              "runs": {
                "batter": 0,
                "extras": 0,
                "total": 0
              },
              "wickets": [
                {
                  "player_out": "TB Abell",
                  "fielders": [
                    {
                      "name": "TJ Moores"
                    }
                  ],
                  "kind": "caught"
                }
              ]
            }
          ]
        },
        {
          "over": 18,
          "deliveries": [
            {
              "batter": "SS Eskinazi",
              "bowler": "LH Ferguson",
              "extras": {
                "legbyes": 1
              },
              "non_striker": "T Kohler-Cadmore",
              "runs": {
                "batter": 0,
                "extras": 1,
                "total": 1
              },
              "wickets": [
                {
                  "player_out": "SS Eskinazi",
                  "fielders": [
                    {
                      "name": "TJ Moores"
                    },
                    {
                      "name": "MP Stoinis"
                    }
                  ],
                  "kind": "run out"
                }
              ]
            },
            {
              "batter": "BI Kellaway",
              "bowler": "LH Ferguson",
              "non_striker": "T Kohler-Cadmore",
              "runs": {
                "batter": 1,
                "extras": 0,
                "total": 1
              }
            },
            {
              "batter": "T Kohler-Cadmore",
              "bowler": "LH Ferguson",
              "non_striker": "BI Kellaway",
              "runs": {
                "batter": 1,
                "extras": 0,
                "total": 1
              }
            },
            {
              "batter": "BI Kellaway",
              "bowler": "LH Ferguson",
              "non_striker": "T Kohler-Cadmore",
              "runs": {
                "batter": 0,
                "extras": 0,
                "total": 0
              }
            },
            {
              "batter": "BI Kellaway",
              "bowler": "LH Ferguson",
              "non_striker": "T Kohler-Cadmore",
              "runs": {
                "batter": 0,
                "extras": 0,
                "total": 0
              },
              "wickets": [
                {
                  "player_out": "BI Kellaway",
                  "kind": "bowled"
                }
              ]
            }
          ]
        },
        {
          "over": 19,
          "deliveries": [
            {
              "batter": "CJ Green",
              "bowler": "MP Stoinis",
              "non_striker": "T Kohler-Cadmore",
              "runs": {
                "batter": 4,
                "extras": 0,
                "total": 4
              }
            },
            {
              "batter": "CJ Green",
              "bowler": "MP Stoinis",
              "non_striker": "T Kohler-Cadmore",
              "runs": {
                "batter": 4,
                "extras": 0,
                "total": 4
              }
            },
            {
              "batter": "CJ Green",
              "bowler": "MP Stoinis",
              "extras": {
                "wides": 5
              },
              "non_striker": "T Kohler-Cadmore",
              "runs": {
                "batter": 0,
                "extras": 5,
                "total": 5
              }
            },
            {
              "batter": "CJ Green",
              "bowler": "MP Stoinis",
              "non_striker": "T Kohler-Cadmore",
              "runs": {
                "batter": 2,
                "extras": 0,
                "total": 2
              }
            },
            {
              "batter": "CJ Green",
              "bowler": "MP Stoinis",
              "non_striker": "T Kohler-Cadmore",
              "runs": {
                "batter": 1,
                "extras": 0,
                "total": 1
              }
            },
            {
              "batter": "T Kohler-Cadmore",
              "bowler": "MP Stoinis",
              "non_striker": "CJ Green",
              "runs": {
                "batter": 0,
                "extras": 0,
                "total": 0
              },
              "wickets": [
                {
                  "player_out": "T Kohler-Cadmore",
                  "fielders": [
                    {
                      "name": "MDE Holden"
                    }
                  ],
                  "kind": "caught"
                }
              ]
            }
          ]
        }
      ],
      "powerplays": [
        {
          "from": 0.1,
          "to": 4.5,
          "type": "mandatory"
        }
      ]
    },
    {
      "team": "Trent Rockets",
      "overs": [
        {
          "over": 0,
          "deliveries": [
            {
              "batter": "T Banton",
              "bowler": "DA Payne",
              "non_striker": "JE Root",
              "runs": {
                "batter": 0,
                "extras": 0,
                "total": 0
              }
            },
            {
              "batter": "T Banton",
              "bowler": "DA Payne",
              "extras": {
                "legbyes": 1
              },
              "non_striker": "JE Root",
              "runs": {
                "batter": 0,
                "extras": 1,
                "total": 1
              }
            },
            {
              "batter": "JE Root",
              "bowler": "DA Payne",
              "non_striker": "T Banton",
              "runs": {
                "batter": 0,
                "extras": 0,
                "total": 0
              }
            },
            {
              "batter": "JE Root",
              "bowler": "DA Payne",
              "extras": {
                "noballs": 2
              },
              "non_striker": "T Banton",
              "runs": {
                "batter": 0,
                "extras": 2,
                "total": 2
              }
            },
            {
              "batter": "JE Root",
              "bowler": "DA Payne",
              "non_striker": "T Banton",
              "runs": {
                "batter": 6,
                "extras": 0,
                "total": 6
              }
            },
            {
              "batter": "JE Root",
              "bowler": "DA Payne",
              "non_striker": "T Banton",
              "runs": {
                "batter": 2,
                "extras": 0,
                "total": 2
              }
            }
          ]
        },
        {
          "over": 1,
          "deliveries": [
            {
              "batter": "JE Root",
              "bowler": "DA Payne",
              "extras": {
                "wides": 1
              },
              "non_striker": "T Banton",
              "runs": {
                "batter": 0,
                "extras": 1,
                "total": 1
              }
            },
            {
              "batter": "JE Root",
              "bowler": "DA Payne",
              "non_striker": "T Banton",
              "runs": {
                "batter": 1,
                "extras": 0,
                "total": 1
              }
            },
            {
              "batter": "T Banton",
              "bowler": "DA Payne",
              "non_striker": "JE Root",
              "runs": {
                "batter": 4,
                "extras": 0,
                "total": 4
              }
            },
            {
              "batter": "T Banton",
              "bowler": "DA Payne",
              "non_striker": "JE Root",
              "runs": {
                "batter": 4,
                "extras": 0,
                "total": 4
              }
            },
            {
              "batter": "T Banton",
              "bowler": "DA Payne",
              "non_striker": "JE Root",
              "runs": {
                "batter": 0,
                "extras": 0,
                "total": 0
              }
            },
            {
              "batter": "T Banton",
              "bowler": "DA Payne",
              "non_striker": "JE Root",
              "runs": {
                "batter": 4,
                "extras": 0,
                "total": 4
              }
            }
          ]
        },
        {
          "over": 2,
          "deliveries": [
            {
              "batter": "JE Root",
              "bowler": "RP Meredith",
              "non_striker": "T Banton",
              "runs": {
                "batter": 0,
                "extras": 0,
                "total": 0
              }
            },
            {
              "batter": "JE Root",
              "bowler": "RP Meredith",
              "non_striker": "T Banton",
              "runs": {
                "batter": 1,
                "extras": 0,
                "total": 1
              }
            },
            {
              "batter": "T Banton",
              "bowler": "RP Meredith",
              "non_striker": "JE Root",
              "runs": {
                "batter": 2,
                "extras": 0,
                "total": 2
              }
            },
            {
              "batter": "T Banton",
              "bowler": "RP Meredith",
              "non_striker": "JE Root",
              "runs": {
                "batter": 1,
                "extras": 0,
                "total": 1
              }
            },
            {
              "batter": "JE Root",
              "bowler": "RP Meredith",
              "non_striker": "T Banton",
              "runs": {
                "batter": 1,
                "extras": 0,
                "total": 1
              }
            }
          ]
        },
        {
          "over": 3,
          "deliveries": [
            {
              "batter": "T Banton",
              "bowler": "CJ Green",
              "non_striker": "JE Root",
              "runs": {
                "batter": 0,
                "extras": 0,
                "total": 0
              }
            },
            {
              "batter": "T Banton",
              "bowler": "CJ Green",
              "non_striker": "JE Root",
              "runs": {
                "batter": 1,
                "extras": 0,
                "total": 1
              }
            },
            {
              "batter": "JE Root",
              "bowler": "CJ Green",
              "non_striker": "T Banton",
              "runs": {
                "batter": 2,
                "extras": 0,
                "total": 2
              }
            },
            {
              "batter": "JE Root",
              "bowler": "CJ Green",
              "non_striker": "T Banton",
              "runs": {
                "batter": 4,
                "extras": 0,
                "total": 4
              }
            },
            {
              "batter": "JE Root",
              "bowler": "CJ Green",
              "non_striker": "T Banton",
              "runs": {
                "batter": 0,
                "extras": 0,
                "total": 0
              }
            }
          ]
        },
        {
          "over": 4,
          "deliveries": [
            {
              "batter": "T Banton",
              "bowler": "RP Meredith",
              "non_striker": "JE Root",
              "runs": {
                "batter": 0,
                "extras": 0,
                "total": 0
              }
            },
            {
              "batter": "T Banton",
              "bowler": "RP Meredith",
              "non_striker": "JE Root",
              "runs": {
                "batter": 3,
                "extras": 0,
                "total": 3
              }
            },
            {
              "batter": "JE Root",
              "bowler": "RP Meredith",
              "non_striker": "T Banton",
              "runs": {
                "batter": 4,
                "extras": 0,
                "total": 4
              }
            },
            {
              "batter": "JE Root",
              "bowler": "RP Meredith",
              "non_striker": "T Banton",
              "runs": {
                "batter": 1,
                "extras": 0,
                "total": 1
              }
            },
            {
              "batter": "T Banton",
              "bowler": "RP Meredith",
              "non_striker": "JE Root",
              "runs": {
                "batter": 1,
                "extras": 0,
                "total": 1
              }
            }
          ]
        },
        {
          "over": 5,
          "deliveries": [
            {
              "batter": "JE Root",
              "bowler": "J Hull",
              "extras": {
                "noballs": 2
              },
              "non_striker": "T Banton",
              "runs": {
                "batter": 1,
                "extras": 2,
                "total": 3
              }
            },
            {
              "batter": "T Banton",
              "bowler": "J Hull",
              "non_striker": "JE Root",
              "runs": {
                "batter": 6,
                "extras": 0,
                "total": 6
              }
            },
            {
              "batter": "T Banton",
              "bowler": "J Hull",
              "non_striker": "JE Root",
              "runs": {
                "batter": 0,
                "extras": 0,
                "total": 0
              }
            },
            {
              "batter": "T Banton",
              "bowler": "J Hull",
              "non_striker": "JE Root",
              "runs": {
                "batter": 4,
                "extras": 0,
                "total": 4
              }
            },
            {
              "batter": "T Banton",
              "bowler": "J Hull",
              "extras": {
                "legbyes": 4
              },
              "non_striker": "JE Root",
              "runs": {
                "batter": 0,
                "extras": 4,
                "total": 4
              }
            },
            {
              "batter": "T Banton",
              "bowler": "J Hull",
              "non_striker": "JE Root",
              "runs": {
                "batter": 1,
                "extras": 0,
                "total": 1
              }
            }
          ]
        },
        {
          "over": 6,
          "deliveries": [
            {
              "batter": "T Banton",
              "bowler": "BI Kellaway",
              "non_striker": "JE Root",
              "runs": {
                "batter": 1,
                "extras": 0,
                "total": 1
              }
            },
            {
              "batter": "JE Root",
              "bowler": "BI Kellaway",
              "non_striker": "T Banton",
              "runs": {
                "batter": 1,
                "extras": 0,
                "total": 1
              }
            },
            {
              "batter": "T Banton",
              "bowler": "BI Kellaway",
              "non_striker": "JE Root",
              "runs": {
                "batter": 0,
                "extras": 0,
                "total": 0
              },
              "wickets": [
                {
                  "player_out": "T Banton",
                  "fielders": [
                    {
                      "name": "TB Abell"
                    }
                  ],
                  "kind": "caught"
                }
              ]
            },
            {
              "batter": "Rehan Ahmed",
              "bowler": "BI Kellaway",
              "non_striker": "JE Root",
              "runs": {
                "batter": 0,
                "extras": 0,
                "total": 0
              }
            },
            {
              "batter": "Rehan Ahmed",
              "bowler": "BI Kellaway",
              "non_striker": "JE Root",
              "runs": {
                "batter": 0,
                "extras": 0,
                "total": 0
              }
            }
          ]
        },
        {
          "over": 7,
          "deliveries": [
            {
              "batter": "Rehan Ahmed",
              "bowler": "BI Kellaway",
              "non_striker": "JE Root",
              "runs": {
                "batter": 1,
                "extras": 0,
                "total": 1
              }
            },
            {
              "batter": "JE Root",
              "bowler": "BI Kellaway",
              "non_striker": "Rehan Ahmed",
              "runs": {
                "batter": 1,
                "extras": 0,
                "total": 1
              }
            },
            {
              "batter": "Rehan Ahmed",
              "bowler": "BI Kellaway",
              "non_striker": "JE Root",
              "runs": {
                "batter": 0,
                "extras": 0,
                "total": 0
              }
            },
            {
              "batter": "Rehan Ahmed",
              "bowler": "BI Kellaway",
              "non_striker": "JE Root",
              "runs": {
                "batter": 1,
                "extras": 0,
                "total": 1
              }
            },
            {
              "batter": "JE Root",
              "bowler": "BI Kellaway",
              "non_striker": "Rehan Ahmed",
              "runs": {
                "batter": 1,
                "extras": 0,
                "total": 1
              }
            }
          ]
        },
        {
          "over": 8,
          "deliveries": [
            {
              "batter": "JE Root",
              "bowler": "CJ Green",
              "non_striker": "Rehan Ahmed",
              "runs": {
                "batter": 6,
                "extras": 0,
                "total": 6
              }
            },
            {
              "batter": "JE Root",
              "bowler": "CJ Green",
              "non_striker": "Rehan Ahmed",
              "runs": {
                "batter": 1,
                "extras": 0,
                "total": 1
              }
            },
            {
              "batter": "Rehan Ahmed",
              "bowler": "CJ Green",
              "non_striker": "JE Root",
              "runs": {
                "batter": 1,
                "extras": 0,
                "total": 1
              }
            },
            {
              "batter": "JE Root",
              "bowler": "CJ Green",
              "non_striker": "Rehan Ahmed",
              "runs": {
                "batter": 0,
                "extras": 0,
                "total": 0
              }
            },
            {
              "batter": "JE Root",
              "bowler": "CJ Green",
              "non_striker": "Rehan Ahmed",
              "runs": {
                "batter": 1,
                "extras": 0,
                "total": 1
              }
            }
          ]
        },
        {
          "over": 9,
          "deliveries": [
            {
              "batter": "Rehan Ahmed",
              "bowler": "J Hull",
              "non_striker": "JE Root",
              "runs": {
                "batter": 6,
                "extras": 0,
                "total": 6
              }
            },
            {
              "batter": "Rehan Ahmed",
              "bowler": "J Hull",
              "non_striker": "JE Root",
              "runs": {
                "batter": 0,
                "extras": 0,
                "total": 0
              }
            },
            {
              "batter": "Rehan Ahmed",
              "bowler": "J Hull",
              "non_striker": "JE Root",
              "runs": {
                "batter": 1,
                "extras": 0,
                "total": 1
              }
            },
            {
              "batter": "JE Root",
              "bowler": "J Hull",
              "non_striker": "Rehan Ahmed",
              "runs": {
                "batter": 0,
                "extras": 0,
                "total": 0
              }
            },
            {
              "batter": "JE Root",
              "bowler": "J Hull",
              "non_striker": "Rehan Ahmed",
              "runs": {
                "batter": 1,
                "extras": 0,
                "total": 1
              }
            }
          ]
        },
        {
          "over": 10,
          "deliveries": [
            {
              "batter": "JE Root",
              "bowler": "SA Zaib",
              "non_striker": "Rehan Ahmed",
              "runs": {
                "batter": 1,
                "extras": 0,
                "total": 1
              }
            },
            {
              "batter": "Rehan Ahmed",
              "bowler": "SA Zaib",
              "non_striker": "JE Root",
              "runs": {
                "batter": 0,
                "extras": 0,
                "total": 0
              },
              "wickets": [
                {
                  "player_out": "Rehan Ahmed",
                  "fielders": [
                    {
                      "name": "SPD Smith"
                    }
                  ],
                  "kind": "caught"
                }
              ]
            },
            {
              "batter": "MDE Holden",
              "bowler": "SA Zaib",
              "non_striker": "JE Root",
              "runs": {
                "batter": 4,
                "extras": 0,
                "total": 4
              }
            },
            {
              "batter": "MDE Holden",
              "bowler": "SA Zaib",
              "non_striker": "JE Root",
              "runs": {
                "batter": 2,
                "extras": 0,
                "total": 2
              }
            },
            {
              "batter": "MDE Holden",
              "bowler": "SA Zaib",
              "non_striker": "JE Root",
              "runs": {
                "batter": 1,
                "extras": 0,
                "total": 1
              }
            }
          ]
        },
        {
          "over": 11,
          "deliveries": [
            {
              "batter": "JE Root",
              "bowler": "BI Kellaway",
              "non_striker": "MDE Holden",
              "runs": {
                "batter": 1,
                "extras": 0,
                "total": 1
              }
            },
            {
              "batter": "MDE Holden",
              "bowler": "BI Kellaway",
              "non_striker": "JE Root",
              "runs": {
                "batter": 1,
                "extras": 0,
                "total": 1
              }
            },
            {
              "batter": "JE Root",
              "bowler": "BI Kellaway",
              "non_striker": "MDE Holden",
              "runs": {
                "batter": 1,
                "extras": 0,
                "total": 1
              }
            },
            {
              "batter": "MDE Holden",
              "bowler": "BI Kellaway",
              "non_striker": "JE Root",
              "runs": {
                "batter": 1,
                "extras": 0,
                "total": 1
              }
            },
            {
              "batter": "JE Root",
              "bowler": "BI Kellaway",
              "non_striker": "MDE Holden",
              "runs": {
                "batter": 4,
                "extras": 0,
                "total": 4
              }
            }
          ]
        },
        {
          "over": 12,
          "deliveries": [
            {
              "batter": "MDE Holden",
              "bowler": "RP Meredith",
              "non_striker": "JE Root",
              "runs": {
                "batter": 1,
                "extras": 0,
                "total": 1
              }
            },
            {
              "batter": "JE Root",
              "bowler": "RP Meredith",
              "non_striker": "MDE Holden",
              "runs": {
                "batter": 1,
                "extras": 0,
                "total": 1
              }
            },
            {
              "batter": "MDE Holden",
              "bowler": "RP Meredith",
              "non_striker": "JE Root",
              "runs": {
                "batter": 0,
                "extras": 0,
                "total": 0
              }
            },
            {
              "batter": "MDE Holden",
              "bowler": "RP Meredith",
              "non_striker": "JE Root",
              "runs": {
                "batter": 1,
                "extras": 0,
                "total": 1
              }
            },
            {
              "batter": "JE Root",
              "bowler": "RP Meredith",
              "non_striker": "MDE Holden",
              "runs": {
                "batter": 1,
                "extras": 0,
                "total": 1
              }
            }
          ]
        },
        {
          "over": 13,
          "deliveries": [
            {
              "batter": "MDE Holden",
              "bowler": "J Hull",
              "non_striker": "JE Root",
              "runs": {
                "batter": 1,
                "extras": 0,
                "total": 1
              }
            },
            {
              "batter": "JE Root",
              "bowler": "J Hull",
              "non_striker": "MDE Holden",
              "runs": {
                "batter": 2,
                "extras": 0,
                "total": 2
              }
            },
            {
              "batter": "JE Root",
              "bowler": "J Hull",
              "non_striker": "MDE Holden",
              "runs": {
                "batter": 1,
                "extras": 0,
                "total": 1
              }
            },
            {
              "batter": "MDE Holden",
              "bowler": "J Hull",
              "non_striker": "JE Root",
              "runs": {
                "batter": 0,
                "extras": 0,
                "total": 0
              }
            },
            {
              "batter": "MDE Holden",
              "bowler": "J Hull",
              "extras": {
                "legbyes": 1
              },
              "non_striker": "JE Root",
              "runs": {
                "batter": 0,
                "extras": 1,
                "total": 1
              }
            }
          ]
        },
        {
          "over": 14,
          "deliveries": [
            {
              "batter": "MDE Holden",
              "bowler": "BI Kellaway",
              "non_striker": "JE Root",
              "runs": {
                "batter": 1,
                "extras": 0,
                "total": 1
              }
            },
            {
              "batter": "JE Root",
              "bowler": "BI Kellaway",
              "non_striker": "MDE Holden",
              "runs": {
                "batter": 1,
                "extras": 0,
                "total": 1
              }
            },
            {
              "batter": "MDE Holden",
              "bowler": "BI Kellaway",
              "non_striker": "JE Root",
              "runs": {
                "batter": 1,
                "extras": 0,
                "total": 1
              }
            },
            {
              "batter": "JE Root",
              "bowler": "BI Kellaway",
              "non_striker": "MDE Holden",
              "runs": {
                "batter": 0,
                "extras": 0,
                "total": 0
              }
            },
            {
              "batter": "JE Root",
              "bowler": "BI Kellaway",
              "non_striker": "MDE Holden",
              "runs": {
                "batter": 1,
                "extras": 0,
                "total": 1
              }
            }
          ]
        },
        {
          "over": 15,
          "deliveries": [
            {
              "batter": "MDE Holden",
              "bowler": "CJ Green",
              "non_striker": "JE Root",
              "runs": {
                "batter": 0,
                "extras": 0,
                "total": 0
              },
              "wickets": [
                {
                  "player_out": "MDE Holden",
                  "fielders": [
                    {
                      "name": "BI Kellaway"
                    }
                  ],
                  "kind": "caught"
                }
              ]
            },
            {
              "batter": "TJ Moores",
              "bowler": "CJ Green",
              "non_striker": "JE Root",
              "runs": {
                "batter": 0,
                "extras": 0,
                "total": 0
              }
            },
            {
              "batter": "TJ Moores",
              "bowler": "CJ Green",
              "non_striker": "JE Root",
              "runs": {
                "batter": 2,
                "extras": 0,
                "total": 2
              }
            },
            {
              "batter": "TJ Moores",
              "bowler": "CJ Green",
              "non_striker": "JE Root",
              "runs": {
                "batter": 0,
                "extras": 0,
                "total": 0
              },
              "wickets": [
                {
                  "player_out": "TJ Moores",
                  "fielders": [
                    {
                      "name": "SPD Smith"
                    }
                  ],
                  "kind": "caught"
                }
              ]
            },
            {
              "batter": "GF Linde",
              "bowler": "CJ Green",
              "non_striker": "JE Root",
              "runs": {
                "batter": 1,
                "extras": 0,
                "total": 1
              }
            }
          ]
        },
        {
          "over": 16,
          "deliveries": [
            {
              "batter": "GF Linde",
              "bowler": "DA Payne",
              "non_striker": "JE Root",
              "runs": {
                "batter": 1,
                "extras": 0,
                "total": 1
              }
            },
            {
              "batter": "JE Root",
              "bowler": "DA Payne",
              "extras": {
                "byes": 1
              },
              "non_striker": "GF Linde",
              "runs": {
                "batter": 0,
                "extras": 1,
                "total": 1
              }
            },
            {
              "batter": "GF Linde",
              "bowler": "DA Payne",
              "non_striker": "JE Root",
              "runs": {
                "batter": 2,
                "extras": 0,
                "total": 2
              }
            },
            {
              "batter": "GF Linde",
              "bowler": "DA Payne",
              "non_striker": "JE Root",
              "runs": {
                "batter": 6,
                "extras": 0,
                "total": 6
              }
            },
            {
              "batter": "GF Linde",
              "bowler": "DA Payne",
              "non_striker": "JE Root",
              "runs": {
                "batter": 2,
                "extras": 0,
                "total": 2
              }
            }
          ]
        },
        {
          "over": 17,
          "deliveries": [
            {
              "batter": "GF Linde",
              "bowler": "RP Meredith",
              "non_striker": "JE Root",
              "runs": {
                "batter": 0,
                "extras": 0,
                "total": 0
              }
            },
            {
              "batter": "GF Linde",
              "bowler": "RP Meredith",
              "non_striker": "JE Root",
              "runs": {
                "batter": 0,
                "extras": 0,
                "total": 0
              }
            },
            {
              "batter": "GF Linde",
              "bowler": "RP Meredith",
              "non_striker": "JE Root",
              "runs": {
                "batter": 0,
                "extras": 0,
                "total": 0
              },
              "wickets": [
                {
                  "player_out": "GF Linde",
                  "fielders": [
                    {
                      "name": "BI Kellaway"
                    }
                  ],
                  "kind": "caught"
                }
              ]
            },
            {
              "batter": "MP Stoinis",
              "bowler": "RP Meredith",
              "non_striker": "JE Root",
              "runs": {
                "batter": 1,
                "extras": 0,
                "total": 1
              }
            },
            {
              "batter": "JE Root",
              "bowler": "RP Meredith",
              "non_striker": "MP Stoinis",
              "runs": {
                "batter": 1,
                "extras": 0,
                "total": 1
              }
            }
          ]
        },
        {
          "over": 18,
          "deliveries": [
            {
              "batter": "JE Root",
              "bowler": "DA Payne",
              "non_striker": "MP Stoinis",
              "runs": {
                "batter": 2,
                "extras": 0,
                "total": 2
              }
            },
            {
              "batter": "JE Root",
              "bowler": "DA Payne",
              "non_striker": "MP Stoinis",
              "runs": {
                "batter": 1,
                "extras": 0,
                "total": 1
              }
            },
            {
              "batter": "MP Stoinis",
              "bowler": "DA Payne",
              "non_striker": "JE Root",
              "runs": {
                "batter": 0,
                "extras": 0,
                "total": 0
              },
              "wickets": [
                {
                  "player_out": "MP Stoinis",
                  "fielders": [
                    {
                      "name": "J Hull"
                    }
                  ],
                  "kind": "caught"
                }
              ]
            },
            {
              "batter": "DJ Willey",
              "bowler": "DA Payne",
              "non_striker": "JE Root",
              "runs": {
                "batter": 0,
                "extras": 0,
                "total": 0
              },
              "wickets": [
                {
                  "player_out": "DJ Willey",
                  "fielders": [
                    {
                      "name": "LWP Wells",
                      "substitute": true
                    }
                  ],
                  "kind": "caught"
                }
              ]
            },
            {
              "batter": "SR Hain",
              "bowler": "DA Payne",
              "extras": {
                "legbyes": 1
              },
              "non_striker": "JE Root",
              "runs": {
                "batter": 0,
                "extras": 1,
                "total": 1
              }
            }
          ]
        },
        {
          "over": 19,
          "deliveries": [
            {
              "batter": "JE Root",
              "bowler": "CJ Green",
              "non_striker": "SR Hain",
              "runs": {
                "batter": 6,
                "extras": 0,
                "total": 6
              }
            },
            {
              "batter": "JE Root",
              "bowler": "CJ Green",
              "non_striker": "SR Hain",
              "runs": {
                "batter": 4,
                "extras": 0,
                "total": 4
              }
            },
            {
              "batter": "JE Root",
              "bowler": "CJ Green",
              "non_striker": "SR Hain",
              "runs": {
                "batter": 1,
                "extras": 0,
                "total": 1
              }
            },
            {
              "batter": "SR Hain",
              "bowler": "CJ Green",
              "non_striker": "JE Root",
              "runs": {
                "batter": 4,
                "extras": 0,
                "total": 4
              }
            }
          ]
        }
      ],
      "powerplays": [
        {
          "from": 0.1,
          "to": 4.5,
          "type": "mandatory"
        }
      ],
      "target": {
        "overs": 20,
        "runs": 151
      }
    }
  ]
}