{
  "meta": {
    "data_version": "1.1.0",
    "created": "2025-08-23",
    "revision": 1
  },
  "info": {
    "balls_per_over": 5,
    "city": "London",
    "dates": [
      "2025-08-23"
    ],
    "event": {
      "name": "The Hundred Women's Competition",
      "match_number": 26
    },
    "gender": "female",
    "match_type": "T20",
    "officials": {
      "match_referees": [
        "Phil Whitticase"
      ],
      "reserve_umpires": [
        "J Jarvis"
      ],
      "tv_umpires": [
        "MJ Saggers"
      ],
      "umpires": [
        "AY Harris",
        "Chris Watts"
      ]
    },
    "outcome": {
      "winner": "Southern Brave",
      "by": {
        "wickets": 8
      }
    },
    "overs": 20,
    "player_of_match": [
      "L Wolvaardt"
    ],
    "players": {
      "London Spirit": [
        "KM Chathli",
        "G Redmayne",
        "CL Griffith",
        "GM Harris",
        "CR Knott",
        "DR Gibson",
        "IECM Wong",
        "S Glenn",
        "CE Dean",
        "E Gray",
        "R Tyson"
      ],
      "Southern Brave": [
        "ME Bouchier",
        "DN Wyatt",
        "L Wolvaardt",
        "SFM Devine",
        "FG Kemp",
        "CL Tryon",
        "GL Adams",
        "MK Villiers",
        "R Southby",
        "LK Bell",
        "MR Corteen-Coleman"
      ]
    },
    "registry": {
      "people": {
        "AY Harris": "90d95b82",
        "CE Dean": "c6625a26",
        "CL Griffith": "85ce4231",
        "CL Tryon": "4d4605e6",
        "CR Knott": "d7ff1adc",
        "Chris Watts": "3cfb1554",
        "DN Wyatt": "a139c379",
        "DR Gibson": "d2763568",
        "E Gray": "58717de2",
        "FG Kemp": "abc9f8a4",
        "G Redmayne": "324b9eee",
        "GL Adams": "7b1f2542",
        "GM Harris": "72166006",
        "IECM Wong": "e5b17517",
        "J Jarvis": "13187bb6",
        "KM Chathli": "6ffbf04c",
        "L Wolvaardt": "e60f81c9",
        "LK Bell": "38b4583c",
        "ME Bouchier": "c2554b59",
        "MJ Saggers": "402d5937",
        "MK Villiers": "cd62f670",
        "MR Corteen-Coleman": "9049ab63",
        "Phil Whitticase": "99d5f6fa",
        "R Southby": "bbe1525d",
        "R Tyson": "5c9d5093",
        "S Glenn": "b34e0c77",
        "SFM Devine": "de69af96"
      }
    },
    "season": "2025",
    "team_type": "club",
    "teams": [
      "London Spirit",
      "Southern Brave"
    ],
    "toss": {
      "decision": "field",
      "winner": "Southern Brave"
    },
    "venue": "Lord's, London"
  },
  "innings": [
    {
      "team": "London Spirit",
      "overs": [
        {
          "over": 0,
          "deliveries": [
            {
              "batter": "KM Chathli",
              "bowler": "LK Bell",
              "non_striker": "G Redmayne",
              "runs": {
                "batter": 1,
                "extras": 0,
                "total": 1
              }
            },
            {
              "batter": "G Redmayne",
              "bowler": "LK Bell",
              "non_striker": "KM Chathli",
              "runs": {
                "batter": 1,
                "extras": 0,
                "total": 1
              }
            },
            {
              "batter": "KM Chathli",
              "bowler": "LK Bell",
              "non_striker": "G Redmayne",
              "runs": {
                "batter": 0,
                "extras": 0,
                "total": 0
              }
            },
            {
              "batter": "KM Chathli",
              "bowler": "LK Bell",
              "non_striker": "G Redmayne",
              "runs": {
                "batter": 0,
                "extras": 0,
                "total": 0
              },
              "wickets": [
                {
                  "player_out": "KM Chathli",
                  "fielders": [
                    {
                      "name": "MK Villiers"
                    }
                  ],
                  "kind": "caught"
                }
              ]
            },
            {
              "batter": "CL Griffith",
              "bowler": "LK Bell",
              "non_striker": "G Redmayne",
              "runs": {
                "batter": 0,
                "extras": 0,
                "total": 0
              }
            }
          ]
        },
        {
          "over": 1,
          "deliveries": [
            {
              "batter": "CL Griffith",
              "bowler": "SFM Devine",
              "non_striker": "G Redmayne",
              "runs": {
                "batter": 0,
                "extras": 0,
                "total": 0
              }
            },
            {
              "batter": "CL Griffith",
              "bowler": "SFM Devine",
              "non_striker": "G Redmayne",
              "runs": {
                "batter": 0,
                "extras": 0,
                "total": 0
              }
            },
            {
              "batter": "CL Griffith",
              "bowler": "SFM Devine",
              "non_striker": "G Redmayne",
              "runs": {
                "batter": 4,
                "extras": 0,
                "total": 4
              }
            },
            {
              "batter": "CL Griffith",
              "bowler": "SFM Devine",
              "non_striker": "G Redmayne",
              "runs": {
                "batter": 0,
                "extras": 0,
                "total": 0
              }
            },
            {
              "batter": "CL Griffith",
              "bowler": "SFM Devine",
              "non_striker": "G Redmayne",
              "runs": {
                "batter": 0,
                "extras": 0,
                "total": 0
              }
            }
          ]
        },
        {
          "over": 2,
          "deliveries": [
            {
              "batter": "G Redmayne",
              "bowler": "MK Villiers",
              "non_striker": "CL Griffith",
              "runs": {
                "batter": 4,
                "extras": 0,
                "total": 4
              }
            },
            {
              "batter": "G Redmayne",
              "bowler": "MK Villiers",
              "non_striker": "CL Griffith",
              "runs": {
                "batter": 0,
                "extras": 0,
                "total": 0
              }
            },
            {
              "batter": "G Redmayne",
              "bowler": "MK Villiers",
              "non_striker": "CL Griffith",
              "runs": {
                "batter": 2,
                "extras": 0,
                "total": 2
              }
            },
            {
              "batter": "G Redmayne",
              "bowler": "MK Villiers",
              "non_striker": "CL Griffith",
              "runs": {
                "batter": 1,
                "extras": 0,
                "total": 1
              }
            },
            {
              "batter": "CL Griffith",
              "bowler": "MK Villiers",
              "non_striker": "G Redmayne",
              "runs": {
                "batter": 0,
                "extras": 0,
                "total": 0
              }
            }
          ]
        },
        {
          "over": 3,
          "deliveries": [
            {
              "batter": "CL Griffith",
              "bowler": "MR Corteen-Coleman",
              "non_striker": "G Redmayne",
              "runs": {
                "batter": 1,
                "extras": 0,
                "total": 1
              }
            },
            {
              "batter": "G Redmayne",
              "bowler": "MR Corteen-Coleman",
              "non_striker": "CL Griffith",
              "runs": {
                "batter": 0,
                "extras": 0,
                "total": 0
              }
            },
            {
              "batter": "G Redmayne",
              "bowler": "MR Corteen-Coleman",
              "non_striker": "CL Griffith",
              "runs": {
                "batter": 4,
                "extras": 0,
                "total": 4
              }
            },
            {
              "batter": "G Redmayne",
              "bowler": "MR Corteen-Coleman",
              "non_striker": "CL Griffith",
              "runs": {
                "batter": 0,
                "extras": 0,
                "total": 0
              }
            },
            {
              "batter": "G Redmayne",
              "bowler": "MR Corteen-Coleman",
              "non_striker": "CL Griffith",
              "runs": {
                "batter": 0,
                "extras": 0,
                "total": 0
              }
            }
          ]
        },
        {
          "over": 4,
          "deliveries": [
            {
              "batter": "CL Griffith",
              "bowler": "LK Bell",
              "non_striker": "G Redmayne",
              "runs": {
                "batter": 4,
                "extras": 0,
                "total": 4
              }
            },
            {
              "batter": "CL Griffith",
              "bowler": "LK Bell",
              "extras": {
                "legbyes": 1
              },
              "non_striker": "G Redmayne",
              "runs": {
                "batter": 0,
                "extras": 1,
                "total": 1
              }
            },
            {
              "batter": "G Redmayne",
              "bowler": "LK Bell",
              "non_striker": "CL Griffith",
              "runs": {
                "batter": 0,
                "extras": 0,
                "total": 0
              }
            },
            {
              "batter": "G Redmayne",
              "bowler": "LK Bell",
              "non_striker": "CL Griffith",
              "runs": {
                "batter": 1,
                "extras": 0,
                "total": 1
              }
            },
            {
              "batter": "CL Griffith",
              "bowler": "LK Bell",
              "non_striker": "G Redmayne",
              "runs": {
                "batter": 0,
                "extras": 0,
                "total": 0
              }
            }
          ]
        },
        {
          "over": 5,
          "deliveries": [
            {
              "batter": "CL Griffith",
              "bowler": "SFM Devine",
              "non_striker": "G Redmayne",
              "runs": {
                "batter": 0,
                "extras": 0,
                "total": 0
              }
            },
            {
              "batter": "CL Griffith",
              "bowler": "SFM Devine",
              "extras": {
                "wides": 1
              },
              "non_striker": "G Redmayne",
              "runs": {
                "batter": 0,
                "extras": 1,
                "total": 1
              }
            },
            {
              "batter": "CL Griffith",
              "bowler": "SFM Devine",
              "non_striker": "G Redmayne",
              "runs": {
                "batter": 1,
                "extras": 0,
                "total": 1
              }
            },
            {
              "batter": "G Redmayne",
              "bowler": "SFM Devine",
              "non_striker": "CL Griffith",
              "runs": {
                "batter": 1,
                "extras": 0,
                "total": 1
              }
            },
            {
              "batter": "CL Griffith",
              "bowler": "SFM Devine",
              "non_striker": "G Redmayne",
              "runs": {
                "batter": 1,
                "extras": 0,
                "total": 1
              }
            },
            {
              "batter": "G Redmayne",
              "bowler": "SFM Devine",
              "extras": {
                "wides": 2
              },
              "non_striker": "CL Griffith",
              "runs": {
                "batter": 0,
                "extras": 2,
                "total": 2
              }
            },
            {
              "batter": "CL Griffith",
              "bowler": "SFM Devine",
              "non_striker": "G Redmayne",
              "runs": {
                "batter": 0,
                "extras": 0,
                "total": 0
              }
            }
          ]
        },
        {
          "over": 6,
          "deliveries": [
            {
              "batter": "G Redmayne",
              "bowler": "MK Villiers",
              "non_striker": "CL Griffith",
              "runs": {
                "batter": 0,
                "extras": 0,
                "total": 0
              },
              "wickets": [
                {
                  "player_out": "G Redmayne",
                  "kind": "caught and bowled"
                }
              ]
            },
            {
              "batter": "GM Harris",
              "bowler": "MK Villiers",
              "non_striker": "CL Griffith",
              "runs": {
                "batter": 0,
                "extras": 0,
                "total": 0
              }
            },
            {
              "batter": "GM Harris",
              "bowler": "MK Villiers",
              "non_striker": "CL Griffith",
              "runs": {
                "batter": 6,
                "extras": 0,
                "total": 6
              }
            },
            {
              "batter": "GM Harris",
              "bowler": "MK Villiers",
              "non_striker": "CL Griffith",
              "runs": {
                "batter": 0,
                "extras": 0,
                "total": 0
              },
              "wickets": [
                {
                  "player_out": "GM Harris",
                  "fielders": [
                    {
                      "name": "ME Bouchier"
                    }
                  ],
                  "kind": "caught"
                }
              ]
            },
            {
              "batter": "CR Knott",
              "bowler": "MK Villiers",
              "non_striker": "CL Griffith",
              "runs": {
                "batter": 0,
                "extras": 0,
                "total": 0
              }
            }
          ]
        },
        {
          "over": 7,
          "deliveries": [
            {
              "batter": "CR Knott",
              "bowler": "MR Corteen-Coleman",
              "non_striker": "CL Griffith",
              "runs": {
                "batter": 1,
                "extras": 0,
                "total": 1
              }
            },
            {
              "batter": "CL Griffith",
              "bowler": "MR Corteen-Coleman",
              "non_striker": "CR Knott",
              "runs": {
                "batter": 0,
                "extras": 0,
                "total": 0
              }
            },
            {
              "batter": "CL Griffith",
              "bowler": "MR Corteen-Coleman",
              "non_striker": "CR Knott",
              "runs": {
                "batter": 1,
                "extras": 0,
                "total": 1
              }
            },
            {
              "batter": "CR Knott",
              "bowler": "MR Corteen-Coleman",
              "non_striker": "CL Griffith",
              "runs": {
                "batter": 0,
                "extras": 0,
                "total": 0
              }
            },
            {
              "batter": "CR Knott",
              "bowler": "MR Corteen-Coleman",
              "non_striker": "CL Griffith",
              "runs": {
                "batter": 4,
                "extras": 0,
                "total": 4
              }
            }
          ]
        },
        {
          "over": 8,
          "deliveries": [
            {
              "batter": "CL Griffith",
              "bowler": "GL Adams",
              "non_striker": "CR Knott",
              "runs": {
                "batter": 1,
                "extras": 0,
                "total": 1
              }
            },
            {
              "batter": "CR Knott",
              "bowler": "GL Adams",
              "non_striker": "CL Griffith",
              "runs": {
                "batter": 1,
                "extras": 0,
                "total": 1
              }
            },
            {
              "batter": "CL Griffith",
              "bowler": "GL Adams",
              "non_striker": "CR Knott",
              "runs": {
                "batter": 4,
                "extras": 0,
                "total": 4
              }
            },
            {
              "batter": "CL Griffith",
              "bowler": "GL Adams",
              "non_striker": "CR Knott",
              "runs": {
                "batter": 1,
                "extras": 0,
                "total": 1
              }
            },
            {
              "batter": "CR Knott",
              "bowler": "GL Adams",
              "non_striker": "CL Griffith",
              "runs": {
                "batter": 4,
                "extras": 0,
                "total": 4
              }
            }
          ]
        },
        {
          "over": 9,
          "deliveries": [
            {
              "batter": "CR Knott",
              "bowler": "LK Bell",
              "non_striker": "CL Griffith",
              "runs": {
                "batter": 0,
                "extras": 0,
                "total": 0
              }
            },
            {
              "batter": "CR Knott",
              "bowler": "LK Bell",
              "non_striker": "CL Griffith",
              "runs": {
                "batter": 0,
                "extras": 0,
                "total": 0
              }
            },
            {
              "batter": "CR Knott",
              "bowler": "LK Bell",
              "non_striker": "CL Griffith",
              "runs": {
                "batter": 4,
                "extras": 0,
                "total": 4
              }
            },
            {
              "batter": "CR Knott",
              "bowler": "LK Bell",
              "non_striker": "CL Griffith",
              "runs": {
                "batter": 0,
                "extras": 0,
                "total": 0
              }
            },
            {
              "batter": "CR Knott",
              "bowler": "LK Bell",
              "non_striker": "CL Griffith",
              "runs": {
                "batter": 4,
                "extras": 0,
                "total": 4
              }
            }
          ]
        },
        {
          "over": 10,
          "deliveries": [
            {
              "batter": "CL Griffith",
              "bowler": "MR Corteen-Coleman",
              "non_striker": "CR Knott",
              "runs": {
                "batter": 1,
                "extras": 0,
                "total": 1
              }
            },
            {
              "batter": "CR Knott",
              "bowler": "MR Corteen-Coleman",
              "non_striker": "CL Griffith",
              "runs": {
                "batter": 0,
                "extras": 0,
                "total": 0
              }
            },
            {
              "batter": "CR Knott",
              "bowler": "MR Corteen-Coleman",
              "non_striker": "CL Griffith",
              "runs": {
                "batter": 1,
                "extras": 0,
                "total": 1
              }
            },
            {
              "batter": "CL Griffith",
              "bowler": "MR Corteen-Coleman",
              "non_striker": "CR Knott",
              "runs": {
                "batter": 1,
                "extras": 0,
                "total": 1
              }
            },
            {
              "batter": "CR Knott",
              "bowler": "MR Corteen-Coleman",
              "non_striker": "CL Griffith",
              "runs": {
                "batter": 1,
                "extras": 0,
                "total": 1
              }
            }
          ]
        },
        {
          "over": 11,
          "deliveries": [
            {
              "batter": "CL Griffith",
              "bowler": "MK Villiers",
              "non_striker": "CR Knott",
              "runs": {
                "batter": 6,
                "extras": 0,
                "total": 6
              }
            },
            {
              "batter": "CL Griffith",
              "bowler": "MK Villiers",
              "non_striker": "CR Knott",
              "runs": {
                "batter": 2,
                "extras": 0,
                "total": 2
              }
            },
            {
              "batter": "CL Griffith",
              "bowler": "MK Villiers",
              "non_striker": "CR Knott",
              "runs": {
                "batter": 6,
                "extras": 0,
                "total": 6
              }
            },
            {
              "batter": "CL Griffith",
              "bowler": "MK Villiers",
              "non_striker": "CR Knott",
              "runs": {
                "batter": 4,
                "extras": 0,
                "total": 4
              }
            },
            {
              "batter": "CL Griffith",
              "bowler": "MK Villiers",
              "non_striker": "CR Knott",
              "runs": {
                "batter": 1,
                "extras": 0,
                "total": 1
              }
            }
          ]
        },
        {
          "over": 12,
          "deliveries": [
            {
              "batter": "CL Griffith",
              "bowler": "SFM Devine",
              "non_striker": "CR Knott",
              "runs": {
                "batter": 0,
                "extras": 0,
                "total": 0
              }
            },
            {
              "batter": "CL Griffith",
              "bowler": "SFM Devine",
              "non_striker": "CR Knott",
              "runs": {
                "batter": 1,
                "extras": 0,
                "total": 1
              }
            },
            {
              "batter": "CR Knott",
              "bowler": "SFM Devine",
              "non_striker": "CL Griffith",
              "runs": {
                "batter": 1,
                "extras": 0,
                "total": 1
              }
            },
            {
              "batter": "CL Griffith",
              "bowler": "SFM Devine",
              "non_striker": "CR Knott",
              "runs": {
                "batter": 1,
                "extras": 0,
                "total": 1
              }
            },
            {
              "batter": "CR Knott",
              "bowler": "SFM Devine",
              "non_striker": "CL Griffith",
              "runs": {
                "batter": 4,
                "extras": 0,
                "total": 4
              }
            }
          ]
        },
        {
          "over": 13,
          "deliveries": [
            {
              "batter": "CR Knott",
              "bowler": "CL Tryon",
              "non_striker": "CL Griffith",
              "runs": {
                "batter": 1,
                "extras": 0,
                "total": 1
              }
            },
            {
              "batter": "CL Griffith",
              "bowler": "CL Tryon",
              "non_striker": "CR Knott",
              "runs": {
                "batter": 1,
                "extras": 0,
                "total": 1
              }
            },
            {
              "batter": "CR Knott",
              "bowler": "CL Tryon",
              "non_striker": "CL Griffith",
              "runs": {
                "batter": 2,
                "extras": 0,
                "total": 2
              }
            },
            {
              "batter": "CR Knott",
              "bowler": "CL Tryon",
              "non_striker": "CL Griffith",
              "runs": {
                "batter": 1,
                "extras": 0,
                "total": 1
              }
            },
            {
              "batter": "CL Griffith",
              "bowler": "CL Tryon",
              "non_striker": "CR Knott",
              "runs": {
                "batter": 1,
                "extras": 0,
                "total": 1
              }
            }
          ]
        },
        {
          "over": 14,
          "deliveries": [
            {
              "batter": "CL Griffith",
              "bowler": "GL Adams",
              "non_striker": "CR Knott",
              "runs": {
                "batter": 1,
                "extras": 0,
                "total": 1
              }
            },
            {
              "batter": "CR Knott",
              "bowler": "GL Adams",
              "non_striker": "CL Griffith",
              "runs": {
                "batter": 0,
                "extras": 0,
                "total": 0
              }
            },
            {
              "batter": "CR Knott",
              "bowler": "GL Adams",
              "non_striker": "CL Griffith",
              "runs": {
                "batter": 4,
                "extras": 0,
                "total": 4
              }
            },
            {
              "batter": "CR Knott",
              "bowler": "GL Adams",
              "non_striker": "CL Griffith",
              "runs": {
                "batter": 1,
                "extras": 0,
                "total": 1
              }
            },
            {
              "batter": "CL Griffith",
              "bowler": "GL Adams",
              "non_striker": "CR Knott",
              "runs": {
                "batter": 0,
                "extras": 0,
                "total": 0
              },
              "wickets": [
                {
                  "player_out": "CL Griffith",
                  "fielders": [
                    {
                      "name": "LK Bell"
                    }
                  ],
                  "kind": "caught"
                }
              ]
            }
          ]
        },
        {
          "over": 15,
          "deliveries": [
            {
              "batter": "DR Gibson",
              "bowler": "MR Corteen-Coleman",
              "non_striker": "CR Knott",
              "runs": {
                "batter": 2,
                "extras": 0,
                "total": 2
              }
            },
            {
              "batter": "DR Gibson",
              "bowler": "MR Corteen-Coleman",
              "non_striker": "CR Knott",
              "runs": {
                "batter": 1,
                "extras": 0,
                "total": 1
              }
            },
            {
              "batter": "CR Knott",
              "bowler": "MR Corteen-Coleman",
              "non_striker": "DR Gibson",
              "runs": {
                "batter": 1,
                "extras": 0,
                "total": 1
              }
            },
            {
              "batter": "DR Gibson",
              "bowler": "MR Corteen-Coleman",
              "non_striker": "CR Knott",
              "runs": {
                "batter": 1,
                "extras": 0,
                "total": 1
              }
            },
            {
              "batter": "CR Knott",
              "bowler": "MR Corteen-Coleman",
              "non_striker": "DR Gibson",
              "runs": {
                "batter": 0,
                "extras": 0,
                "total": 0
              }
            }
          ]
        },
        {
          "over": 16,
          "deliveries": [
            {
              "batter": "DR Gibson",
              "bowler": "SFM Devine",
              "non_striker": "CR Knott",
              "runs": {
                "batter": 1,
                "extras": 0,
                "total": 1
              }
            },
            {
              "batter": "CR Knott",
              "bowler": "SFM Devine",
              "non_striker": "DR Gibson",
              "runs": {
                "batter": 1,
                "extras": 0,
                "total": 1
              }
            },
            {
              "batter": "DR Gibson",
              "bowler": "SFM Devine",
              "non_striker": "CR Knott",
              "runs": {
                "batter": 3,
                "extras": 0,
                "total": 3
              }
            },
            {
              "batter": "CR Knott",
              "bowler": "SFM Devine",
              "non_striker": "DR Gibson",
              "runs": {
                "batter": 0,
                "extras": 0,
                "total": 0
              },
              "wickets": [
                {
                  "player_out": "CR Knott",
                  "fielders": [
                    {
                      "name": "DN Wyatt"
                    },
                    {
                      "name": "R Southby"
                    }
                  ],
                  "kind": "run out"
                }
              ]
            },
            {
              "batter": "IECM Wong",
              "bowler": "SFM Devine",
              "extras": {
                "legbyes": 1
              },
              "non_striker": "DR Gibson",
              "runs": {
                "batter": 0,
                "extras": 1,
                "total": 1
              }
            }
          ]
        },
        {
          "over": 17,
          "deliveries": [
            {
              "batter": "DR Gibson",
              "bowler": "CL Tryon",
              "non_striker": "IECM Wong",
              "runs": {
                "batter": 1,
                "extras": 0,
                "total": 1
              }
            },
            {
              "batter": "IECM Wong",
              "bowler": "CL Tryon",
              "non_striker": "DR Gibson",
              "runs": {
                "batter": 0,
                "extras": 0,
                "total": 0
              },
              "wickets": [
                {
                  "player_out": "IECM Wong",
                  "fielders": [
                    {
                      "name": "ME Bouchier"
                    }
                  ],
                  "kind": "caught"
                }
              ]
            },
            {
              "batter": "S Glenn",
              "bowler": "CL Tryon",
              "non_striker": "DR Gibson",
              "runs": {
                "batter": 0,
                "extras": 0,
                "total": 0
              }
            },
            {
              "batter": "S Glenn",
              "bowler": "CL Tryon",
              "non_striker": "DR Gibson",
              "runs": {
                "batter": 1,
                "extras": 0,
                "total": 1
              },
              "wickets": [
                {
                  "player_out": "DR Gibson",
                  "fielders": [
                    {
                      "name": "ME Bouchier"
                    }
                  ],
                  "kind": "run out"
                }
              ]
            },
            {
              "batter": "S Glenn",
              "bowler": "CL Tryon",
              "non_striker": "CE Dean",
              "runs": {
                "batter": 0,
                "extras": 0,
                "total": 0
              }
            }
          ]
        },
        {
          "over": 18,
          "deliveries": [
            {
              "batter": "CE Dean",
              "bowler": "LK Bell",
              "non_striker": "S Glenn",
              "runs": {
                "batter": 1,
                "extras": 0,
                "total": 1
              }
            },
            {
              "batter": "S Glenn",
              "bowler": "LK Bell",
              "non_striker": "CE Dean",
              "runs": {
                "batter": 0,
                "extras": 0,
                "total": 0
              }
            },
            {
              "batter": "S Glenn",
              "bowler": "LK Bell",
              "non_striker": "CE Dean",
              "runs": {
                "batter": 0,
                "extras": 0,
                "total": 0
              }
            },
            {
              "batter": "S Glenn",
              "bowler": "LK Bell",
              "non_striker": "CE Dean",
              "runs": {
                "batter": 1,
                "extras": 0,
                "total": 1
              }
            },
            {
              "batter": "CE Dean",
              "bowler": "LK Bell",
              "non_striker": "S Glenn",
              "runs": {
                "batter": 1,
                "extras": 0,
                "total": 1
              }
            }
          ]
        },
        {
          "over": 19,
          "deliveries": [
            {
              "batter": "S Glenn",
              "bowler": "MK Villiers",
              "non_striker": "CE Dean",
              "runs": {
                "batter": 1,
                "extras": 0,
                "total": 1
              }
            },
            {
              "batter": "CE Dean",
              "bowler": "MK Villiers",
              "non_striker": "S Glenn",
              "runs": {
                "batter": 0,
                "extras": 0,
                "total": 0
              }
            },
            {
              "batter": "CE Dean",
              "bowler": "MK Villiers",
              "non_striker": "S Glenn",
              "runs": {
                "batter": 4,
                "extras": 0,
                "total": 4
              }
            },
            {
              "batter": "CE Dean",
              "bowler": "MK Villiers",
              "non_striker": "S Glenn",
              "runs": {
                "batter": 1,
                "extras": 0,
                "total": 1
              }
            },
            {
              "batter": "S Glenn",
              "bowler": "MK Villiers",
              "non_striker": "CE Dean",
              "runs": {
                "batter": 0,
                "extras": 0,
                "total": 0
              },
              "wickets": [
                {
                  "player_out": "S Glenn",
                  "fielders": [
                    {
                      "name": "GL Adams"
                    }
                  ],
                  "kind": "caught"
                }
              ]
            }
          ]
        }
      ],
      "powerplays": [
        {
          "from": 0.1,
          "to": 4.5,
          "type": "mandatory"
        }
      ]
    },
    {
      "team": "Southern Brave",
      "overs": [
        {
          "over": 0,
          "deliveries": [
            {
              "batter": "ME Bouchier",
              "bowler": "R Tyson",
              "non_striker": "DN Wyatt",
              "runs": {
                "batter": 0,
                "extras": 0,
                "total": 0
              }
            },
            {
              "batter": "ME Bouchier",
              "bowler": "R Tyson",
              "non_striker": "DN Wyatt",
              "runs": {
                "batter": 4,
                "extras": 0,
                "total": 4
              }
            },
            {
              "batter": "ME Bouchier",
              "bowler": "R Tyson",
              "non_striker": "DN Wyatt",
              "runs": {
                "batter": 1,
                "extras": 0,
                "total": 1
              }
            },
            {
              "batter": "DN Wyatt",
              "bowler": "R Tyson",
              "non_striker": "ME Bouchier",
              "runs": {
                "batter": 0,
                "extras": 0,
                "total": 0
              }
            },
            {
              "batter": "DN Wyatt",
              "bowler": "R Tyson",
              "non_striker": "ME Bouchier",
              "runs": {
                "batter": 4,
                "extras": 0,
                "total": 4
              }
            }
          ]
        },
        {
          "over": 1,
          "deliveries": [
            {
              "batter": "DN Wyatt",
              "bowler": "IECM Wong",
              "non_striker": "ME Bouchier",
              "runs": {
                "batter": 4,
                "extras": 0,
                "total": 4
              }
            },
            {
              "batter": "DN Wyatt",
              "bowler": "IECM Wong",
              "non_striker": "ME Bouchier",
              "runs": {
                "batter": 0,
                "extras": 0,
                "total": 0
              }
            },
            {
              "batter": "DN Wyatt",
              "bowler": "IECM Wong",
              "non_striker": "ME Bouchier",
              "review": {
                "by": "London Spirit",
                "umpire": "AY Harris",
                "batter": "ME Bouchier",
                "decision": "upheld",
                "type": "wicket"
              },
              "runs": {
                "batter": 0,
                "extras": 0,
                "total": 0
              },
              "wickets": [
                {
                  "player_out": "DN Wyatt",
                  "kind": "lbw"
                }
              ]
            },
            {
              "batter": "L Wolvaardt",
              "bowler": "IECM Wong",
              "non_striker": "ME Bouchier",
              "runs": {
                "batter": 2,
                "extras": 0,
                "total": 2
              }
            },
            {
              "batter": "L Wolvaardt",
              "bowler": "IECM Wong",
              "non_striker": "ME Bouchier",
              "runs": {
                "batter": 0,
                "extras": 0,
                "total": 0
              }
            }
          ]
        },
        {
          "over": 2,
          "deliveries": [
            {
              "batter": "ME Bouchier",
              "bowler": "CE Dean",
              "non_striker": "L Wolvaardt",
              "runs": {
                "batter": 2,
                "extras": 0,
                "total": 2
              }
            },
            {
              "batter": "ME Bouchier",
              "bowler": "CE Dean",
              "non_striker": "L Wolvaardt",
              "runs": {
                "batter": 1,
                "extras": 0,
                "total": 1
              }
            },
            {
              "batter": "L Wolvaardt",
              "bowler": "CE Dean",
              "non_striker": "ME Bouchier",
              "runs": {
                "batter": 0,
                "extras": 0,
                "total": 0
              }
            },
            {
              "batter": "L Wolvaardt",
              "bowler": "CE Dean",
              "non_striker": "ME Bouchier",
              "runs": {
                "batter": 4,
                "extras": 0,
                "total": 4
              }
            },
            {
              "batter": "L Wolvaardt",
              "bowler": "CE Dean",
              "non_striker": "ME Bouchier",
              "runs": {
                "batter": 2,
                "extras": 0,
                "total": 2
              }
            }
          ]
        },
        {
          "over": 3,
          "deliveries": [
            {
              "batter": "L Wolvaardt",
              "bowler": "R Tyson",
              "non_striker": "ME Bouchier",
              "runs": {
                "batter": 0,
                "extras": 0,
                "total": 0
              }
            },
            {
              "batter": "L Wolvaardt",
              "bowler": "R Tyson",
              "non_striker": "ME Bouchier",
              "runs": {
                "batter": 4,
                "extras": 0,
                "total": 4
              }
            },
            {
              "batter": "L Wolvaardt",
              "bowler": "R Tyson",
              "non_striker": "ME Bouchier",
              "runs": {
                "batter": 0,
                "extras": 0,
                "total": 0
              }
            },
            {
              "batter": "L Wolvaardt",
              "bowler": "R Tyson",
              "non_striker": "ME Bouchier",
              "runs": {
                "batter": 4,
                "extras": 0,
                "total": 4
              }
            },
            {
              "batter": "L Wolvaardt",
              "bowler": "R Tyson",
              "non_striker": "ME Bouchier",
              "runs": {
                "batter": 1,
                "extras": 0,
                "total": 1
              }
            }
          ]
        },
        {
          "over": 4,
          "deliveries": [
            {
              "batter": "L Wolvaardt",
              "bowler": "IECM Wong",
              "non_striker": "ME Bouchier",
              "runs": {
                "batter": 0,
                "extras": 0,
                "total": 0
              }
            },
            {
              "batter": "L Wolvaardt",
              "bowler": "IECM Wong",
              "non_striker": "ME Bouchier",
              "runs": {
                "batter": 0,
                "extras": 0,
                "total": 0
              }
            },
            {
              "batter": "L Wolvaardt",
              "bowler": "IECM Wong",
              "non_striker": "ME Bouchier",
              "runs": {
                "batter": 6,
                "extras": 0,
                "total": 6
              }
            },
            {
              "batter": "L Wolvaardt",
              "bowler": "IECM Wong",
              "extras": {
                "wides": 5
              },
              "non_striker": "ME Bouchier",
              "runs": {
                "batter": 0,
                "extras": 5,
                "total": 5
              }
            },
            {
              "batter": "L Wolvaardt",
              "bowler": "IECM Wong",
              "non_striker": "ME Bouchier",
              "runs": {
                "batter": 1,
                "extras": 0,
                "total": 1
              }
            },
            {
              "batter": "ME Bouchier",
              "bowler": "IECM Wong",
              "non_striker": "L Wolvaardt",
              "runs": {
                "batter": 4,
                "extras": 0,
                "total": 4
              }
            }
          ]
        },
        {
          "over": 5,
          "deliveries": [
            {
              "batter": "ME Bouchier",
              "bowler": "S Glenn",
              "non_striker": "L Wolvaardt",
              "runs": {
                "batter": 1,
                "extras": 0,
                "total": 1
              }
            },
            {
              "batter": "L Wolvaardt",
              "bowler": "S Glenn",
              "non_striker": "ME Bouchier",
              "runs": {
                "batter": 2,
                "extras": 0,
                "total": 2
              }
            },
            {
              "batter": "L Wolvaardt",
              "bowler": "S Glenn",
              "non_striker": "ME Bouchier",
              "runs": {
                "batter": 0,
                "extras": 0,
                "total": 0
              }
            },
            {
              "batter": "L Wolvaardt",
              "bowler": "S Glenn",
              "non_striker": "ME Bouchier",
              "runs": {
                "batter": 0,
                "extras": 0,
                "total": 0
              }
            },
            {
              "batter": "L Wolvaardt",
              "bowler": "S Glenn",
              "non_striker": "ME Bouchier",
              "runs": {
                "batter": 1,
                "extras": 0,
                "total": 1
              }
            }
          ]
        },
        {
          "over": 6,
          "deliveries": [
            {
              "batter": "L Wolvaardt",
              "bowler": "E Gray",
              "non_striker": "ME Bouchier",
              "runs": {
                "batter": 6,
                "extras": 0,
                "total": 6
              }
            },
            {
              "batter": "L Wolvaardt",
              "bowler": "E Gray",
              "non_striker": "ME Bouchier",
              "runs": {
                "batter": 1,
                "extras": 0,
                "total": 1
              }
            },
            {
              "batter": "ME Bouchier",
              "bowler": "E Gray",
              "non_striker": "L Wolvaardt",
              "runs": {
                "batter": 0,
                "extras": 0,
                "total": 0
              }
            },
            {
              "batter": "ME Bouchier",
              "bowler": "E Gray",
              "non_striker": "L Wolvaardt",
              "runs": {
                "batter": 2,
                "extras": 0,
                "total": 2
              }
            },
            {
              "batter": "ME Bouchier",
              "bowler": "E Gray",
              "non_striker": "L Wolvaardt",
              "runs": {
                "batter": 0,
                "extras": 0,
                "total": 0
              }
            }
          ]
        },
        {
          "over": 7,
          "deliveries": [
            {
              "batter": "ME Bouchier",
              "bowler": "CR Knott",
              "non_striker": "L Wolvaardt",
              "runs": {
                "batter": 2,
                "extras": 0,
                "total": 2
              }
            },
            {
              "batter": "ME Bouchier",
              "bowler": "CR Knott",
              "non_striker": "L Wolvaardt",
              "runs": {
                "batter": 4,
                "extras": 0,
                "total": 4
              }
            },
            {
              "batter": "ME Bouchier",
              "bowler": "CR Knott",
              "extras": {
                "legbyes": 1
              },
              "non_striker": "L Wolvaardt",
              "runs": {
                "batter": 0,
                "extras": 1,
                "total": 1
              }
            },
            {
              "batter": "L Wolvaardt",
              "bowler": "CR Knott",
              "non_striker": "ME Bouchier",
              "runs": {
                "batter": 1,
                "extras": 0,
                "total": 1
              }
            },
            {
              "batter": "ME Bouchier",
              "bowler": "CR Knott",
              "non_striker": "L Wolvaardt",
              "runs": {
                "batter": 1,
                "extras": 0,
                "total": 1
              }
            }
          ]
        },
        {
          "over": 8,
          "deliveries": [
            {
              "batter": "ME Bouchier",
              "bowler": "S Glenn",
              "non_striker": "L Wolvaardt",
              "runs": {
                "batter": 0,
                "extras": 0,
                "total": 0
              }
            },
            {
              "batter": "ME Bouchier",
              "bowler": "S Glenn",
              "non_striker": "L Wolvaardt",
              "runs": {
                "batter": 0,
                "extras": 0,
                "total": 0
              }
            },
            {
              "batter": "ME Bouchier",
              "bowler": "S Glenn",
              "non_striker": "L Wolvaardt",
              "runs": {
                "batter": 4,
                "extras": 0,
                "total": 4
              }
            },
            {
              "batter": "ME Bouchier",
              "bowler": "S Glenn",
              "non_striker": "L Wolvaardt",
              "runs": {
                "batter": 4,
                "extras": 0,
                "total": 4
              }
            },
            {
              "batter": "ME Bouchier",
              "bowler": "S Glenn",
              "non_striker": "L Wolvaardt",
              "runs": {
                "batter": 0,
                "extras": 0,
                "total": 0
              }
            }
          ]
        },
        {
          "over": 9,
          "deliveries": [
            {
              "batter": "ME Bouchier",
              "bowler": "CE Dean",
              "non_striker": "L Wolvaardt",
              "runs": {
                "batter": 0,
                "extras": 0,
                "total": 0
              }
            },
            {
              "batter": "ME Bouchier",
              "bowler": "CE Dean",
              "non_striker": "L Wolvaardt",
              "runs": {
                "batter": 2,
                "extras": 0,
                "total": 2
              }
            },
            {
              "batter": "ME Bouchier",
              "bowler": "CE Dean",
              "non_striker": "L Wolvaardt",
              "runs": {
                "batter": 1,
                "extras": 0,
                "total": 1
              }
            },
            {
              "batter": "L Wolvaardt",
              "bowler": "CE Dean",
              "non_striker": "ME Bouchier",
              "runs": {
                "batter": 1,
                "extras": 0,
                "total": 1
              }
            },
            {
              "batter": "ME Bouchier",
              "bowler": "CE Dean",
              "non_striker": "L Wolvaardt",
              "runs": {
                "batter": 1,
                "extras": 0,
                "total": 1
              }
            }
          ]
        },
        {
          "over": 10,
          "deliveries": [
            {
              "batter": "ME Bouchier",
              "bowler": "IECM Wong",
              "non_striker": "L Wolvaardt",
              "runs": {
                "batter": 1,
                "extras": 0,
                "total": 1
              }
            },
            {
              "batter": "L Wolvaardt",
              "bowler": "IECM Wong",
              "non_striker": "ME Bouchier",
              "runs": {
                "batter": 1,
                "extras": 0,
                "total": 1
              }
            },
            {
              "batter": "ME Bouchier",
              "bowler": "IECM Wong",
              "non_striker": "L Wolvaardt",
              "runs": {
                "batter": 0,
                "extras": 0,
                "total": 0
              }
            },
            {
              "batter": "ME Bouchier",
              "bowler": "IECM Wong",
              "non_striker": "L Wolvaardt",
              "runs": {
                "batter": 1,
                "extras": 0,
                "total": 1
              }
            },
            {
              "batter": "L Wolvaardt",
              "bowler": "IECM Wong",
              "non_striker": "ME Bouchier",
              "runs": {
                "batter": 2,
                "extras": 0,
                "total": 2
              }
            }
          ]
        },
        {
          "over": 11,
          "deliveries": [
            {
              "batter": "L Wolvaardt",
              "bowler": "S Glenn",
              "non_striker": "ME Bouchier",
              "runs": {
                "batter": 1,
                "extras": 0,
                "total": 1
              }
            },
            {
              "batter": "ME Bouchier",
              "bowler": "S Glenn",
              "non_striker": "L Wolvaardt",
              "runs": {
                "batter": 1,
                "extras": 0,
                "total": 1
              }
            },
            {
              "batter": "L Wolvaardt",
              "bowler": "S Glenn",
              "non_striker": "ME Bouchier",
              "runs": {
                "batter": 1,
                "extras": 0,
                "total": 1
              }
            },
            {
              "batter": "ME Bouchier",
              "bowler": "S Glenn",
              "non_striker": "L Wolvaardt",
              "runs": {
                "batter": 1,
                "extras": 0,
                "total": 1
              }
            },
            {
              "batter": "L Wolvaardt",
              "bowler": "S Glenn",
              "non_striker": "ME Bouchier",
              "runs": {
                "batter": 1,
                "extras": 0,
                "total": 1
              }
            }
          ]
        },
        {
          "over": 12,
          "deliveries": [
            {
              "batter": "L Wolvaardt",
              "bowler": "E Gray",
              "non_striker": "ME Bouchier",
              "runs": {
                "batter": 2,
                "extras": 0,
                "total": 2
              }
            },
            {
              "batter": "L Wolvaardt",
              "bowler": "E Gray",
              "non_striker": "ME Bouchier",
              "runs": {
                "batter": 4,
                "extras": 0,
                "total": 4
              }
            },
            {
              "batter": "L Wolvaardt",
              "bowler": "E Gray",
              "non_striker": "ME Bouchier",
              "runs": {
                "batter": 1,
                "extras": 0,
                "total": 1
              }
            },
            {
              "batter": "ME Bouchier",
              "bowler": "E Gray",
              "non_striker": "L Wolvaardt",
              "runs": {
                "batter": 0,
                "extras": 0,
                "total": 0
              }
            },
            {
              "batter": "ME Bouchier",
              "bowler": "E Gray",
              "non_striker": "L Wolvaardt",
              "runs": {
                "batter": 0,
                "extras": 0,
                "total": 0
              }
            }
          ]
        },
        {
          "over": 13,
          "deliveries": [
            {
              "batter": "ME Bouchier",
              "bowler": "IECM Wong",
              "non_striker": "L Wolvaardt",
              "runs": {
                "batter": 4,
                "extras": 0,
                "total": 4
              }
            },
            {
              "batter": "ME Bouchier",
              "bowler": "IECM Wong",
              "non_striker": "L Wolvaardt",
              "runs": {
                "batter": 1,
                "extras": 0,
                "total": 1
              }
            },
            {
              "batter": "L Wolvaardt",
              "bowler": "IECM Wong",
              "extras": {
                "wides": 1
              },
              "non_striker": "ME Bouchier",
              "runs": {
                "batter": 0,
                "extras": 1,
                "total": 1
              }
            },
            {
              "batter": "L Wolvaardt",
              "bowler": "IECM Wong",
              "non_striker": "ME Bouchier",
              "runs": {
                "batter": 1,
                "extras": 0,
                "total": 1
              }
            },
            {
              "batter": "ME Bouchier",
              "bowler": "IECM Wong",
              "non_striker": "L Wolvaardt",
              "runs": {
                "batter": 0,
                "extras": 0,
                "total": 0
              }
            },
            {
              "batter": "ME Bouchier",
              "bowler": "IECM Wong",
              "non_striker": "L Wolvaardt",
              "runs": {
                "batter": 0,
                "extras": 0,
                "total": 0
              },
              "wickets": [
                {
                  "player_out": "ME Bouchier",
                  "fielders": [
                    {
                      "name": "E Gray"
                    }
                  ],
                  "kind": "caught"
                }
              ]
            }
          ]
        },
        {
          "over": 14,
          "deliveries": [
            {
              "batter": "L Wolvaardt",
              "bowler": "CE Dean",
              "non_striker": "SFM Devine",
              "runs": {
                "batter": 1,
                "extras": 0,
                "total": 1
              }
            },
            {
              "batter": "SFM Devine",
              "bowler": "CE Dean",
              "non_striker": "L Wolvaardt",
              "runs": {
                "batter": 0,
                "extras": 0,
                "total": 0
              }
            },
            {
              "batter": "SFM Devine",
              "bowler": "CE Dean",
              "non_striker": "L Wolvaardt",
              "runs": {
                "batter": 0,
                "extras": 0,
                "total": 0
              }
            },
            {
              "batter": "SFM Devine",
              "bowler": "CE Dean",
              "non_striker": "L Wolvaardt",
              "runs": {
                "batter": 1,
                "extras": 0,
                "total": 1
              }
            },
            {
              "batter": "L Wolvaardt",
              "bowler": "CE Dean",
              "non_striker": "SFM Devine",
              "runs": {
                "batter": 0,
                "extras": 0,
                "total": 0
              }
            }
          ]
        },
        {
          "over": 15,
          "deliveries": [
            {
              "batter": "L Wolvaardt",
              "bowler": "GM Harris",
              "non_striker": "SFM Devine",
              "runs": {
                "batter": 1,
                "extras": 0,
                "total": 1
              }
            },
            {
              "batter": "SFM Devine",
              "bowler": "GM Harris",
              "non_striker": "L Wolvaardt",
              "runs": {
                "batter": 0,
                "extras": 0,
                "total": 0
              }
            },
            {
              "batter": "SFM Devine",
              "bowler": "GM Harris",
              "non_striker": "L Wolvaardt",
              "runs": {
                "batter": 0,
                "extras": 0,
                "total": 0
              }
            },
            {
              "batter": "SFM Devine",
              "bowler": "GM Harris",
              "non_striker": "L Wolvaardt",
              "runs": {
                "batter": 1,
                "extras": 0,
                "total": 1
              }
            },
            {
              "batter": "L Wolvaardt",
              "bowler": "GM Harris",
              "non_striker": "SFM Devine",
              "runs": {
                "batter": 1,
                "extras": 0,
                "total": 1
              }
            }
          ]
        },
        {
          "over": 16,
          "deliveries": [
            {
              "batter": "L Wolvaardt",
              "bowler": "S Glenn",
              "non_striker": "SFM Devine",
              "runs": {
                "batter": 1,
                "extras": 0,
                "total": 1
              }
            },
            {
              "batter": "SFM Devine",
              "bowler": "S Glenn",
              "non_striker": "L Wolvaardt",
              "runs": {
                "batter": 0,
                "extras": 0,
                "total": 0
              }
            },
            {
              "batter": "SFM Devine",
              "bowler": "S Glenn",
              "non_striker": "L Wolvaardt",
              "runs": {
                "batter": 0,
                "extras": 0,
                "total": 0
              }
            },
            {
              "batter": "SFM Devine",
              "bowler": "S Glenn",
              "non_striker": "L Wolvaardt",
              "runs": {
                "batter": 1,
                "extras": 0,
                "total": 1
              }
            },
            {
              "batter": "L Wolvaardt",
              "bowler": "S Glenn",
              "non_striker": "SFM Devine",
              "runs": {
                "batter": 1,
                "extras": 0,
                "total": 1
              }
            }
          ]
        },
        {
          "over": 17,
          "deliveries": [
            {
              "batter": "SFM Devine",
              "bowler": "E Gray",
              "non_striker": "L Wolvaardt",
              "runs": {
                "batter": 1,
                "extras": 0,
                "total": 1
              }
            },
            {
              "batter": "L Wolvaardt",
              "bowler": "E Gray",
              "non_striker": "SFM Devine",
              "runs": {
                "batter": 0,
                "extras": 0,
                "total": 0
              }
            },
            {
              "batter": "L Wolvaardt",
              "bowler": "E Gray",
              "non_striker": "SFM Devine",
              "runs": {
                "batter": 0,
                "extras": 0,
                "total": 0
              }
            },
            {
              "batter": "L Wolvaardt",
              "bowler": "E Gray",
              "non_striker": "SFM Devine",
              "runs": {
                "batter": 1,
                "extras": 0,
                "total": 1
              }
            },
            {
              "batter": "SFM Devine",
              "bowler": "E Gray",
              "non_striker": "L Wolvaardt",
              "runs": {
                "batter": 1,
                "extras": 0,
                "total": 1
              }
            }
          ]
        },
        {
          "over": 18,
          "deliveries": [
            {
              "batter": "SFM Devine",
              "bowler": "CE Dean",
              "non_striker": "L Wolvaardt",
              "runs": {
                "batter": 2,
                "extras": 0,
                "total": 2
              }
            },
            {
              "batter": "SFM Devine",
              "bowler": "CE Dean",
              "non_striker": "L Wolvaardt",
              "runs": {
                "batter": 0,
                "extras": 0,
                "total": 0
              }
            },
            {
              "batter": "SFM Devine",
              "bowler": "CE Dean",
              "non_striker": "L Wolvaardt",
              "runs": {
                "batter": 4,
                "extras": 0,
                "total": 4
              }
            },
            {
              "batter": "SFM Devine",
              "bowler": "CE Dean",
              "non_striker": "L Wolvaardt",
              "runs": {
                "batter": 1,
                "extras": 0,
                "total": 1
              }
            }
          ]
        }
      ],
      "powerplays": [
        {
          "from": 0.1,
          "to": 4.6,
          "type": "mandatory"
        }
      ],
      "target": {
        "overs": 20,
        "runs": 126
      }
    }
  ]
}