{
  "meta": {
    "data_version": "1.1.0",
    "created": "2025-08-18",
    "revision": 1
  },
  "info": {
    "balls_per_over": 5,
    "city": "Nottingham",
    "dates": [
      "2025-08-10"
    ],
    "event": {
      "name": "The Hundred Women's Competition",
      "match_number": 8
    },
    "gender": "female",
    "match_type": "T20",
    "officials": {
      "match_referees": [
        "WR Smith"
      ],
      "reserve_umpires": [
        "G Brown"
      ],
      "tv_umpires": [
        "NL Bainton"
      ],
      "umpires": [
        "Chris Watts",
        "Surendiran Shanmugam"
      ]
    },
    "outcome": {
      "winner": "Northern Superchargers",
      "by": {
        "wickets": 8
      }
    },
    "overs": 20,
    "player_of_match": [
      "D Perrin"
    ],
    "players": {
      "Trent Rockets": [
        "BF Smith",
        "G Scrivens",
        "NAJ Wraith",
        "NR Sciver-Brunt",
        "A Gardner",
        "H Graham",
        "E Jones",
        "A King",
        "A Stonehouse",
        "KL Gordon",
        "CM McCarthy"
      ],
      "Northern Superchargers": [
        "D Perrin",
        "AN Davidson-Richards",
        "P Litchfield",
        "A Sutherland",
        "HJ Armitage",
        "G Wareham",
        "BAM Heath",
        "KL Cross",
        "LF Higham",
        "LCN Smith",
        "G Ballinger"
      ]
    },
    "registry": {
      "people": {
        "A Gardner": "bc969efb",
        "A King": "83558266",
        "A Stonehouse": "c9366237",
        "A Sutherland": "65d9b6b6",
        "AN Davidson-Richards": "35828bdd",
        "BAM Heath": "3b5a9438",
        "BF Smith": "c64b7c5b",
        "CM McCarthy": "7ce7fb3c",
        "Chris Watts": "3cfb1554",
        "D Perrin": "bfa0fa33",
        "E Jones": "4cf60e73",
        "G Ballinger": "2f485713",
        "G Brown": "4b781bd0",
        "G Scrivens": "7306c48d",
        "G Wareham": "f0b4e47d",
        "H Graham": "99812d10",
        "HJ Armitage": "f05167d2",
        "KL Cross": "1ade138e",
        "KL Gordon": "00823a96",
        "LCN Smith": "340202b0",
        "LF Higham": "fbd79b9b",
        "NAJ Wraith": "1ec1998e",
        "NL Bainton": "cd219cb3",
        "NR Sciver-Brunt": "f3a18a0c",
        "P Litchfield": "4e6ef14f",
        "Surendiran Shanmugam": "2ef5fc2b",
        "WR Smith": "ad962377"
      }
    },
    "season": "2025",
    "team_type": "club",
    "teams": [
      "Trent Rockets",
      "Northern Superchargers"
    ],
    "toss": {
      "decision": "bat",
      "winner": "Trent Rockets"
    },
    "venue": "Trent Bridge, Nottingham"
  },
  "innings": [
    {
      "team": "Trent Rockets",
      "overs": [
        {
          "over": 0,
          "deliveries": [
            {
              "batter": "BF Smith",
              "bowler": "G Ballinger",
              "non_striker": "G Scrivens",
              "runs": {
                "batter": 0,
                "extras": 0,
                "total": 0
              }
            },
            {
              "batter": "BF Smith",
              "bowler": "G Ballinger",
              "non_striker": "G Scrivens",
              "runs": {
                "batter": 0,
                "extras": 0,
                "total": 0
              }
            },
            {
              "batter": "BF Smith",
              "bowler": "G Ballinger",
              "non_striker": "G Scrivens",
              "runs": {
                "batter": 0,
                "extras": 0,
                "total": 0
              }
            },
            {
              "batter": "BF Smith",
              "bowler": "G Ballinger",
              "non_striker": "G Scrivens",
              "runs": {
                "batter": 1,
                "extras": 0,
                "total": 1
              }
            },
            {
              "batter": "G Scrivens",
              "bowler": "G Ballinger",
              "non_striker": "BF Smith",
              "runs": {
                "batter": 0,
                "extras": 0,
                "total": 0
              },
              "wickets": [
                {
                  "player_out": "BF Smith",
                  "fielders": [
                    {
                      "name": "G Wareham"
                    }
                  ],
                  "kind": "run out"
                }
              ]
            }
          ]
        },
        {
          "over": 1,
          "deliveries": [
            {
              "batter": "NAJ Wraith",
              "bowler": "G Ballinger",
              "non_striker": "G Scrivens",
              "runs": {
                "batter": 1,
                "extras": 0,
                "total": 1
              }
            },
            {
              "batter": "G Scrivens",
              "bowler": "G Ballinger",
              "non_striker": "NAJ Wraith",
              "runs": {
                "batter": 0,
                "extras": 0,
                "total": 0
              }
            },
            {
              "batter": "G Scrivens",
              "bowler": "G Ballinger",
              "non_striker": "NAJ Wraith",
              "runs": {
                "batter": 1,
                "extras": 0,
                "total": 1
              }
            },
            {
              "batter": "NAJ Wraith",
              "bowler": "G Ballinger",
              "non_striker": "G Scrivens",
              "runs": {
                "batter": 0,
                "extras": 0,
                "total": 0
              }
            },
            {
              "batter": "NAJ Wraith",
              "bowler": "G Ballinger",
              "extras": {
                "legbyes": 1
              },
              "non_striker": "G Scrivens",
              "runs": {
                "batter": 0,
                "extras": 1,
                "total": 1
              }
            }
          ]
        },
        {
          "over": 2,
          "deliveries": [
            {
              "batter": "NAJ Wraith",
              "bowler": "LCN Smith",
              "non_striker": "G Scrivens",
              "runs": {
                "batter": 0,
                "extras": 0,
                "total": 0
              }
            },
            {
              "batter": "NAJ Wraith",
              "bowler": "LCN Smith",
              "non_striker": "G Scrivens",
              "runs": {
                "batter": 0,
                "extras": 0,
                "total": 0
              },
              "wickets": [
                {
                  "player_out": "NAJ Wraith",
                  "fielders": [
                    {
                      "name": "P Litchfield"
                    }
                  ],
                  "kind": "caught"
                }
              ]
            },
            {
              "batter": "NR Sciver-Brunt",
              "bowler": "LCN Smith",
              "non_striker": "G Scrivens",
              "runs": {
                "batter": 0,
                "extras": 0,
                "total": 0
              }
            },
            {
              "batter": "NR Sciver-Brunt",
              "bowler": "LCN Smith",
              "non_striker": "G Scrivens",
              "runs": {
                "batter": 0,
                "extras": 0,
                "total": 0
              }
            },
            {
              "batter": "NR Sciver-Brunt",
              "bowler": "LCN Smith",
              "non_striker": "G Scrivens",
              "runs": {
                "batter": 0,
                "extras": 0,
                "total": 0
              }
            }
          ]
        },
        {
          "over": 3,
          "deliveries": [
            {
              "batter": "NR Sciver-Brunt",
              "bowler": "KL Cross",
              "non_striker": "G Scrivens",
              "runs": {
                "batter": 1,
                "extras": 0,
                "total": 1
              }
            },
            {
              "batter": "G Scrivens",
              "bowler": "KL Cross",
              "non_striker": "NR Sciver-Brunt",
              "runs": {
                "batter": 0,
                "extras": 0,
                "total": 0
              }
            },
            {
              "batter": "G Scrivens",
              "bowler": "KL Cross",
              "non_striker": "NR Sciver-Brunt",
              "runs": {
                "batter": 0,
                "extras": 0,
                "total": 0
              },
              "wickets": [
                {
                  "player_out": "G Scrivens",
                  "fielders": [
                    {
                      "name": "A Sutherland"
                    }
                  ],
                  "kind": "caught"
                }
              ]
            },
            {
              "batter": "A Gardner",
              "bowler": "KL Cross",
              "non_striker": "NR Sciver-Brunt",
              "runs": {
                "batter": 2,
                "extras": 0,
                "total": 2
              }
            },
            {
              "batter": "A Gardner",
              "bowler": "KL Cross",
              "non_striker": "NR Sciver-Brunt",
              "runs": {
                "batter": 2,
                "extras": 0,
                "total": 2
              }
            }
          ]
        },
        {
          "over": 4,
          "deliveries": [
            {
              "batter": "NR Sciver-Brunt",
              "bowler": "G Ballinger",
              "non_striker": "A Gardner",
              "runs": {
                "batter": 0,
                "extras": 0,
                "total": 0
              }
            },
            {
              "batter": "NR Sciver-Brunt",
              "bowler": "G Ballinger",
              "non_striker": "A Gardner",
              "runs": {
                "batter": 1,
                "extras": 0,
                "total": 1
              }
            },
            {
              "batter": "A Gardner",
              "bowler": "G Ballinger",
              "non_striker": "NR Sciver-Brunt",
              "runs": {
                "batter": 4,
                "extras": 0,
                "total": 4
              }
            },
            {
              "batter": "A Gardner",
              "bowler": "G Ballinger",
              "extras": {
                "noballs": 2
              },
              "non_striker": "NR Sciver-Brunt",
              "runs": {
                "batter": 1,
                "extras": 2,
                "total": 3
              }
            },
            {
              "batter": "NR Sciver-Brunt",
              "bowler": "G Ballinger",
              "non_striker": "A Gardner",
              "runs": {
                "batter": 6,
                "extras": 0,
                "total": 6
              }
            },
            {
              "batter": "NR Sciver-Brunt",
              "bowler": "G Ballinger",
              "non_striker": "A Gardner",
              "runs": {
                "batter": 1,
                "extras": 0,
                "total": 1
              }
            }
          ]
        },
        {
          "over": 5,
          "deliveries": [
            {
              "batter": "A Gardner",
              "bowler": "A Sutherland",
              "non_striker": "NR Sciver-Brunt",
              "runs": {
                "batter": 1,
                "extras": 0,
                "total": 1
              }
            },
            {
              "batter": "NR Sciver-Brunt",
              "bowler": "A Sutherland",
              "non_striker": "A Gardner",
              "runs": {
                "batter": 1,
                "extras": 0,
                "total": 1
              }
            },
            {
              "batter": "A Gardner",
              "bowler": "A Sutherland",
              "non_striker": "NR Sciver-Brunt",
              "runs": {
                "batter": 0,
                "extras": 0,
                "total": 0
              }
            },
            {
              "batter": "A Gardner",
              "bowler": "A Sutherland",
              "non_striker": "NR Sciver-Brunt",
              "runs": {
                "batter": 2,
                "extras": 0,
                "total": 2
              }
            },
            {
              "batter": "A Gardner",
              "bowler": "A Sutherland",
              "non_striker": "NR Sciver-Brunt",
              "runs": {
                "batter": 4,
                "extras": 0,
                "total": 4
              }
            }
          ]
        },
        {
          "over": 6,
          "deliveries": [
            {
              "batter": "NR Sciver-Brunt",
              "bowler": "LCN Smith",
              "non_striker": "A Gardner",
              "runs": {
                "batter": 1,
                "extras": 0,
                "total": 1
              }
            },
            {
              "batter": "A Gardner",
              "bowler": "LCN Smith",
              "non_striker": "NR Sciver-Brunt",
              "runs": {
                "batter": 4,
                "extras": 0,
                "total": 4
              }
            },
            {
              "batter": "A Gardner",
              "bowler": "LCN Smith",
              "non_striker": "NR Sciver-Brunt",
              "runs": {
                "batter": 1,
                "extras": 0,
                "total": 1
              }
            },
            {
              "batter": "NR Sciver-Brunt",
              "bowler": "LCN Smith",
              "non_striker": "A Gardner",
              "runs": {
                "batter": 1,
                "extras": 0,
                "total": 1
              }
            },
            {
              "batter": "A Gardner",
              "bowler": "LCN Smith",
              "non_striker": "NR Sciver-Brunt",
              "runs": {
                "batter": 0,
                "extras": 0,
                "total": 0
              }
            }
          ]
        },
        {
          "over": 7,
          "deliveries": [
            {
              "batter": "A Gardner",
              "bowler": "G Wareham",
              "extras": {
                "wides": 2
              },
              "non_striker": "NR Sciver-Brunt",
              "runs": {
                "batter": 0,
                "extras": 2,
                "total": 2
              }
            },
            {
              "batter": "NR Sciver-Brunt",
              "bowler": "G Wareham",
              "non_striker": "A Gardner",
              "runs": {
                "batter": 0,
                "extras": 0,
                "total": 0
              }
            },
            {
              "batter": "NR Sciver-Brunt",
              "bowler": "G Wareham",
              "non_striker": "A Gardner",
              "runs": {
                "batter": 1,
                "extras": 0,
                "total": 1
              }
            },
            {
              "batter": "A Gardner",
              "bowler": "G Wareham",
              "non_striker": "NR Sciver-Brunt",
              "runs": {
                "batter": 0,
                "extras": 0,
                "total": 0
              }
            },
            {
              "batter": "A Gardner",
              "bowler": "G Wareham",
              "non_striker": "NR Sciver-Brunt",
              "runs": {
                "batter": 0,
                "extras": 0,
                "total": 0
              }
            },
            {
              "batter": "A Gardner",
              "bowler": "G Wareham",
              "non_striker": "NR Sciver-Brunt",
              "runs": {
                "batter": 1,
                "extras": 0,
                "total": 1
              }
            }
          ]
        },
        {
          "over": 8,
          "deliveries": [
            {
              "batter": "A Gardner",
              "bowler": "KL Cross",
              "non_striker": "NR Sciver-Brunt",
              "runs": {
                "batter": 1,
                "extras": 0,
                "total": 1
              }
            },
            {
              "batter": "NR Sciver-Brunt",
              "bowler": "KL Cross",
              "non_striker": "A Gardner",
              "runs": {
                "batter": 2,
                "extras": 0,
                "total": 2
              }
            },
            {
              "batter": "NR Sciver-Brunt",
              "bowler": "KL Cross",
              "extras": {
                "wides": 1
              },
              "non_striker": "A Gardner",
              "runs": {
                "batter": 0,
                "extras": 1,
                "total": 1
              }
            },
            {
              "batter": "NR Sciver-Brunt",
              "bowler": "KL Cross",
              "non_striker": "A Gardner",
              "runs": {
                "batter": 0,
                "extras": 0,
                "total": 0
              },
              "wickets": [
                {
                  "player_out": "NR Sciver-Brunt",
                  "fielders": [
                    {
                      "name": "P Litchfield"
                    }
                  ],
                  "kind": "caught"
                }
              ]
            },
            {
              "batter": "H Graham",
              "bowler": "KL Cross",
              "non_striker": "A Gardner",
              "runs": {
                "batter": 1,
                "extras": 0,
                "total": 1
              }
            },
            {
              "batter": "A Gardner",
              "bowler": "KL Cross",
              "non_striker": "H Graham",
              "runs": {
                "batter": 1,
                "extras": 0,
                "total": 1
              }
            }
          ]
        },
        {
          "over": 9,
          "deliveries": [
            {
              "batter": "H Graham",
              "bowler": "A Sutherland",
              "extras": {
                "wides": 1
              },
              "non_striker": "A Gardner",
              "runs": {
                "batter": 0,
                "extras": 1,
                "total": 1
              }
            },
            {
              "batter": "H Graham",
              "bowler": "A Sutherland",
              "non_striker": "A Gardner",
              "runs": {
                "batter": 0,
                "extras": 0,
                "total": 0
              }
            },
            {
              "batter": "H Graham",
              "bowler": "A Sutherland",
              "non_striker": "A Gardner",
              "runs": {
                "batter": 0,
                "extras": 0,
                "total": 0
              }
            },
            {
              "batter": "H Graham",
              "bowler": "A Sutherland",
              "non_striker": "A Gardner",
              "runs": {
                "batter": 1,
                "extras": 0,
                "total": 1
              }
            },
            {
              "batter": "A Gardner",
              "bowler": "A Sutherland",
              "non_striker": "H Graham",
              "runs": {
                "batter": 1,
                "extras": 0,
                "total": 1
              }
            },
            {
              "batter": "H Graham",
              "bowler": "A Sutherland",
              "non_striker": "A Gardner",
              "runs": {
                "batter": 1,
                "extras": 0,
                "total": 1
              }
            }
          ]
        },
        {
          "over": 10,
          "deliveries": [
            {
              "batter": "H Graham",
              "bowler": "G Wareham",
              "non_striker": "A Gardner",
              "runs": {
                "batter": 0,
                "extras": 0,
                "total": 0
              }
            },
            {
              "batter": "H Graham",
              "bowler": "G Wareham",
              "non_striker": "A Gardner",
              "runs": {
                "batter": 0,
                "extras": 0,
                "total": 0
              }
            },
            {
              "batter": "H Graham",
              "bowler": "G Wareham",
              "non_striker": "A Gardner",
              "runs": {
                "batter": 1,
                "extras": 0,
                "total": 1
              }
            },
            {
              "batter": "A Gardner",
              "bowler": "G Wareham",
              "non_striker": "H Graham",
              "runs": {
                "batter": 4,
                "extras": 0,
                "total": 4
              }
            },
            {
              "batter": "A Gardner",
              "bowler": "G Wareham",
              "non_striker": "H Graham",
              "runs": {
                "batter": 0,
                "extras": 0,
                "total": 0
              }
            }
          ]
        },
        {
          "over": 11,
          "deliveries": [
            {
              "batter": "A Gardner",
              "bowler": "LCN Smith",
              "non_striker": "H Graham",
              "runs": {
                "batter": 4,
                "extras": 0,
                "total": 4
              }
            },
            {
              "batter": "A Gardner",
              "bowler": "LCN Smith",
              "non_striker": "H Graham",
              "runs": {
                "batter": 1,
                "extras": 0,
                "total": 1
              }
            },
            {
              "batter": "H Graham",
              "bowler": "LCN Smith",
              "non_striker": "A Gardner",
              "runs": {
                "batter": 0,
                "extras": 0,
                "total": 0
              }
            },
            {
              "batter": "H Graham",
              "bowler": "LCN Smith",
              "non_striker": "A Gardner",
              "runs": {
                "batter": 0,
                "extras": 0,
                "total": 0
              }
            },
            {
              "batter": "H Graham",
              "bowler": "LCN Smith",
              "non_striker": "A Gardner",
              "runs": {
                "batter": 1,
                "extras": 0,
                "total": 1
              }
            }
          ]
        },
        {
          "over": 12,
          "deliveries": [
            {
              "batter": "H Graham",
              "bowler": "KL Cross",
              "non_striker": "A Gardner",
              "runs": {
                "batter": 1,
                "extras": 0,
                "total": 1
              }
            },
            {
              "batter": "A Gardner",
              "bowler": "KL Cross",
              "non_striker": "H Graham",
              "runs": {
                "batter": 4,
                "extras": 0,
                "total": 4
              }
            },
            {
              "batter": "A Gardner",
              "bowler": "KL Cross",
              "non_striker": "H Graham",
              "runs": {
                "batter": 2,
                "extras": 0,
                "total": 2
              }
            },
            {
              "batter": "A Gardner",
              "bowler": "KL Cross",
              "non_striker": "H Graham",
              "runs": {
                "batter": 4,
                "extras": 0,
                "total": 4
              }
            },
            {
              "batter": "A Gardner",
              "bowler": "KL Cross",
              "non_striker": "H Graham",
              "runs": {
                "batter": 4,
                "extras": 0,
                "total": 4
              }
            }
          ]
        },
        {
          "over": 13,
          "deliveries": [
            {
              "batter": "A Gardner",
              "bowler": "G Wareham",
              "non_striker": "H Graham",
              "runs": {
                "batter": 4,
                "extras": 0,
                "total": 4
              }
            },
            {
              "batter": "A Gardner",
              "bowler": "G Wareham",
              "non_striker": "H Graham",
              "runs": {
                "batter": 2,
                "extras": 0,
                "total": 2
              }
            },
            {
              "batter": "A Gardner",
              "bowler": "G Wareham",
              "non_striker": "H Graham",
              "runs": {
                "batter": 1,
                "extras": 0,
                "total": 1
              }
            },
            {
              "batter": "H Graham",
              "bowler": "G Wareham",
              "non_striker": "A Gardner",
              "runs": {
                "batter": 1,
                "extras": 0,
                "total": 1
              }
            },
            {
              "batter": "A Gardner",
              "bowler": "G Wareham",
              "non_striker": "H Graham",
              "runs": {
                "batter": 1,
                "extras": 0,
                "total": 1
              }
            }
          ]
        },
        {
          "over": 14,
          "deliveries": [
            {
              "batter": "A Gardner",
              "bowler": "G Ballinger",
              "non_striker": "H Graham",
              "runs": {
                "batter": 1,
                "extras": 0,
                "total": 1
              }
            },
            {
              "batter": "H Graham",
              "bowler": "G Ballinger",
              "non_striker": "A Gardner",
              "runs": {
                "batter": 1,
                "extras": 0,
                "total": 1
              }
            },
            {
              "batter": "A Gardner",
              "bowler": "G Ballinger",
              "non_striker": "H Graham",
              "runs": {
                "batter": 4,
                "extras": 0,
                "total": 4
              }
            },
            {
              "batter": "A Gardner",
              "bowler": "G Ballinger",
              "non_striker": "H Graham",
              "runs": {
                "batter": 0,
                "extras": 0,
                "total": 0
              },
              "wickets": [
                {
                  "player_out": "A Gardner",
                  "fielders": [
                    {
                      "name": "G Wareham"
                    }
                  ],
                  "kind": "caught"
                }
              ]
            },
            {
              "batter": "E Jones",
              "bowler": "G Ballinger",
              "non_striker": "H Graham",
              "runs": {
                "batter": 1,
                "extras": 0,
                "total": 1
              }
            }
          ]
        },
        {
          "over": 15,
          "deliveries": [
            {
              "batter": "H Graham",
              "bowler": "G Wareham",
              "non_striker": "E Jones",
              "runs": {
                "batter": 2,
                "extras": 0,
                "total": 2
              }
            },
            {
              "batter": "H Graham",
              "bowler": "G Wareham",
              "non_striker": "E Jones",
              "runs": {
                "batter": 0,
                "extras": 0,
                "total": 0
              }
            },
            {
              "batter": "H Graham",
              "bowler": "G Wareham",
              "extras": {
                "noballs": 2
              },
              "non_striker": "E Jones",
              "runs": {
                "batter": 1,
                "extras": 2,
                "total": 3
              }
            },
            {
              "batter": "E Jones",
              "bowler": "G Wareham",
              "non_striker": "H Graham",
              "runs": {
                "batter": 4,
                "extras": 0,
                "total": 4
              }
            },
            {
              "batter": "E Jones",
              "bowler": "G Wareham",
              "non_striker": "H Graham",
              "runs": {
                "batter": 0,
                "extras": 0,
                "total": 0
              }
            },
            {
              "batter": "E Jones",
              "bowler": "G Wareham",
              "non_striker": "H Graham",
              "runs": {
                "batter": 1,
                "extras": 0,
                "total": 1
              }
            }
          ]
        },
        {
          "over": 16,
          "deliveries": [
            {
              "batter": "E Jones",
              "bowler": "A Sutherland",
              "non_striker": "H Graham",
              "runs": {
                "batter": 1,
                "extras": 0,
                "total": 1
              }
            },
            {
              "batter": "H Graham",
              "bowler": "A Sutherland",
              "non_striker": "E Jones",
              "runs": {
                "batter": 1,
                "extras": 0,
                "total": 1
              }
            },
            {
              "batter": "E Jones",
              "bowler": "A Sutherland",
              "non_striker": "H Graham",
              "runs": {
                "batter": 1,
                "extras": 0,
                "total": 1
              }
            },
            {
              "batter": "H Graham",
              "bowler": "A Sutherland",
              "non_striker": "E Jones",
              "runs": {
                "batter": 1,
                "extras": 0,
                "total": 1
              }
            },
            {
              "batter": "E Jones",
              "bowler": "A Sutherland",
              "non_striker": "H Graham",
              "runs": {
                "batter": 1,
                "extras": 0,
                "total": 1
              }
            }
          ]
        },
        {
          "over": 17,
          "deliveries": [
            {
              "batter": "H Graham",
              "bowler": "KL Cross",
              "non_striker": "E Jones",
              "runs": {
                "batter": 1,
                "extras": 0,
                "total": 1
              }
            },
            {
              "batter": "E Jones",
              "bowler": "KL Cross",
              "non_striker": "H Graham",
              "runs": {
                "batter": 2,
                "extras": 0,
                "total": 2
              }
            },
            {
              "batter": "E Jones",
              "bowler": "KL Cross",
              "non_striker": "H Graham",
              "runs": {
                "batter": 1,
                "extras": 0,
                "total": 1
              }
            },
            {
              "batter": "H Graham",
              "bowler": "KL Cross",
              "non_striker": "E Jones",
              "runs": {
                "batter": 1,
                "extras": 0,
                "total": 1
              }
            },
            {
              "batter": "E Jones",
              "bowler": "KL Cross",
              "non_striker": "H Graham",
              "runs": {
                "batter": 0,
                "extras": 0,
                "total": 0
              },
              "wickets": [
                {
                  "player_out": "E Jones",
                  "fielders": [
                    {
                      "name": "D Perrin"
                    }
                  ],
                  "kind": "caught"
                }
              ]
            }
          ]
        },
        {
          "over": 18,
          "deliveries": [
            {
              "batter": "H Graham",
              "bowler": "A Sutherland",
              "non_striker": "A King",
              "runs": {
                "batter": 0,
                "extras": 0,
                "total": 0
              }
            },
            {
              "batter": "H Graham",
              "bowler": "A Sutherland",
              "non_striker": "A King",
              "runs": {
                "batter": 0,
                "extras": 0,
                "total": 0
              },
              "wickets": [
                {
                  "player_out": "H Graham",
                  "fielders": [
                    {
                      "name": "G Wareham"
                    }
                  ],
                  "kind": "caught"
                }
              ]
            },
            {
              "batter": "A Stonehouse",
              "bowler": "A Sutherland",
              "non_striker": "A King",
              "runs": {
                "batter": 1,
                "extras": 0,
                "total": 1
              }
            },
            {
              "batter": "A King",
              "bowler": "A Sutherland",
              "non_striker": "A Stonehouse",
              "runs": {
                "batter": 2,
                "extras": 0,
                "total": 2
              }
            },
            {
              "batter": "A King",
              "bowler": "A Sutherland",
              "extras": {
                "noballs": 2
              },
              "non_striker": "A Stonehouse",
              "runs": {
                "batter": 0,
                "extras": 2,
                "total": 2
              }
            },
            {
              "batter": "A King",
              "bowler": "A Sutherland",
              "non_striker": "A Stonehouse",
              "runs": {
                "batter": 2,
                "extras": 0,
                "total": 2
              }
            }
          ]
        },
        {
          "over": 19,
          "deliveries": [
            {
              "batter": "A King",
              "bowler": "LCN Smith",
              "non_striker": "A Stonehouse",
              "runs": {
                "batter": 2,
                "extras": 0,
                "total": 2
              }
            },
            {
              "batter": "A King",
              "bowler": "LCN Smith",
              "non_striker": "A Stonehouse",
              "runs": {
                "batter": 2,
                "extras": 0,
                "total": 2
              }
            },
            {
              "batter": "A King",
              "bowler": "LCN Smith",
              "non_striker": "A Stonehouse",
              "runs": {
                "batter": 0,
                "extras": 0,
                "total": 0
              }
            },
            {
              "batter": "A King",
              "bowler": "LCN Smith",
              "non_striker": "A Stonehouse",
              "runs": {
                "batter": 2,
                "extras": 0,
                "total": 2
              }
            },
            {
              "batter": "A King",
              "bowler": "LCN Smith",
              "non_striker": "A Stonehouse",
              "runs": {
                "batter": 0,
                "extras": 0,
                "total": 0
              },
              "wickets": [
                {
                  "player_out": "A King",
                  "fielders": [
                    {
                      "name": "BAM Heath"
                    },
                    {
                      "name": "LCN Smith"
                    }
                  ],
                  "kind": "run out"
                }
              ]
            }
          ]
        }
      ],
      "powerplays": [
        {
          "from": 0.1,
          "to": 4.6,
          "type": "mandatory"
        }
      ]
    },
    {
      "team": "Northern Superchargers",
      "overs": [
        {
          "over": 0,
          "deliveries": [
            {
              "batter": "D Perrin",
              "bowler": "A Stonehouse",
              "non_striker": "AN Davidson-Richards",
              "runs": {
                "batter": 0,
                "extras": 0,
                "total": 0
              }
            },
            {
              "batter": "D Perrin",
              "bowler": "A Stonehouse",
              "non_striker": "AN Davidson-Richards",
              "runs": {
                "batter": 1,
                "extras": 0,
                "total": 1
              }
            },
            {
              "batter": "AN Davidson-Richards",
              "bowler": "A Stonehouse",
              "non_striker": "D Perrin",
              "runs": {
                "batter": 0,
                "extras": 0,
                "total": 0
              }
            },
            {
              "batter": "AN Davidson-Richards",
              "bowler": "A Stonehouse",
              "non_striker": "D Perrin",
              "runs": {
                "batter": 0,
                "extras": 0,
                "total": 0
              }
            },
            {
              "batter": "AN Davidson-Richards",
              "bowler": "A Stonehouse",
              "non_striker": "D Perrin",
              "runs": {
                "batter": 0,
                "extras": 0,
                "total": 0
              }
            }
          ]
        },
        {
          "over": 1,
          "deliveries": [
            {
              "batter": "AN Davidson-Richards",
              "bowler": "A Stonehouse",
              "non_striker": "D Perrin",
              "runs": {
                "batter": 0,
                "extras": 0,
                "total": 0
              }
            },
            {
              "batter": "AN Davidson-Richards",
              "bowler": "A Stonehouse",
              "extras": {
                "noballs": 2
              },
              "non_striker": "D Perrin",
              "runs": {
                "batter": 0,
                "extras": 2,
                "total": 2
              }
            },
            {
              "batter": "AN Davidson-Richards",
              "bowler": "A Stonehouse",
              "non_striker": "D Perrin",
              "runs": {
                "batter": 2,
                "extras": 0,
                "total": 2
              }
            },
            {
              "batter": "AN Davidson-Richards",
              "bowler": "A Stonehouse",
              "non_striker": "D Perrin",
              "runs": {
                "batter": 0,
                "extras": 0,
                "total": 0
              }
            },
            {
              "batter": "AN Davidson-Richards",
              "bowler": "A Stonehouse",
              "non_striker": "D Perrin",
              "runs": {
                "batter": 0,
                "extras": 0,
                "total": 0
              }
            },
            {
              "batter": "AN Davidson-Richards",
              "bowler": "A Stonehouse",
              "non_striker": "D Perrin",
              "runs": {
                "batter": 0,
                "extras": 0,
                "total": 0
              }
            }
          ]
        },
        {
          "over": 2,
          "deliveries": [
            {
              "batter": "D Perrin",
              "bowler": "CM McCarthy",
              "non_striker": "AN Davidson-Richards",
              "runs": {
                "batter": 0,
                "extras": 0,
                "total": 0
              }
            },
            {
              "batter": "D Perrin",
              "bowler": "CM McCarthy",
              "non_striker": "AN Davidson-Richards",
              "runs": {
                "batter": 4,
                "extras": 0,
                "total": 4
              }
            },
            {
              "batter": "D Perrin",
              "bowler": "CM McCarthy",
              "non_striker": "AN Davidson-Richards",
              "runs": {
                "batter": 0,
                "extras": 0,
                "total": 0
              }
            },
            {
              "batter": "D Perrin",
              "bowler": "CM McCarthy",
              "non_striker": "AN Davidson-Richards",
              "runs": {
                "batter": 0,
                "extras": 0,
                "total": 0
              }
            },
            {
              "batter": "D Perrin",
              "bowler": "CM McCarthy",
              "non_striker": "AN Davidson-Richards",
              "runs": {
                "batter": 4,
                "extras": 0,
                "total": 4
              }
            }
          ]
        },
        {
          "over": 3,
          "deliveries": [
            {
              "batter": "D Perrin",
              "bowler": "A Stonehouse",
              "non_striker": "AN Davidson-Richards",
              "runs": {
                "batter": 4,
                "extras": 0,
                "total": 4
              }
            },
            {
              "batter": "D Perrin",
              "bowler": "A Stonehouse",
              "non_striker": "AN Davidson-Richards",
              "runs": {
                "batter": 4,
                "extras": 0,
                "total": 4
              }
            },
            {
              "batter": "D Perrin",
              "bowler": "A Stonehouse",
              "non_striker": "AN Davidson-Richards",
              "runs": {
                "batter": 1,
                "extras": 0,
                "total": 1
              }
            },
            {
              "batter": "AN Davidson-Richards",
              "bowler": "A Stonehouse",
              "non_striker": "D Perrin",
              "runs": {
                "batter": 1,
                "extras": 0,
                "total": 1
              }
            },
            {
              "batter": "D Perrin",
              "bowler": "A Stonehouse",
              "extras": {
                "wides": 1
              },
              "non_striker": "AN Davidson-Richards",
              "runs": {
                "batter": 0,
                "extras": 1,
                "total": 1
              }
            },
            {
              "batter": "D Perrin",
              "bowler": "A Stonehouse",
              "non_striker": "AN Davidson-Richards",
              "runs": {
                "batter": 4,
                "extras": 0,
                "total": 4
              }
            }
          ]
        },
        {
          "over": 4,
          "deliveries": [
            {
              "batter": "AN Davidson-Richards",
              "bowler": "A Gardner",
              "non_striker": "D Perrin",
              "runs": {
                "batter": 1,
                "extras": 0,
                "total": 1
              }
            },
            {
              "batter": "D Perrin",
              "bowler": "A Gardner",
              "non_striker": "AN Davidson-Richards",
              "runs": {
                "batter": 2,
                "extras": 0,
                "total": 2
              }
            },
            {
              "batter": "D Perrin",
              "bowler": "A Gardner",
              "non_striker": "AN Davidson-Richards",
              "runs": {
                "batter": 4,
                "extras": 0,
                "total": 4
              }
            },
            {
              "batter": "D Perrin",
              "bowler": "A Gardner",
              "non_striker": "AN Davidson-Richards",
              "runs": {
                "batter": 4,
                "extras": 0,
                "total": 4
              }
            },
            {
              "batter": "D Perrin",
              "bowler": "A Gardner",
              "non_striker": "AN Davidson-Richards",
              "runs": {
                "batter": 1,
                "extras": 0,
                "total": 1
              }
            }
          ]
        },
        {
          "over": 5,
          "deliveries": [
            {
              "batter": "AN Davidson-Richards",
              "bowler": "H Graham",
              "extras": {
                "legbyes": 1
              },
              "non_striker": "D Perrin",
              "runs": {
                "batter": 0,
                "extras": 1,
                "total": 1
              }
            },
            {
              "batter": "D Perrin",
              "bowler": "H Graham",
              "non_striker": "AN Davidson-Richards",
              "runs": {
                "batter": 2,
                "extras": 0,
                "total": 2
              }
            },
            {
              "batter": "D Perrin",
              "bowler": "H Graham",
              "non_striker": "AN Davidson-Richards",
              "runs": {
                "batter": 2,
                "extras": 0,
                "total": 2
              }
            },
            {
              "batter": "D Perrin",
              "bowler": "H Graham",
              "non_striker": "AN Davidson-Richards",
              "runs": {
                "batter": 1,
                "extras": 0,
                "total": 1
              }
            },
            {
              "batter": "AN Davidson-Richards",
              "bowler": "H Graham",
              "non_striker": "D Perrin",
              "runs": {
                "batter": 1,
                "extras": 0,
                "total": 1
              }
            }
          ]
        },
        {
          "over": 6,
          "deliveries": [
            {
              "batter": "AN Davidson-Richards",
              "bowler": "A King",
              "non_striker": "D Perrin",
              "runs": {
                "batter": 2,
                "extras": 0,
                "total": 2
              }
            },
            {
              "batter": "AN Davidson-Richards",
              "bowler": "A King",
              "non_striker": "D Perrin",
              "runs": {
                "batter": 1,
                "extras": 0,
                "total": 1
              }
            },
            {
              "batter": "D Perrin",
              "bowler": "A King",
              "non_striker": "AN Davidson-Richards",
              "runs": {
                "batter": 1,
                "extras": 0,
                "total": 1
              }
            },
            {
              "batter": "AN Davidson-Richards",
              "bowler": "A King",
              "non_striker": "D Perrin",
              "runs": {
                "batter": 1,
                "extras": 0,
                "total": 1
              }
            },
            {
              "batter": "D Perrin",
              "bowler": "A King",
              "non_striker": "AN Davidson-Richards",
              "runs": {
                "batter": 1,
                "extras": 0,
                "total": 1
              }
            }
          ]
        },
        {
          "over": 7,
          "deliveries": [
            {
              "batter": "AN Davidson-Richards",
              "bowler": "KL Gordon",
              "non_striker": "D Perrin",
              "runs": {
                "batter": 0,
                "extras": 0,
                "total": 0
              }
            },
            {
              "batter": "AN Davidson-Richards",
              "bowler": "KL Gordon",
              "non_striker": "D Perrin",
              "runs": {
                "batter": 1,
                "extras": 0,
                "total": 1
              }
            },
            {
              "batter": "D Perrin",
              "bowler": "KL Gordon",
              "non_striker": "AN Davidson-Richards",
              "runs": {
                "batter": 2,
                "extras": 0,
                "total": 2
              }
            },
            {
              "batter": "D Perrin",
              "bowler": "KL Gordon",
              "non_striker": "AN Davidson-Richards",
              "runs": {
                "batter": 2,
                "extras": 0,
                "total": 2
              }
            },
            {
              "batter": "D Perrin",
              "bowler": "KL Gordon",
              "non_striker": "AN Davidson-Richards",
              "runs": {
                "batter": 0,
                "extras": 0,
                "total": 0
              }
            }
          ]
        },
        {
          "over": 8,
          "deliveries": [
            {
              "batter": "AN Davidson-Richards",
              "bowler": "A Gardner",
              "non_striker": "D Perrin",
              "runs": {
                "batter": 1,
                "extras": 0,
                "total": 1
              }
            },
            {
              "batter": "D Perrin",
              "bowler": "A Gardner",
              "non_striker": "AN Davidson-Richards",
              "runs": {
                "batter": 2,
                "extras": 0,
                "total": 2
              }
            },
            {
              "batter": "D Perrin",
              "bowler": "A Gardner",
              "non_striker": "AN Davidson-Richards",
              "runs": {
                "batter": 0,
                "extras": 0,
                "total": 0
              }
            },
            {
              "batter": "D Perrin",
              "bowler": "A Gardner",
              "non_striker": "AN Davidson-Richards",
              "runs": {
                "batter": 0,
                "extras": 0,
                "total": 0
              }
            },
            {
              "batter": "D Perrin",
              "bowler": "A Gardner",
              "non_striker": "AN Davidson-Richards",
              "runs": {
                "batter": 1,
                "extras": 0,
                "total": 1
              }
            }
          ]
        },
        {
          "over": 9,
          "deliveries": [
            {
              "batter": "AN Davidson-Richards",
              "bowler": "H Graham",
              "non_striker": "D Perrin",
              "runs": {
                "batter": 0,
                "extras": 0,
                "total": 0
              },
              "wickets": [
                {
                  "player_out": "AN Davidson-Richards",
                  "fielders": [
                    {
                      "name": "NR Sciver-Brunt"
                    }
                  ],
                  "kind": "caught"
                }
              ]
            },
            {
              "batter": "P Litchfield",
              "bowler": "H Graham",
              "non_striker": "D Perrin",
              "runs": {
                "batter": 0,
                "extras": 0,
                "total": 0
              }
            },
            {
              "batter": "P Litchfield",
              "bowler": "H Graham",
              "non_striker": "D Perrin",
              "runs": {
                "batter": 0,
                "extras": 0,
                "total": 0
              }
            },
            {
              "batter": "P Litchfield",
              "bowler": "H Graham",
              "non_striker": "D Perrin",
              "runs": {
                "batter": 1,
                "extras": 0,
                "total": 1
              }
            },
            {
              "batter": "D Perrin",
              "bowler": "H Graham",
              "non_striker": "P Litchfield",
              "runs": {
                "batter": 4,
                "extras": 0,
                "total": 4
              }
            }
          ]
        },
        {
          "over": 10,
          "deliveries": [
            {
              "batter": "P Litchfield",
              "bowler": "A King",
              "non_striker": "D Perrin",
              "runs": {
                "batter": 4,
                "extras": 0,
                "total": 4
              }
            },
            {
              "batter": "P Litchfield",
              "bowler": "A King",
              "non_striker": "D Perrin",
              "runs": {
                "batter": 4,
                "extras": 0,
                "total": 4
              }
            },
            {
              "batter": "P Litchfield",
              "bowler": "A King",
              "non_striker": "D Perrin",
              "runs": {
                "batter": 4,
                "extras": 0,
                "total": 4
              }
            },
            {
              "batter": "P Litchfield",
              "bowler": "A King",
              "non_striker": "D Perrin",
              "runs": {
                "batter": 1,
                "extras": 0,
                "total": 1
              }
            },
            {
              "batter": "D Perrin",
              "bowler": "A King",
              "non_striker": "P Litchfield",
              "runs": {
                "batter": 0,
                "extras": 0,
                "total": 0
              }
            }
          ]
        },
        {
          "over": 11,
          "deliveries": [
            {
              "batter": "D Perrin",
              "bowler": "CM McCarthy",
              "non_striker": "P Litchfield",
              "runs": {
                "batter": 0,
                "extras": 0,
                "total": 0
              }
            },
            {
              "batter": "D Perrin",
              "bowler": "CM McCarthy",
              "non_striker": "P Litchfield",
              "runs": {
                "batter": 4,
                "extras": 0,
                "total": 4
              }
            },
            {
              "batter": "D Perrin",
              "bowler": "CM McCarthy",
              "non_striker": "P Litchfield",
              "runs": {
                "batter": 1,
                "extras": 0,
                "total": 1
              }
            },
            {
              "batter": "P Litchfield",
              "bowler": "CM McCarthy",
              "extras": {
                "noballs": 2
              },
              "non_striker": "D Perrin",
              "runs": {
                "batter": 4,
                "extras": 2,
                "total": 6
              }
            },
            {
              "batter": "P Litchfield",
              "bowler": "CM McCarthy",
              "non_striker": "D Perrin",
              "runs": {
                "batter": 4,
                "extras": 0,
                "total": 4
              }
            },
            {
              "batter": "P Litchfield",
              "bowler": "CM McCarthy",
              "non_striker": "D Perrin",
              "runs": {
                "batter": 0,
                "extras": 0,
                "total": 0
              },
              "wickets": [
                {
                  "player_out": "P Litchfield",
                  "kind": "bowled"
                }
              ]
            }
          ]
        },
        {
          "over": 12,
          "deliveries": [
            {
              "batter": "D Perrin",
              "bowler": "H Graham",
              "non_striker": "A Sutherland",
              "runs": {
                "batter": 4,
                "extras": 0,
                "total": 4
              }
            },
            {
              "batter": "D Perrin",
              "bowler": "H Graham",
              "non_striker": "A Sutherland",
              "runs": {
                "batter": 4,
                "extras": 0,
                "total": 4
              }
            },
            {
              "batter": "D Perrin",
              "bowler": "H Graham",
              "non_striker": "A Sutherland",
              "runs": {
                "batter": 1,
                "extras": 0,
                "total": 1
              }
            },
            {
              "batter": "A Sutherland",
              "bowler": "H Graham",
              "non_striker": "D Perrin",
              "runs": {
                "batter": 1,
                "extras": 0,
                "total": 1
              }
            },
            {
              "batter": "D Perrin",
              "bowler": "H Graham",
              "non_striker": "A Sutherland",
              "runs": {
                "batter": 1,
                "extras": 0,
                "total": 1
              }
            }
          ]
        },
        {
          "over": 13,
          "deliveries": [
            {
              "batter": "A Sutherland",
              "bowler": "KL Gordon",
              "non_striker": "D Perrin",
              "runs": {
                "batter": 0,
                "extras": 0,
                "total": 0
              }
            },
            {
              "batter": "A Sutherland",
              "bowler": "KL Gordon",
              "non_striker": "D Perrin",
              "runs": {
                "batter": 4,
                "extras": 0,
                "total": 4
              }
            },
            {
              "batter": "A Sutherland",
              "bowler": "KL Gordon",
              "non_striker": "D Perrin",
              "runs": {
                "batter": 4,
                "extras": 0,
                "total": 4
              }
            },
            {
              "batter": "A Sutherland",
              "bowler": "KL Gordon",
              "non_striker": "D Perrin",
              "runs": {
                "batter": 0,
                "extras": 0,
                "total": 0
              }
            },
            {
              "batter": "A Sutherland",
              "bowler": "KL Gordon",
              "non_striker": "D Perrin",
              "runs": {
                "batter": 1,
                "extras": 0,
                "total": 1
              }
            }
          ]
        },
        {
          "over": 14,
          "deliveries": [
            {
              "batter": "A Sutherland",
              "bowler": "A Gardner",
              "non_striker": "D Perrin",
              "runs": {
                "batter": 2,
                "extras": 0,
                "total": 2
              }
            },
            {
              "batter": "A Sutherland",
              "bowler": "A Gardner",
              "non_striker": "D Perrin",
              "runs": {
                "batter": 1,
                "extras": 0,
                "total": 1
              }
            },
            {
              "batter": "D Perrin",
              "bowler": "A Gardner",
              "non_striker": "A Sutherland",
              "runs": {
                "batter": 1,
                "extras": 0,
                "total": 1
              }
            },
            {
              "batter": "A Sutherland",
              "bowler": "A Gardner",
              "non_striker": "D Perrin",
              "runs": {
                "batter": 0,
                "extras": 0,
                "total": 0
              }
            },
            {
              "batter": "A Sutherland",
              "bowler": "A Gardner",
              "non_striker": "D Perrin",
              "runs": {
                "batter": 1,
                "extras": 0,
                "total": 1
              }
            }
          ]
        },
        {
          "over": 15,
          "deliveries": [
            {
              "batter": "D Perrin",
              "bowler": "A King",
              "non_striker": "A Sutherland",
              "runs": {
                "batter": 4,
                "extras": 0,
                "total": 4
              }
            },
            {
              "batter": "D Perrin",
              "bowler": "A King",
              "non_striker": "A Sutherland",
              "runs": {
                "batter": 0,
                "extras": 0,
                "total": 0
              }
            },
            {
              "batter": "D Perrin",
              "bowler": "A King",
              "non_striker": "A Sutherland",
              "runs": {
                "batter": 1,
                "extras": 0,
                "total": 1
              }
            },
            {
              "batter": "A Sutherland",
              "bowler": "A King",
              "non_striker": "D Perrin",
              "runs": {
                "batter": 4,
                "extras": 0,
                "total": 4
              }
            }
          ]
        }
      ],
      "powerplays": [
        {
          "from": 0.1,
          "to": 4.5,
          "type": "mandatory"
        }
      ],
      "target": {
        "overs": 20,
        "runs": 129
      }
    }
  ]
}