{
  "meta": {
    "data_version": "1.1.0",
    "created": "2025-08-28",
    "revision": 1
  },
  "info": {
    "balls_per_over": 5,
    "city": "Nottingham",
    "dates": [
      "2025-08-27"
    ],
    "event": {
      "name": "The Hundred Women's Competition",
      "match_number": 31
    },
    "gender": "female",
    "match_type": "T20",
    "officials": {
      "match_referees": [
        "AJ Swann"
      ],
      "reserve_umpires": [
        "J Pratt"
      ],
      "tv_umpires": [
        "S Redfern"
      ],
      "umpires": [
        "Hassan Adnan",
        "J Jarvis"
      ]
    },
    "outcome": {
      "winner": "Trent Rockets",
      "by": {
        "wickets": 3
      }
    },
    "overs": 20,
    "player_of_match": [
      "NR Sciver-Brunt"
    ],
    "players": {
      "Birmingham Phoenix": [
        "G Voll",
        "EL Lamb",
        "EA Perry",
        "AE Jones",
        "SL Kalis",
        "M Kelly",
        "A Lister",
        "EL Arlott",
        "ML Schutt",
        "HL Baker",
        "PJ Brett"
      ],
      "Trent Rockets": [
        "BF Smith",
        "G Scrivens",
        "NR Sciver-Brunt",
        "A Gardner",
        "J Grewcock",
        "H Graham",
        "E Threlkeld",
        "A King",
        "KL Gordon",
        "A Stonehouse",
        "CM McCarthy"
      ]
    },
    "registry": {
      "people": {
        "A Gardner": "bc969efb",
        "A King": "83558266",
        "A Lister": "090c0213",
        "A Stonehouse": "c9366237",
        "AE Jones": "b05e45e4",
        "AJ Swann": "f9d218a7",
        "BF Smith": "c64b7c5b",
        "CM McCarthy": "7ce7fb3c",
        "E Threlkeld": "c66c73f9",
        "EA Perry": "be150fc8",
        "EL Arlott": "78fd864b",
        "EL Lamb": "02181d9a",
        "G Scrivens": "7306c48d",
        "G Voll": "5c30d455",
        "H Graham": "99812d10",
        "HL Baker": "cefad9fd",
        "Hassan Adnan": "56ca7a8c",
        "J Grewcock": "92b94582",
        "J Jarvis": "13187bb6",
        "J Pratt": "6e57f41d",
        "KL Gordon": "00823a96",
        "M Kelly": "ebf683f9",
        "ML Schutt": "17608a6f",
        "NR Sciver-Brunt": "f3a18a0c",
        "PJ Brett": "41117b19",
        "S Redfern": "5b038989",
        "SL Kalis": "2b150c6b"
      }
    },
    "season": "2025",
    "team_type": "club",
    "teams": [
      "Birmingham Phoenix",
      "Trent Rockets"
    ],
    "toss": {
      "decision": "bat",
      "winner": "Birmingham Phoenix"
    },
    "venue": "Trent Bridge, Nottingham"
  },
  "innings": [
    {
      "team": "Birmingham Phoenix",
      "overs": [
        {
          "over": 0,
          "deliveries": [
            {
              "batter": "G Voll",
              "bowler": "A Stonehouse",
              "non_striker": "EL Lamb",
              "runs": {
                "batter": 0,
                "extras": 0,
                "total": 0
              }
            },
            {
              "batter": "G Voll",
              "bowler": "A Stonehouse",
              "non_striker": "EL Lamb",
              "runs": {
                "batter": 0,
                "extras": 0,
                "total": 0
              }
            },
            {
              "batter": "G Voll",
              "bowler": "A Stonehouse",
              "non_striker": "EL Lamb",
              "runs": {
                "batter": 4,
                "extras": 0,
                "total": 4
              }
            },
            {
              "batter": "G Voll",
              "bowler": "A Stonehouse",
              "non_striker": "EL Lamb",
              "runs": {
                "batter": 2,
                "extras": 0,
                "total": 2
              }
            },
            {
              "batter": "G Voll",
              "bowler": "A Stonehouse",
              "non_striker": "EL Lamb",
              "runs": {
                "batter": 0,
                "extras": 0,
                "total": 0
              }
            }
          ]
        },
        {
          "over": 1,
          "deliveries": [
            {
              "batter": "G Voll",
              "bowler": "A Stonehouse",
              "non_striker": "EL Lamb",
              "runs": {
                "batter": 0,
                "extras": 0,
                "total": 0
              },
              "wickets": [
                {
                  "player_out": "G Voll",
                  "fielders": [
                    {
                      "name": "BF Smith"
                    }
                  ],
                  "kind": "caught"
                }
              ]
            },
            {
              "batter": "EA Perry",
              "bowler": "A Stonehouse",
              "non_striker": "EL Lamb",
              "runs": {
                "batter": 2,
                "extras": 0,
                "total": 2
              }
            },
            {
              "batter": "EA Perry",
              "bowler": "A Stonehouse",
              "non_striker": "EL Lamb",
              "runs": {
                "batter": 0,
                "extras": 0,
                "total": 0
              }
            },
            {
              "batter": "EA Perry",
              "bowler": "A Stonehouse",
              "non_striker": "EL Lamb",
              "runs": {
                "batter": 4,
                "extras": 0,
                "total": 4
              }
            },
            {
              "batter": "EA Perry",
              "bowler": "A Stonehouse",
              "non_striker": "EL Lamb",
              "runs": {
                "batter": 0,
                "extras": 0,
                "total": 0
              }
            }
          ]
        },
        {
          "over": 2,
          "deliveries": [
            {
              "batter": "EL Lamb",
              "bowler": "CM McCarthy",
              "non_striker": "EA Perry",
              "runs": {
                "batter": 2,
                "extras": 0,
                "total": 2
              }
            },
            {
              "batter": "EL Lamb",
              "bowler": "CM McCarthy",
              "non_striker": "EA Perry",
              "runs": {
                "batter": 0,
                "extras": 0,
                "total": 0
              }
            },
            {
              "batter": "EL Lamb",
              "bowler": "CM McCarthy",
              "non_striker": "EA Perry",
              "runs": {
                "batter": 1,
                "extras": 0,
                "total": 1
              }
            },
            {
              "batter": "EA Perry",
              "bowler": "CM McCarthy",
              "non_striker": "EL Lamb",
              "runs": {
                "batter": 0,
                "extras": 0,
                "total": 0
              }
            },
            {
              "batter": "EA Perry",
              "bowler": "CM McCarthy",
              "non_striker": "EL Lamb",
              "runs": {
                "batter": 0,
                "extras": 0,
                "total": 0
              }
            }
          ]
        },
        {
          "over": 3,
          "deliveries": [
            {
              "batter": "EA Perry",
              "bowler": "CM McCarthy",
              "non_striker": "EL Lamb",
              "runs": {
                "batter": 0,
                "extras": 0,
                "total": 0
              }
            },
            {
              "batter": "EA Perry",
              "bowler": "CM McCarthy",
              "non_striker": "EL Lamb",
              "runs": {
                "batter": 1,
                "extras": 0,
                "total": 1
              }
            },
            {
              "batter": "EL Lamb",
              "bowler": "CM McCarthy",
              "non_striker": "EA Perry",
              "runs": {
                "batter": 1,
                "extras": 0,
                "total": 1
              }
            },
            {
              "batter": "EA Perry",
              "bowler": "CM McCarthy",
              "non_striker": "EL Lamb",
              "runs": {
                "batter": 0,
                "extras": 0,
                "total": 0
              }
            },
            {
              "batter": "EA Perry",
              "bowler": "CM McCarthy",
              "non_striker": "EL Lamb",
              "runs": {
                "batter": 4,
                "extras": 0,
                "total": 4
              }
            }
          ]
        },
        {
          "over": 4,
          "deliveries": [
            {
              "batter": "EL Lamb",
              "bowler": "A Stonehouse",
              "extras": {
                "wides": 1
              },
              "non_striker": "EA Perry",
              "runs": {
                "batter": 0,
                "extras": 1,
                "total": 1
              }
            },
            {
              "batter": "EL Lamb",
              "bowler": "A Stonehouse",
              "non_striker": "EA Perry",
              "runs": {
                "batter": 4,
                "extras": 0,
                "total": 4
              }
            },
            {
              "batter": "EL Lamb",
              "bowler": "A Stonehouse",
              "non_striker": "EA Perry",
              "runs": {
                "batter": 4,
                "extras": 0,
                "total": 4
              }
            },
            {
              "batter": "EL Lamb",
              "bowler": "A Stonehouse",
              "non_striker": "EA Perry",
              "runs": {
                "batter": 0,
                "extras": 0,
                "total": 0
              }
            },
            {
              "batter": "EL Lamb",
              "bowler": "A Stonehouse",
              "non_striker": "EA Perry",
              "runs": {
                "batter": 1,
                "extras": 0,
                "total": 1
              }
            },
            {
              "batter": "EA Perry",
              "bowler": "A Stonehouse",
              "non_striker": "EL Lamb",
              "runs": {
                "batter": 1,
                "extras": 0,
                "total": 1
              }
            }
          ]
        },
        {
          "over": 5,
          "deliveries": [
            {
              "batter": "EL Lamb",
              "bowler": "A King",
              "non_striker": "EA Perry",
              "runs": {
                "batter": 0,
                "extras": 0,
                "total": 0
              }
            },
            {
              "batter": "EL Lamb",
              "bowler": "A King",
              "non_striker": "EA Perry",
              "runs": {
                "batter": 2,
                "extras": 0,
                "total": 2
              }
            },
            {
              "batter": "EL Lamb",
              "bowler": "A King",
              "non_striker": "EA Perry",
              "runs": {
                "batter": 1,
                "extras": 0,
                "total": 1
              }
            },
            {
              "batter": "EA Perry",
              "bowler": "A King",
              "non_striker": "EL Lamb",
              "runs": {
                "batter": 0,
                "extras": 0,
                "total": 0
              }
            },
            {
              "batter": "EA Perry",
              "bowler": "A King",
              "non_striker": "EL Lamb",
              "runs": {
                "batter": 1,
                "extras": 0,
                "total": 1
              }
            }
          ]
        },
        {
          "over": 6,
          "deliveries": [
            {
              "batter": "EA Perry",
              "bowler": "KL Gordon",
              "non_striker": "EL Lamb",
              "runs": {
                "batter": 1,
                "extras": 0,
                "total": 1
              }
            },
            {
              "batter": "EL Lamb",
              "bowler": "KL Gordon",
              "non_striker": "EA Perry",
              "runs": {
                "batter": 1,
                "extras": 0,
                "total": 1
              }
            },
            {
              "batter": "EA Perry",
              "bowler": "KL Gordon",
              "non_striker": "EL Lamb",
              "runs": {
                "batter": 0,
                "extras": 0,
                "total": 0
              },
              "wickets": [
                {
                  "player_out": "EA Perry",
                  "fielders": [
                    {
                      "name": "CM McCarthy"
                    }
                  ],
                  "kind": "caught"
                }
              ]
            },
            {
              "batter": "AE Jones",
              "bowler": "KL Gordon",
              "non_striker": "EL Lamb",
              "runs": {
                "batter": 1,
                "extras": 0,
                "total": 1
              }
            },
            {
              "batter": "EL Lamb",
              "bowler": "KL Gordon",
              "non_striker": "AE Jones",
              "runs": {
                "batter": 1,
                "extras": 0,
                "total": 1
              }
            }
          ]
        },
        {
          "over": 7,
          "deliveries": [
            {
              "batter": "AE Jones",
              "bowler": "H Graham",
              "non_striker": "EL Lamb",
              "runs": {
                "batter": 0,
                "extras": 0,
                "total": 0
              }
            },
            {
              "batter": "AE Jones",
              "bowler": "H Graham",
              "non_striker": "EL Lamb",
              "runs": {
                "batter": 1,
                "extras": 0,
                "total": 1
              }
            },
            {
              "batter": "EL Lamb",
              "bowler": "H Graham",
              "non_striker": "AE Jones",
              "runs": {
                "batter": 1,
                "extras": 0,
                "total": 1
              }
            },
            {
              "batter": "AE Jones",
              "bowler": "H Graham",
              "non_striker": "EL Lamb",
              "runs": {
                "batter": 2,
                "extras": 0,
                "total": 2
              }
            },
            {
              "batter": "AE Jones",
              "bowler": "H Graham",
              "non_striker": "EL Lamb",
              "runs": {
                "batter": 1,
                "extras": 0,
                "total": 1
              }
            }
          ]
        },
        {
          "over": 8,
          "deliveries": [
            {
              "batter": "AE Jones",
              "bowler": "A Gardner",
              "non_striker": "EL Lamb",
              "runs": {
                "batter": 4,
                "extras": 0,
                "total": 4
              }
            },
            {
              "batter": "AE Jones",
              "bowler": "A Gardner",
              "non_striker": "EL Lamb",
              "runs": {
                "batter": 0,
                "extras": 0,
                "total": 0
              },
              "wickets": [
                {
                  "player_out": "AE Jones",
                  "kind": "caught and bowled"
                }
              ]
            },
            {
              "batter": "SL Kalis",
              "bowler": "A Gardner",
              "non_striker": "EL Lamb",
              "runs": {
                "batter": 0,
                "extras": 0,
                "total": 0
              }
            },
            {
              "batter": "SL Kalis",
              "bowler": "A Gardner",
              "non_striker": "EL Lamb",
              "runs": {
                "batter": 1,
                "extras": 0,
                "total": 1
              }
            },
            {
              "batter": "EL Lamb",
              "bowler": "A Gardner",
              "non_striker": "SL Kalis",
              "runs": {
                "batter": 1,
                "extras": 0,
                "total": 1
              }
            }
          ]
        },
        {
          "over": 9,
          "deliveries": [
            {
              "batter": "SL Kalis",
              "bowler": "A King",
              "non_striker": "EL Lamb",
              "runs": {
                "batter": 0,
                "extras": 0,
                "total": 0
              }
            },
            {
              "batter": "SL Kalis",
              "bowler": "A King",
              "non_striker": "EL Lamb",
              "runs": {
                "batter": 0,
                "extras": 0,
                "total": 0
              }
            },
            {
              "batter": "SL Kalis",
              "bowler": "A King",
              "non_striker": "EL Lamb",
              "runs": {
                "batter": 1,
                "extras": 0,
                "total": 1
              }
            },
            {
              "batter": "EL Lamb",
              "bowler": "A King",
              "non_striker": "SL Kalis",
              "runs": {
                "batter": 0,
                "extras": 0,
                "total": 0
              }
            },
            {
              "batter": "EL Lamb",
              "bowler": "A King",
              "non_striker": "SL Kalis",
              "runs": {
                "batter": 1,
                "extras": 0,
                "total": 1
              }
            }
          ]
        },
        {
          "over": 10,
          "deliveries": [
            {
              "batter": "EL Lamb",
              "bowler": "A King",
              "non_striker": "SL Kalis",
              "runs": {
                "batter": 4,
                "extras": 0,
                "total": 4
              }
            },
            {
              "batter": "EL Lamb",
              "bowler": "A King",
              "non_striker": "SL Kalis",
              "runs": {
                "batter": 2,
                "extras": 0,
                "total": 2
              }
            },
            {
              "batter": "EL Lamb",
              "bowler": "A King",
              "extras": {
                "noballs": 2
              },
              "non_striker": "SL Kalis",
              "runs": {
                "batter": 2,
                "extras": 2,
                "total": 4
              }
            },
            {
              "batter": "EL Lamb",
              "bowler": "A King",
              "non_striker": "SL Kalis",
              "runs": {
                "batter": 1,
                "extras": 0,
                "total": 1
              }
            },
            {
              "batter": "SL Kalis",
              "bowler": "A King",
              "non_striker": "EL Lamb",
              "runs": {
                "batter": 0,
                "extras": 0,
                "total": 0
              },
              "wickets": [
                {
                  "player_out": "SL Kalis",
                  "fielders": [
                    {
                      "name": "E Threlkeld"
                    }
                  ],
                  "kind": "stumped"
                }
              ]
            },
            {
              "batter": "M Kelly",
              "bowler": "A King",
              "non_striker": "EL Lamb",
              "runs": {
                "batter": 1,
                "extras": 0,
                "total": 1
              }
            }
          ]
        },
        {
          "over": 11,
          "deliveries": [
            {
              "batter": "EL Lamb",
              "bowler": "KL Gordon",
              "non_striker": "M Kelly",
              "runs": {
                "batter": 0,
                "extras": 0,
                "total": 0
              }
            },
            {
              "batter": "EL Lamb",
              "bowler": "KL Gordon",
              "non_striker": "M Kelly",
              "runs": {
                "batter": 1,
                "extras": 0,
                "total": 1
              }
            },
            {
              "batter": "M Kelly",
              "bowler": "KL Gordon",
              "non_striker": "EL Lamb",
              "runs": {
                "batter": 0,
                "extras": 0,
                "total": 0
              }
            },
            {
              "batter": "M Kelly",
              "bowler": "KL Gordon",
              "non_striker": "EL Lamb",
              "runs": {
                "batter": 1,
                "extras": 0,
                "total": 1
              }
            },
            {
              "batter": "EL Lamb",
              "bowler": "KL Gordon",
              "non_striker": "M Kelly",
              "runs": {
                "batter": 1,
                "extras": 0,
                "total": 1
              }
            }
          ]
        },
        {
          "over": 12,
          "deliveries": [
            {
              "batter": "EL Lamb",
              "bowler": "A Gardner",
              "non_striker": "M Kelly",
              "runs": {
                "batter": 1,
                "extras": 0,
                "total": 1
              }
            },
            {
              "batter": "M Kelly",
              "bowler": "A Gardner",
              "non_striker": "EL Lamb",
              "runs": {
                "batter": 2,
                "extras": 0,
                "total": 2
              }
            },
            {
              "batter": "M Kelly",
              "bowler": "A Gardner",
              "non_striker": "EL Lamb",
              "runs": {
                "batter": 1,
                "extras": 0,
                "total": 1
              }
            },
            {
              "batter": "EL Lamb",
              "bowler": "A Gardner",
              "non_striker": "M Kelly",
              "runs": {
                "batter": 1,
                "extras": 0,
                "total": 1
              }
            },
            {
              "batter": "M Kelly",
              "bowler": "A Gardner",
              "non_striker": "EL Lamb",
              "runs": {
                "batter": 1,
                "extras": 0,
                "total": 1
              }
            }
          ]
        },
        {
          "over": 13,
          "deliveries": [
            {
              "batter": "EL Lamb",
              "bowler": "H Graham",
              "non_striker": "M Kelly",
              "runs": {
                "batter": 1,
                "extras": 0,
                "total": 1
              }
            },
            {
              "batter": "M Kelly",
              "bowler": "H Graham",
              "non_striker": "EL Lamb",
              "runs": {
                "batter": 1,
                "extras": 0,
                "total": 1
              }
            },
            {
              "batter": "EL Lamb",
              "bowler": "H Graham",
              "non_striker": "M Kelly",
              "runs": {
                "batter": 1,
                "extras": 0,
                "total": 1
              }
            },
            {
              "batter": "M Kelly",
              "bowler": "H Graham",
              "non_striker": "EL Lamb",
              "runs": {
                "batter": 1,
                "extras": 0,
                "total": 1
              }
            },
            {
              "batter": "EL Lamb",
              "bowler": "H Graham",
              "non_striker": "M Kelly",
              "runs": {
                "batter": 1,
                "extras": 0,
                "total": 1
              }
            }
          ]
        },
        {
          "over": 14,
          "deliveries": [
            {
              "batter": "EL Lamb",
              "bowler": "A King",
              "non_striker": "M Kelly",
              "runs": {
                "batter": 0,
                "extras": 0,
                "total": 0
              }
            },
            {
              "batter": "EL Lamb",
              "bowler": "A King",
              "non_striker": "M Kelly",
              "runs": {
                "batter": 1,
                "extras": 0,
                "total": 1
              }
            },
            {
              "batter": "M Kelly",
              "bowler": "A King",
              "non_striker": "EL Lamb",
              "runs": {
                "batter": 0,
                "extras": 0,
                "total": 0
              }
            },
            {
              "batter": "M Kelly",
              "bowler": "A King",
              "non_striker": "EL Lamb",
              "runs": {
                "batter": 1,
                "extras": 0,
                "total": 1
              }
            },
            {
              "batter": "EL Lamb",
              "bowler": "A King",
              "non_striker": "M Kelly",
              "runs": {
                "batter": 1,
                "extras": 0,
                "total": 1
              }
            }
          ]
        },
        {
          "over": 15,
          "deliveries": [
            {
              "batter": "M Kelly",
              "bowler": "KL Gordon",
              "non_striker": "EL Lamb",
              "runs": {
                "batter": 1,
                "extras": 0,
                "total": 1
              }
            },
            {
              "batter": "EL Lamb",
              "bowler": "KL Gordon",
              "non_striker": "M Kelly",
              "runs": {
                "batter": 4,
                "extras": 0,
                "total": 4
              }
            },
            {
              "batter": "EL Lamb",
              "bowler": "KL Gordon",
              "non_striker": "M Kelly",
              "runs": {
                "batter": 0,
                "extras": 0,
                "total": 0
              }
            },
            {
              "batter": "EL Lamb",
              "bowler": "KL Gordon",
              "non_striker": "M Kelly",
              "runs": {
                "batter": 1,
                "extras": 0,
                "total": 1
              }
            },
            {
              "batter": "M Kelly",
              "bowler": "KL Gordon",
              "non_striker": "EL Lamb",
              "runs": {
                "batter": 0,
                "extras": 0,
                "total": 0
              }
            }
          ]
        },
        {
          "over": 16,
          "deliveries": [
            {
              "batter": "EL Lamb",
              "bowler": "A Gardner",
              "non_striker": "M Kelly",
              "runs": {
                "batter": 1,
                "extras": 0,
                "total": 1
              }
            },
            {
              "batter": "M Kelly",
              "bowler": "A Gardner",
              "non_striker": "EL Lamb",
              "runs": {
                "batter": 4,
                "extras": 0,
                "total": 4
              }
            },
            {
              "batter": "M Kelly",
              "bowler": "A Gardner",
              "non_striker": "EL Lamb",
              "runs": {
                "batter": 0,
                "extras": 0,
                "total": 0
              }
            },
            {
              "batter": "M Kelly",
              "bowler": "A Gardner",
              "non_striker": "EL Lamb",
              "runs": {
                "batter": 0,
                "extras": 0,
                "total": 0
              },
              "wickets": [
                {
                  "player_out": "M Kelly",
                  "fielders": [
                    {
                      "name": "A Gardner"
                    }
                  ],
                  "kind": "run out"
                }
              ]
            },
            {
              "batter": "A Lister",
              "bowler": "A Gardner",
              "non_striker": "EL Lamb",
              "runs": {
                "batter": 1,
                "extras": 0,
                "total": 1
              }
            }
          ]
        },
        {
          "over": 17,
          "deliveries": [
            {
              "batter": "EL Lamb",
              "bowler": "H Graham",
              "non_striker": "A Lister",
              "runs": {
                "batter": 1,
                "extras": 0,
                "total": 1
              }
            },
            {
              "batter": "A Lister",
              "bowler": "H Graham",
              "non_striker": "EL Lamb",
              "runs": {
                "batter": 1,
                "extras": 0,
                "total": 1
              }
            },
            {
              "batter": "EL Lamb",
              "bowler": "H Graham",
              "non_striker": "A Lister",
              "runs": {
                "batter": 1,
                "extras": 0,
                "total": 1
              }
            },
            {
              "batter": "A Lister",
              "bowler": "H Graham",
              "non_striker": "EL Lamb",
              "runs": {
                "batter": 2,
                "extras": 0,
                "total": 2
              }
            },
            {
              "batter": "A Lister",
              "bowler": "H Graham",
              "non_striker": "EL Lamb",
              "runs": {
                "batter": 4,
                "extras": 0,
                "total": 4
              }
            }
          ]
        },
        {
          "over": 18,
          "deliveries": [
            {
              "batter": "EL Lamb",
              "bowler": "KL Gordon",
              "non_striker": "A Lister",
              "runs": {
                "batter": 2,
                "extras": 0,
                "total": 2
              }
            },
            {
              "batter": "EL Lamb",
              "bowler": "KL Gordon",
              "non_striker": "A Lister",
              "runs": {
                "batter": 4,
                "extras": 0,
                "total": 4
              }
            },
            {
              "batter": "EL Lamb",
              "bowler": "KL Gordon",
              "non_striker": "A Lister",
              "runs": {
                "batter": 1,
                "extras": 0,
                "total": 1
              }
            },
            {
              "batter": "A Lister",
              "bowler": "KL Gordon",
              "non_striker": "EL Lamb",
              "runs": {
                "batter": 4,
                "extras": 0,
                "total": 4
              }
            },
            {
              "batter": "A Lister",
              "bowler": "KL Gordon",
              "non_striker": "EL Lamb",
              "runs": {
                "batter": 0,
                "extras": 0,
                "total": 0
              },
              "wickets": [
                {
                  "player_out": "A Lister",
                  "fielders": [
                    {
                      "name": "A Stonehouse"
                    }
                  ],
                  "kind": "caught"
                }
              ]
            }
          ]
        },
        {
          "over": 19,
          "deliveries": [
            {
              "batter": "EL Arlott",
              "bowler": "H Graham",
              "non_striker": "EL Lamb",
              "runs": {
                "batter": 2,
                "extras": 0,
                "total": 2
              }
            },
            {
              "batter": "EL Arlott",
              "bowler": "H Graham",
              "non_striker": "EL Lamb",
              "runs": {
                "batter": 4,
                "extras": 0,
                "total": 4
              }
            },
            {
              "batter": "EL Arlott",
              "bowler": "H Graham",
              "non_striker": "EL Lamb",
              "runs": {
                "batter": 0,
                "extras": 0,
                "total": 0
              }
            },
            {
              "batter": "EL Arlott",
              "bowler": "H Graham",
              "extras": {
                "byes": 1
              },
              "non_striker": "EL Lamb",
              "runs": {
                "batter": 0,
                "extras": 1,
                "total": 1
              }
            },
            {
              "batter": "EL Lamb",
              "bowler": "H Graham",
              "non_striker": "EL Arlott",
              "runs": {
                "batter": 2,
                "extras": 0,
                "total": 2
              }
            }
          ]
        }
      ],
      "powerplays": [
        {
          "from": 0.1,
          "to": 4.6,
          "type": "mandatory"
        }
      ]
    },
    {
      "team": "Trent Rockets",
      "overs": [
        {
          "over": 0,
          "deliveries": [
            {
              "batter": "BF Smith",
              "bowler": "ML Schutt",
              "non_striker": "G Scrivens",
              "runs": {
                "batter": 0,
                "extras": 0,
                "total": 0
              }
            },
            {
              "batter": "BF Smith",
              "bowler": "ML Schutt",
              "extras": {
                "noballs": 2
              },
              "non_striker": "G Scrivens",
              "runs": {
                "batter": 0,
                "extras": 2,
                "total": 2
              }
            },
            {
              "batter": "BF Smith",
              "bowler": "ML Schutt",
              "non_striker": "G Scrivens",
              "runs": {
                "batter": 0,
                "extras": 0,
                "total": 0
              }
            },
            {
              "batter": "BF Smith",
              "bowler": "ML Schutt",
              "non_striker": "G Scrivens",
              "runs": {
                "batter": 0,
                "extras": 0,
                "total": 0
              }
            },
            {
              "batter": "BF Smith",
              "bowler": "ML Schutt",
              "non_striker": "G Scrivens",
              "runs": {
                "batter": 4,
                "extras": 0,
                "total": 4
              }
            },
            {
              "batter": "BF Smith",
              "bowler": "ML Schutt",
              "non_striker": "G Scrivens",
              "runs": {
                "batter": 1,
                "extras": 0,
                "total": 1
              }
            }
          ]
        },
        {
          "over": 1,
          "deliveries": [
            {
              "batter": "G Scrivens",
              "bowler": "ML Schutt",
              "non_striker": "BF Smith",
              "runs": {
                "batter": 0,
                "extras": 0,
                "total": 0
              }
            },
            {
              "batter": "G Scrivens",
              "bowler": "ML Schutt",
              "non_striker": "BF Smith",
              "runs": {
                "batter": 1,
                "extras": 0,
                "total": 1
              }
            },
            {
              "batter": "BF Smith",
              "bowler": "ML Schutt",
              "non_striker": "G Scrivens",
              "runs": {
                "batter": 4,
                "extras": 0,
                "total": 4
              }
            },
            {
              "batter": "BF Smith",
              "bowler": "ML Schutt",
              "non_striker": "G Scrivens",
              "runs": {
                "batter": 0,
                "extras": 0,
                "total": 0
              }
            },
            {
              "batter": "BF Smith",
              "bowler": "ML Schutt",
              "non_striker": "G Scrivens",
              "runs": {
                "batter": 1,
                "extras": 0,
                "total": 1
              }
            }
          ]
        },
        {
          "over": 2,
          "deliveries": [
            {
              "batter": "BF Smith",
              "bowler": "EL Arlott",
              "non_striker": "G Scrivens",
              "runs": {
                "batter": 0,
                "extras": 0,
                "total": 0
              },
              "wickets": [
                {
                  "player_out": "BF Smith",
                  "kind": "bowled"
                }
              ]
            },
            {
              "batter": "NR Sciver-Brunt",
              "bowler": "EL Arlott",
              "extras": {
                "noballs": 2
              },
              "non_striker": "G Scrivens",
              "runs": {
                "batter": 1,
                "extras": 2,
                "total": 3
              }
            },
            {
              "batter": "G Scrivens",
              "bowler": "EL Arlott",
              "non_striker": "NR Sciver-Brunt",
              "runs": {
                "batter": 0,
                "extras": 0,
                "total": 0
              }
            },
            {
              "batter": "G Scrivens",
              "bowler": "EL Arlott",
              "non_striker": "NR Sciver-Brunt",
              "runs": {
                "batter": 0,
                "extras": 0,
                "total": 0
              }
            },
            {
              "batter": "G Scrivens",
              "bowler": "EL Arlott",
              "non_striker": "NR Sciver-Brunt",
              "runs": {
                "batter": 1,
                "extras": 0,
                "total": 1
              }
            },
            {
              "batter": "NR Sciver-Brunt",
              "bowler": "EL Arlott",
              "non_striker": "G Scrivens",
              "runs": {
                "batter": 1,
                "extras": 0,
                "total": 1
              }
            }
          ]
        },
        {
          "over": 3,
          "deliveries": [
            {
              "batter": "G Scrivens",
              "bowler": "G Voll",
              "non_striker": "NR Sciver-Brunt",
              "runs": {
                "batter": 0,
                "extras": 0,
                "total": 0
              }
            },
            {
              "batter": "G Scrivens",
              "bowler": "G Voll",
              "extras": {
                "noballs": 2
              },
              "non_striker": "NR Sciver-Brunt",
              "runs": {
                "batter": 4,
                "extras": 2,
                "total": 6
              }
            },
            {
              "batter": "G Scrivens",
              "bowler": "G Voll",
              "extras": {
                "wides": 5
              },
              "non_striker": "NR Sciver-Brunt",
              "runs": {
                "batter": 0,
                "extras": 5,
                "total": 5
              }
            },
            {
              "batter": "G Scrivens",
              "bowler": "G Voll",
              "non_striker": "NR Sciver-Brunt",
              "runs": {
                "batter": 4,
                "extras": 0,
                "total": 4
              }
            },
            {
              "batter": "G Scrivens",
              "bowler": "G Voll",
              "non_striker": "NR Sciver-Brunt",
              "runs": {
                "batter": 0,
                "extras": 0,
                "total": 0
              }
            },
            {
              "batter": "G Scrivens",
              "bowler": "G Voll",
              "non_striker": "NR Sciver-Brunt",
              "runs": {
                "batter": 0,
                "extras": 0,
                "total": 0
              }
            },
            {
              "batter": "G Scrivens",
              "bowler": "G Voll",
              "non_striker": "NR Sciver-Brunt",
              "runs": {
                "batter": 1,
                "extras": 0,
                "total": 1
              }
            }
          ]
        },
        {
          "over": 4,
          "deliveries": [
            {
              "batter": "G Scrivens",
              "bowler": "EA Perry",
              "non_striker": "NR Sciver-Brunt",
              "runs": {
                "batter": 0,
                "extras": 0,
                "total": 0
              }
            },
            {
              "batter": "G Scrivens",
              "bowler": "EA Perry",
              "non_striker": "NR Sciver-Brunt",
              "runs": {
                "batter": 1,
                "extras": 0,
                "total": 1
              }
            },
            {
              "batter": "NR Sciver-Brunt",
              "bowler": "EA Perry",
              "non_striker": "G Scrivens",
              "runs": {
                "batter": 0,
                "extras": 0,
                "total": 0
              }
            },
            {
              "batter": "NR Sciver-Brunt",
              "bowler": "EA Perry",
              "non_striker": "G Scrivens",
              "runs": {
                "batter": 1,
                "extras": 0,
                "total": 1
              }
            },
            {
              "batter": "G Scrivens",
              "bowler": "EA Perry",
              "non_striker": "NR Sciver-Brunt",
              "runs": {
                "batter": 0,
                "extras": 0,
                "total": 0
              }
            }
          ]
        },
        {
          "over": 5,
          "deliveries": [
            {
              "batter": "G Scrivens",
              "bowler": "PJ Brett",
              "extras": {
                "wides": 2
              },
              "non_striker": "NR Sciver-Brunt",
              "runs": {
                "batter": 0,
                "extras": 2,
                "total": 2
              }
            },
            {
              "batter": "NR Sciver-Brunt",
              "bowler": "PJ Brett",
              "non_striker": "G Scrivens",
              "runs": {
                "batter": 0,
                "extras": 0,
                "total": 0
              }
            },
            {
              "batter": "NR Sciver-Brunt",
              "bowler": "PJ Brett",
              "non_striker": "G Scrivens",
              "runs": {
                "batter": 0,
                "extras": 0,
                "total": 0
              }
            },
            {
              "batter": "NR Sciver-Brunt",
              "bowler": "PJ Brett",
              "non_striker": "G Scrivens",
              "runs": {
                "batter": 4,
                "extras": 0,
                "total": 4
              }
            },
            {
              "batter": "NR Sciver-Brunt",
              "bowler": "PJ Brett",
              "non_striker": "G Scrivens",
              "runs": {
                "batter": 2,
                "extras": 0,
                "total": 2
              }
            },
            {
              "batter": "NR Sciver-Brunt",
              "bowler": "PJ Brett",
              "non_striker": "G Scrivens",
              "runs": {
                "batter": 1,
                "extras": 0,
                "total": 1
              }
            }
          ]
        },
        {
          "over": 6,
          "deliveries": [
            {
              "batter": "NR Sciver-Brunt",
              "bowler": "EL Arlott",
              "non_striker": "G Scrivens",
              "runs": {
                "batter": 6,
                "extras": 0,
                "total": 6
              }
            },
            {
              "batter": "NR Sciver-Brunt",
              "bowler": "EL Arlott",
              "non_striker": "G Scrivens",
              "runs": {
                "batter": 1,
                "extras": 0,
                "total": 1
              }
            },
            {
              "batter": "G Scrivens",
              "bowler": "EL Arlott",
              "non_striker": "NR Sciver-Brunt",
              "runs": {
                "batter": 1,
                "extras": 0,
                "total": 1
              }
            },
            {
              "batter": "NR Sciver-Brunt",
              "bowler": "EL Arlott",
              "non_striker": "G Scrivens",
              "runs": {
                "batter": 1,
                "extras": 0,
                "total": 1
              }
            },
            {
              "batter": "G Scrivens",
              "bowler": "EL Arlott",
              "non_striker": "NR Sciver-Brunt",
              "runs": {
                "batter": 0,
                "extras": 0,
                "total": 0
              }
            }
          ]
        },
        {
          "over": 7,
          "deliveries": [
            {
              "batter": "G Scrivens",
              "bowler": "HL Baker",
              "non_striker": "NR Sciver-Brunt",
              "runs": {
                "batter": 2,
                "extras": 0,
                "total": 2
              }
            },
            {
              "batter": "G Scrivens",
              "bowler": "HL Baker",
              "non_striker": "NR Sciver-Brunt",
              "runs": {
                "batter": 0,
                "extras": 0,
                "total": 0
              }
            },
            {
              "batter": "G Scrivens",
              "bowler": "HL Baker",
              "non_striker": "NR Sciver-Brunt",
              "runs": {
                "batter": 0,
                "extras": 0,
                "total": 0
              }
            },
            {
              "batter": "G Scrivens",
              "bowler": "HL Baker",
              "non_striker": "NR Sciver-Brunt",
              "runs": {
                "batter": 1,
                "extras": 0,
                "total": 1
              }
            },
            {
              "batter": "NR Sciver-Brunt",
              "bowler": "HL Baker",
              "non_striker": "G Scrivens",
              "runs": {
                "batter": 1,
                "extras": 0,
                "total": 1
              }
            }
          ]
        },
        {
          "over": 8,
          "deliveries": [
            {
              "batter": "NR Sciver-Brunt",
              "bowler": "PJ Brett",
              "non_striker": "G Scrivens",
              "runs": {
                "batter": 1,
                "extras": 0,
                "total": 1
              }
            },
            {
              "batter": "G Scrivens",
              "bowler": "PJ Brett",
              "non_striker": "NR Sciver-Brunt",
              "runs": {
                "batter": 0,
                "extras": 0,
                "total": 0
              },
              "wickets": [
                {
                  "player_out": "G Scrivens",
                  "fielders": [
                    {
                      "name": "EL Arlott"
                    }
                  ],
                  "kind": "caught"
                }
              ]
            },
            {
              "batter": "A Gardner",
              "bowler": "PJ Brett",
              "non_striker": "NR Sciver-Brunt",
              "runs": {
                "batter": 1,
                "extras": 0,
                "total": 1
              }
            },
            {
              "batter": "NR Sciver-Brunt",
              "bowler": "PJ Brett",
              "non_striker": "A Gardner",
              "runs": {
                "batter": 0,
                "extras": 0,
                "total": 0
              }
            },
            {
              "batter": "NR Sciver-Brunt",
              "bowler": "PJ Brett",
              "non_striker": "A Gardner",
              "runs": {
                "batter": 4,
                "extras": 0,
                "total": 4
              }
            }
          ]
        },
        {
          "over": 9,
          "deliveries": [
            {
              "batter": "NR Sciver-Brunt",
              "bowler": "EA Perry",
              "non_striker": "A Gardner",
              "runs": {
                "batter": 4,
                "extras": 0,
                "total": 4
              }
            },
            {
              "batter": "NR Sciver-Brunt",
              "bowler": "EA Perry",
              "non_striker": "A Gardner",
              "runs": {
                "batter": 0,
                "extras": 0,
                "total": 0
              }
            },
            {
              "batter": "NR Sciver-Brunt",
              "bowler": "EA Perry",
              "non_striker": "A Gardner",
              "runs": {
                "batter": 4,
                "extras": 0,
                "total": 4
              }
            },
            {
              "batter": "NR Sciver-Brunt",
              "bowler": "EA Perry",
              "non_striker": "A Gardner",
              "runs": {
                "batter": 4,
                "extras": 0,
                "total": 4
              }
            },
            {
              "batter": "NR Sciver-Brunt",
              "bowler": "EA Perry",
              "non_striker": "A Gardner",
              "runs": {
                "batter": 1,
                "extras": 0,
                "total": 1
              }
            }
          ]
        },
        {
          "over": 10,
          "deliveries": [
            {
              "batter": "NR Sciver-Brunt",
              "bowler": "G Voll",
              "non_striker": "A Gardner",
              "runs": {
                "batter": 1,
                "extras": 0,
                "total": 1
              }
            },
            {
              "batter": "A Gardner",
              "bowler": "G Voll",
              "non_striker": "NR Sciver-Brunt",
              "runs": {
                "batter": 1,
                "extras": 0,
                "total": 1
              }
            },
            {
              "batter": "NR Sciver-Brunt",
              "bowler": "G Voll",
              "non_striker": "A Gardner",
              "runs": {
                "batter": 4,
                "extras": 0,
                "total": 4
              }
            },
            {
              "batter": "NR Sciver-Brunt",
              "bowler": "G Voll",
              "non_striker": "A Gardner",
              "runs": {
                "batter": 0,
                "extras": 0,
                "total": 0
              }
            },
            {
              "batter": "NR Sciver-Brunt",
              "bowler": "G Voll",
              "non_striker": "A Gardner",
              "runs": {
                "batter": 1,
                "extras": 0,
                "total": 1
              }
            }
          ]
        },
        {
          "over": 11,
          "deliveries": [
            {
              "batter": "A Gardner",
              "bowler": "ML Schutt",
              "non_striker": "NR Sciver-Brunt",
              "runs": {
                "batter": 0,
                "extras": 0,
                "total": 0
              }
            },
            {
              "batter": "A Gardner",
              "bowler": "ML Schutt",
              "non_striker": "NR Sciver-Brunt",
              "runs": {
                "batter": 4,
                "extras": 0,
                "total": 4
              }
            },
            {
              "batter": "A Gardner",
              "bowler": "ML Schutt",
              "non_striker": "NR Sciver-Brunt",
              "runs": {
                "batter": 4,
                "extras": 0,
                "total": 4
              }
            },
            {
              "batter": "A Gardner",
              "bowler": "ML Schutt",
              "non_striker": "NR Sciver-Brunt",
              "runs": {
                "batter": 0,
                "extras": 0,
                "total": 0
              }
            },
            {
              "batter": "A Gardner",
              "bowler": "ML Schutt",
              "non_striker": "NR Sciver-Brunt",
              "runs": {
                "batter": 0,
                "extras": 0,
                "total": 0
              },
              "wickets": [
                {
                  "player_out": "A Gardner",
                  "fielders": [
                    {
                      "name": "A Lister"
                    }
                  ],
                  "kind": "caught"
                }
              ]
            }
          ]
        },
        {
          "over": 12,
          "deliveries": [
            {
              "batter": "NR Sciver-Brunt",
              "bowler": "HL Baker",
              "non_striker": "J Grewcock",
              "runs": {
                "batter": 2,
                "extras": 0,
                "total": 2
              }
            },
            {
              "batter": "NR Sciver-Brunt",
              "bowler": "HL Baker",
              "non_striker": "J Grewcock",
              "runs": {
                "batter": 1,
                "extras": 0,
                "total": 1
              }
            },
            {
              "batter": "J Grewcock",
              "bowler": "HL Baker",
              "non_striker": "NR Sciver-Brunt",
              "runs": {
                "batter": 1,
                "extras": 0,
                "total": 1
              }
            },
            {
              "batter": "NR Sciver-Brunt",
              "bowler": "HL Baker",
              "non_striker": "J Grewcock",
              "runs": {
                "batter": 6,
                "extras": 0,
                "total": 6
              }
            },
            {
              "batter": "NR Sciver-Brunt",
              "bowler": "HL Baker",
              "non_striker": "J Grewcock",
              "runs": {
                "batter": 0,
                "extras": 0,
                "total": 0
              },
              "wickets": [
                {
                  "player_out": "NR Sciver-Brunt",
                  "fielders": [
                    {
                      "name": "ML Schutt"
                    }
                  ],
                  "kind": "caught"
                }
              ]
            }
          ]
        },
        {
          "over": 13,
          "deliveries": [
            {
              "batter": "H Graham",
              "bowler": "HL Baker",
              "non_striker": "J Grewcock",
              "runs": {
                "batter": 0,
                "extras": 0,
                "total": 0
              }
            },
            {
              "batter": "H Graham",
              "bowler": "HL Baker",
              "non_striker": "J Grewcock",
              "runs": {
                "batter": 0,
                "extras": 0,
                "total": 0
              }
            },
            {
              "batter": "H Graham",
              "bowler": "HL Baker",
              "non_striker": "J Grewcock",
              "runs": {
                "batter": 1,
                "extras": 0,
                "total": 1
              }
            },
            {
              "batter": "J Grewcock",
              "bowler": "HL Baker",
              "non_striker": "H Graham",
              "runs": {
                "batter": 1,
                "extras": 0,
                "total": 1
              }
            },
            {
              "batter": "H Graham",
              "bowler": "HL Baker",
              "non_striker": "J Grewcock",
              "runs": {
                "batter": 2,
                "extras": 0,
                "total": 2
              }
            }
          ]
        },
        {
          "over": 14,
          "deliveries": [
            {
              "batter": "J Grewcock",
              "bowler": "PJ Brett",
              "non_striker": "H Graham",
              "runs": {
                "batter": 1,
                "extras": 0,
                "total": 1
              }
            },
            {
              "batter": "H Graham",
              "bowler": "PJ Brett",
              "non_striker": "J Grewcock",
              "runs": {
                "batter": 0,
                "extras": 0,
                "total": 0
              },
              "wickets": [
                {
                  "player_out": "H Graham",
                  "fielders": [
                    {
                      "name": "A Lister"
                    }
                  ],
                  "kind": "caught"
                }
              ]
            },
            {
              "batter": "E Threlkeld",
              "bowler": "PJ Brett",
              "non_striker": "J Grewcock",
              "runs": {
                "batter": 0,
                "extras": 0,
                "total": 0
              }
            },
            {
              "batter": "E Threlkeld",
              "bowler": "PJ Brett",
              "non_striker": "J Grewcock",
              "runs": {
                "batter": 2,
                "extras": 0,
                "total": 2
              }
            },
            {
              "batter": "E Threlkeld",
              "bowler": "PJ Brett",
              "non_striker": "J Grewcock",
              "review": {
                "by": "Birmingham Phoenix",
                "umpire": "Hassan Adnan",
                "batter": "E Threlkeld",
                "decision": "upheld",
                "type": "wicket"
              },
              "runs": {
                "batter": 0,
                "extras": 0,
                "total": 0
              },
              "wickets": [
                {
                  "player_out": "E Threlkeld",
                  "kind": "lbw"
                }
              ]
            }
          ]
        },
        {
          "over": 15,
          "deliveries": [
            {
              "batter": "A King",
              "bowler": "PJ Brett",
              "non_striker": "J Grewcock",
              "runs": {
                "batter": 0,
                "extras": 0,
                "total": 0
              }
            },
            {
              "batter": "A King",
              "bowler": "PJ Brett",
              "non_striker": "J Grewcock",
              "runs": {
                "batter": 0,
                "extras": 0,
                "total": 0
              }
            },
            {
              "batter": "A King",
              "bowler": "PJ Brett",
              "non_striker": "J Grewcock",
              "runs": {
                "batter": 0,
                "extras": 0,
                "total": 0
              }
            },
            {
              "batter": "A King",
              "bowler": "PJ Brett",
              "non_striker": "J Grewcock",
              "runs": {
                "batter": 0,
                "extras": 0,
                "total": 0
              }
            },
            {
              "batter": "A King",
              "bowler": "PJ Brett",
              "non_striker": "J Grewcock",
              "runs": {
                "batter": 1,
                "extras": 0,
                "total": 1
              }
            }
          ]
        },
        {
          "over": 16,
          "deliveries": [
            {
              "batter": "A King",
              "bowler": "EL Arlott",
              "non_striker": "J Grewcock",
              "runs": {
                "batter": 0,
                "extras": 0,
                "total": 0
              }
            },
            {
              "batter": "A King",
              "bowler": "EL Arlott",
              "non_striker": "J Grewcock",
              "runs": {
                "batter": 0,
                "extras": 0,
                "total": 0
              }
            },
            {
              "batter": "A King",
              "bowler": "EL Arlott",
              "non_striker": "J Grewcock",
              "runs": {
                "batter": 1,
                "extras": 0,
                "total": 1
              }
            },
            {
              "batter": "J Grewcock",
              "bowler": "EL Arlott",
              "non_striker": "A King",
              "runs": {
                "batter": 1,
                "extras": 0,
                "total": 1
              }
            },
            {
              "batter": "A King",
              "bowler": "EL Arlott",
              "non_striker": "J Grewcock",
              "runs": {
                "batter": 2,
                "extras": 0,
                "total": 2
              }
            }
          ]
        },
        {
          "over": 17,
          "deliveries": [
            {
              "batter": "A King",
              "bowler": "HL Baker",
              "non_striker": "J Grewcock",
              "runs": {
                "batter": 2,
                "extras": 0,
                "total": 2
              }
            },
            {
              "batter": "A King",
              "bowler": "HL Baker",
              "non_striker": "J Grewcock",
              "runs": {
                "batter": 2,
                "extras": 0,
                "total": 2
              }
            },
            {
              "batter": "A King",
              "bowler": "HL Baker",
              "non_striker": "J Grewcock",
              "runs": {
                "batter": 0,
                "extras": 0,
                "total": 0
              }
            },
            {
              "batter": "A King",
              "bowler": "HL Baker",
              "non_striker": "J Grewcock",
              "runs": {
                "batter": 0,
                "extras": 0,
                "total": 0
              }
            },
            {
              "batter": "A King",
              "bowler": "HL Baker",
              "non_striker": "J Grewcock",
              "runs": {
                "batter": 1,
                "extras": 0,
                "total": 1
              }
            }
          ]
        },
        {
          "over": 18,
          "deliveries": [
            {
              "batter": "A King",
              "bowler": "ML Schutt",
              "non_striker": "J Grewcock",
              "runs": {
                "batter": 0,
                "extras": 0,
                "total": 0
              },
              "wickets": [
                {
                  "player_out": "A King",
                  "fielders": [
                    {
                      "name": "AE Jones"
                    }
                  ],
                  "kind": "caught"
                }
              ]
            },
            {
              "batter": "KL Gordon",
              "bowler": "ML Schutt",
              "non_striker": "J Grewcock",
              "runs": {
                "batter": 0,
                "extras": 0,
                "total": 0
              }
            },
            {
              "batter": "KL Gordon",
              "bowler": "ML Schutt",
              "non_striker": "J Grewcock",
              "runs": {
                "batter": 0,
                "extras": 0,
                "total": 0
              }
            },
            {
              "batter": "KL Gordon",
              "bowler": "ML Schutt",
              "non_striker": "J Grewcock",
              "runs": {
                "batter": 2,
                "extras": 0,
                "total": 2
              }
            },
            {
              "batter": "KL Gordon",
              "bowler": "ML Schutt",
              "non_striker": "J Grewcock",
              "runs": {
                "batter": 1,
                "extras": 0,
                "total": 1
              }
            }
          ]
        },
        {
          "over": 19,
          "deliveries": [
            {
              "batter": "J Grewcock",
              "bowler": "EL Arlott",
              "non_striker": "KL Gordon",
              "runs": {
                "batter": 0,
                "extras": 0,
                "total": 0
              }
            },
            {
              "batter": "J Grewcock",
              "bowler": "EL Arlott",
              "non_striker": "KL Gordon",
              "runs": {
                "batter": 4,
                "extras": 0,
                "total": 4
              }
            }
          ]
        }
      ],
      "powerplays": [
        {
          "from": 0.1,
          "to": 4.5,
          "type": "mandatory"
        }
      ],
      "target": {
        "overs": 20,
        "runs": 124
      }
    }
  ]
}