{
  "meta": {
    "data_version": "1.1.0",
    "created": "2025-08-18",
    "revision": 1
  },
  "info": {
    "balls_per_over": 5,
    "city": "Birmingham",
    "dates": [
      "2025-08-17"
    ],
    "event": {
      "name": "The Hundred Women's Competition",
      "match_number": 18
    },
    "gender": "female",
    "match_type": "T20",
    "officials": {
      "match_referees": [
        "SM Bartlett"
      ],
      "reserve_umpires": [
        "BJ Peverall"
      ],
      "tv_umpires": [
        "PK Baldwin"
      ],
      "umpires": [
        "G Bambury",
        "JD Shantry"
      ]
    },
    "outcome": {
      "winner": "London Spirit",
      "by": {
        "runs": 88
      }
    },
    "overs": 20,
    "player_of_match": [
      "KM Chathli"
    ],
    "players": {
      "London Spirit": [
        "KM Chathli",
        "G Redmayne",
        "CL Griffith",
        "CR Knott",
        "GM Harris",
        "DR Gibson",
        "IECM Wong",
        "S Glenn",
        "CE Dean",
        "E Gray",
        "R Tyson"
      ],
      "Birmingham Phoenix": [
        "G Voll",
        "EL Lamb",
        "EA Perry",
        "AE Jones",
        "M Kelly",
        "A Lister",
        "EL Arlott",
        "MLL Taylor",
        "ML Schutt",
        "HL Baker",
        "PJ Brett"
      ]
    },
    "registry": {
      "people": {
        "A Lister": "090c0213",
        "AE Jones": "b05e45e4",
        "BJ Peverall": "3e04e05a",
        "CE Dean": "c6625a26",
        "CL Griffith": "85ce4231",
        "CR Knott": "d7ff1adc",
        "DR Gibson": "d2763568",
        "E Gray": "58717de2",
        "EA Perry": "be150fc8",
        "EL Arlott": "78fd864b",
        "EL Lamb": "02181d9a",
        "G Bambury": "a8e0ed6a",
        "G Redmayne": "324b9eee",
        "G Voll": "5c30d455",
        "GM Harris": "72166006",
        "HL Baker": "cefad9fd",
        "IECM Wong": "e5b17517",
        "JD Shantry": "70fdd428",
        "KM Chathli": "6ffbf04c",
        "M Kelly": "ebf683f9",
        "ML Schutt": "17608a6f",
        "MLL Taylor": "014cfac4",
        "PJ Brett": "41117b19",
        "PK Baldwin": "6bb53c12",
        "R Tyson": "5c9d5093",
        "S Glenn": "b34e0c77",
        "SM Bartlett": "7ba18406"
      }
    },
    "season": "2025",
    "team_type": "club",
    "teams": [
      "London Spirit",
      "Birmingham Phoenix"
    ],
    "toss": {
      "decision": "bat",
      "winner": "London Spirit"
    },
    "venue": "Edgbaston, Birmingham"
  },
  "innings": [
    {
      "team": "London Spirit",
      "overs": [
        {
          "over": 0,
          "deliveries": [
            {
              "batter": "KM Chathli",
              "bowler": "ML Schutt",
              "non_striker": "G Redmayne",
              "runs": {
                "batter": 3,
                "extras": 0,
                "total": 3
              }
            },
            {
              "batter": "G Redmayne",
              "bowler": "ML Schutt",
              "non_striker": "KM Chathli",
              "runs": {
                "batter": 0,
                "extras": 0,
                "total": 0
              }
            },
            {
              "batter": "G Redmayne",
              "bowler": "ML Schutt",
              "non_striker": "KM Chathli",
              "review": {
                "by": "Birmingham Phoenix",
                "batter": "G Redmayne",
                "decision": "upheld"
              },
              "runs": {
                "batter": 0,
                "extras": 0,
                "total": 0
              },
              "wickets": [
                {
                  "player_out": "G Redmayne",
                  "fielders": [
                    {
                      "name": "AE Jones"
                    }
                  ],
                  "kind": "caught"
                }
              ]
            },
            {
              "batter": "CL Griffith",
              "bowler": "ML Schutt",
              "non_striker": "KM Chathli",
              "runs": {
                "batter": 0,
                "extras": 0,
                "total": 0
              }
            },
            {
              "batter": "CL Griffith",
              "bowler": "ML Schutt",
              "non_striker": "KM Chathli",
              "runs": {
                "batter": 0,
                "extras": 0,
                "total": 0
              }
            }
          ]
        },
        {
          "over": 1,
          "deliveries": [
            {
              "batter": "CL Griffith",
              "bowler": "ML Schutt",
              "non_striker": "KM Chathli",
              "runs": {
                "batter": 4,
                "extras": 0,
                "total": 4
              }
            },
            {
              "batter": "CL Griffith",
              "bowler": "ML Schutt",
              "non_striker": "KM Chathli",
              "runs": {
                "batter": 1,
                "extras": 0,
                "total": 1
              }
            },
            {
              "batter": "KM Chathli",
              "bowler": "ML Schutt",
              "non_striker": "CL Griffith",
              "runs": {
                "batter": 0,
                "extras": 0,
                "total": 0
              }
            },
            {
              "batter": "KM Chathli",
              "bowler": "ML Schutt",
              "non_striker": "CL Griffith",
              "runs": {
                "batter": 1,
                "extras": 0,
                "total": 1
              }
            },
            {
              "batter": "CL Griffith",
              "bowler": "ML Schutt",
              "non_striker": "KM Chathli",
              "runs": {
                "batter": 0,
                "extras": 0,
                "total": 0
              }
            }
          ]
        },
        {
          "over": 2,
          "deliveries": [
            {
              "batter": "KM Chathli",
              "bowler": "G Voll",
              "non_striker": "CL Griffith",
              "runs": {
                "batter": 0,
                "extras": 0,
                "total": 0
              }
            },
            {
              "batter": "KM Chathli",
              "bowler": "G Voll",
              "non_striker": "CL Griffith",
              "runs": {
                "batter": 0,
                "extras": 0,
                "total": 0
              }
            },
            {
              "batter": "KM Chathli",
              "bowler": "G Voll",
              "non_striker": "CL Griffith",
              "runs": {
                "batter": 4,
                "extras": 0,
                "total": 4
              }
            },
            {
              "batter": "KM Chathli",
              "bowler": "G Voll",
              "non_striker": "CL Griffith",
              "runs": {
                "batter": 0,
                "extras": 0,
                "total": 0
              }
            },
            {
              "batter": "KM Chathli",
              "bowler": "G Voll",
              "non_striker": "CL Griffith",
              "runs": {
                "batter": 1,
                "extras": 0,
                "total": 1
              }
            }
          ]
        },
        {
          "over": 3,
          "deliveries": [
            {
              "batter": "CL Griffith",
              "bowler": "EA Perry",
              "non_striker": "KM Chathli",
              "runs": {
                "batter": 2,
                "extras": 0,
                "total": 2
              }
            },
            {
              "batter": "CL Griffith",
              "bowler": "EA Perry",
              "non_striker": "KM Chathli",
              "runs": {
                "batter": 1,
                "extras": 0,
                "total": 1
              }
            },
            {
              "batter": "KM Chathli",
              "bowler": "EA Perry",
              "non_striker": "CL Griffith",
              "runs": {
                "batter": 0,
                "extras": 0,
                "total": 0
              }
            },
            {
              "batter": "KM Chathli",
              "bowler": "EA Perry",
              "non_striker": "CL Griffith",
              "runs": {
                "batter": 1,
                "extras": 0,
                "total": 1
              }
            },
            {
              "batter": "CL Griffith",
              "bowler": "EA Perry",
              "extras": {
                "legbyes": 1
              },
              "non_striker": "KM Chathli",
              "runs": {
                "batter": 0,
                "extras": 1,
                "total": 1
              }
            }
          ]
        },
        {
          "over": 4,
          "deliveries": [
            {
              "batter": "CL Griffith",
              "bowler": "EL Arlott",
              "extras": {
                "wides": 1
              },
              "non_striker": "KM Chathli",
              "runs": {
                "batter": 0,
                "extras": 1,
                "total": 1
              }
            },
            {
              "batter": "CL Griffith",
              "bowler": "EL Arlott",
              "non_striker": "KM Chathli",
              "runs": {
                "batter": 0,
                "extras": 0,
                "total": 0
              }
            },
            {
              "batter": "CL Griffith",
              "bowler": "EL Arlott",
              "non_striker": "KM Chathli",
              "runs": {
                "batter": 1,
                "extras": 0,
                "total": 1
              }
            },
            {
              "batter": "KM Chathli",
              "bowler": "EL Arlott",
              "non_striker": "CL Griffith",
              "runs": {
                "batter": 1,
                "extras": 0,
                "total": 1
              }
            },
            {
              "batter": "CL Griffith",
              "bowler": "EL Arlott",
              "non_striker": "KM Chathli",
              "runs": {
                "batter": 0,
                "extras": 0,
                "total": 0
              }
            },
            {
              "batter": "CL Griffith",
              "bowler": "EL Arlott",
              "non_striker": "KM Chathli",
              "runs": {
                "batter": 0,
                "extras": 0,
                "total": 0
              },
              "wickets": [
                {
                  "player_out": "CL Griffith",
                  "kind": "bowled"
                }
              ]
            }
          ]
        },
        {
          "over": 5,
          "deliveries": [
            {
              "batter": "CR Knott",
              "bowler": "HL Baker",
              "extras": {
                "wides": 1
              },
              "non_striker": "KM Chathli",
              "runs": {
                "batter": 0,
                "extras": 1,
                "total": 1
              }
            },
            {
              "batter": "CR Knott",
              "bowler": "HL Baker",
              "non_striker": "KM Chathli",
              "runs": {
                "batter": 0,
                "extras": 0,
                "total": 0
              }
            },
            {
              "batter": "CR Knott",
              "bowler": "HL Baker",
              "non_striker": "KM Chathli",
              "runs": {
                "batter": 2,
                "extras": 0,
                "total": 2
              }
            },
            {
              "batter": "CR Knott",
              "bowler": "HL Baker",
              "non_striker": "KM Chathli",
              "runs": {
                "batter": 0,
                "extras": 0,
                "total": 0
              }
            },
            {
              "batter": "CR Knott",
              "bowler": "HL Baker",
              "non_striker": "KM Chathli",
              "runs": {
                "batter": 1,
                "extras": 0,
                "total": 1
              }
            },
            {
              "batter": "KM Chathli",
              "bowler": "HL Baker",
              "non_striker": "CR Knott",
              "runs": {
                "batter": 4,
                "extras": 0,
                "total": 4
              }
            }
          ]
        },
        {
          "over": 6,
          "deliveries": [
            {
              "batter": "CR Knott",
              "bowler": "EA Perry",
              "non_striker": "KM Chathli",
              "runs": {
                "batter": 1,
                "extras": 0,
                "total": 1
              }
            },
            {
              "batter": "KM Chathli",
              "bowler": "EA Perry",
              "non_striker": "CR Knott",
              "runs": {
                "batter": 4,
                "extras": 0,
                "total": 4
              }
            },
            {
              "batter": "KM Chathli",
              "bowler": "EA Perry",
              "non_striker": "CR Knott",
              "runs": {
                "batter": 2,
                "extras": 0,
                "total": 2
              }
            },
            {
              "batter": "KM Chathli",
              "bowler": "EA Perry",
              "non_striker": "CR Knott",
              "runs": {
                "batter": 1,
                "extras": 0,
                "total": 1
              }
            },
            {
              "batter": "CR Knott",
              "bowler": "EA Perry",
              "extras": {
                "wides": 1
              },
              "non_striker": "KM Chathli",
              "runs": {
                "batter": 0,
                "extras": 1,
                "total": 1
              }
            },
            {
              "batter": "CR Knott",
              "bowler": "EA Perry",
              "non_striker": "KM Chathli",
              "runs": {
                "batter": 0,
                "extras": 0,
                "total": 0
              }
            }
          ]
        },
        {
          "over": 7,
          "deliveries": [
            {
              "batter": "CR Knott",
              "bowler": "G Voll",
              "non_striker": "KM Chathli",
              "runs": {
                "batter": 0,
                "extras": 0,
                "total": 0
              }
            },
            {
              "batter": "CR Knott",
              "bowler": "G Voll",
              "non_striker": "KM Chathli",
              "runs": {
                "batter": 1,
                "extras": 0,
                "total": 1
              }
            },
            {
              "batter": "KM Chathli",
              "bowler": "G Voll",
              "non_striker": "CR Knott",
              "runs": {
                "batter": 0,
                "extras": 0,
                "total": 0
              }
            },
            {
              "batter": "KM Chathli",
              "bowler": "G Voll",
              "non_striker": "CR Knott",
              "runs": {
                "batter": 4,
                "extras": 0,
                "total": 4
              }
            },
            {
              "batter": "KM Chathli",
              "bowler": "G Voll",
              "non_striker": "CR Knott",
              "runs": {
                "batter": 4,
                "extras": 0,
                "total": 4
              }
            }
          ]
        },
        {
          "over": 8,
          "deliveries": [
            {
              "batter": "CR Knott",
              "bowler": "MLL Taylor",
              "non_striker": "KM Chathli",
              "runs": {
                "batter": 0,
                "extras": 0,
                "total": 0
              }
            },
            {
              "batter": "CR Knott",
              "bowler": "MLL Taylor",
              "non_striker": "KM Chathli",
              "runs": {
                "batter": 4,
                "extras": 0,
                "total": 4
              }
            },
            {
              "batter": "CR Knott",
              "bowler": "MLL Taylor",
              "non_striker": "KM Chathli",
              "runs": {
                "batter": 4,
                "extras": 0,
                "total": 4
              }
            },
            {
              "batter": "CR Knott",
              "bowler": "MLL Taylor",
              "non_striker": "KM Chathli",
              "runs": {
                "batter": 1,
                "extras": 0,
                "total": 1
              }
            },
            {
              "batter": "KM Chathli",
              "bowler": "MLL Taylor",
              "non_striker": "CR Knott",
              "runs": {
                "batter": 1,
                "extras": 0,
                "total": 1
              }
            }
          ]
        },
        {
          "over": 9,
          "deliveries": [
            {
              "batter": "CR Knott",
              "bowler": "HL Baker",
              "non_striker": "KM Chathli",
              "runs": {
                "batter": 1,
                "extras": 0,
                "total": 1
              }
            },
            {
              "batter": "KM Chathli",
              "bowler": "HL Baker",
              "non_striker": "CR Knott",
              "runs": {
                "batter": 4,
                "extras": 0,
                "total": 4
              }
            },
            {
              "batter": "KM Chathli",
              "bowler": "HL Baker",
              "non_striker": "CR Knott",
              "runs": {
                "batter": 4,
                "extras": 0,
                "total": 4
              }
            },
            {
              "batter": "KM Chathli",
              "bowler": "HL Baker",
              "non_striker": "CR Knott",
              "runs": {
                "batter": 0,
                "extras": 0,
                "total": 0
              }
            },
            {
              "batter": "KM Chathli",
              "bowler": "HL Baker",
              "non_striker": "CR Knott",
              "runs": {
                "batter": 1,
                "extras": 0,
                "total": 1
              }
            }
          ]
        },
        {
          "over": 10,
          "deliveries": [
            {
              "batter": "KM Chathli",
              "bowler": "EL Arlott",
              "non_striker": "CR Knott",
              "runs": {
                "batter": 1,
                "extras": 0,
                "total": 1
              }
            },
            {
              "batter": "CR Knott",
              "bowler": "EL Arlott",
              "non_striker": "KM Chathli",
              "runs": {
                "batter": 0,
                "extras": 0,
                "total": 0
              },
              "wickets": [
                {
                  "player_out": "CR Knott",
                  "kind": "bowled"
                }
              ]
            },
            {
              "batter": "GM Harris",
              "bowler": "EL Arlott",
              "non_striker": "KM Chathli",
              "runs": {
                "batter": 1,
                "extras": 0,
                "total": 1
              }
            },
            {
              "batter": "KM Chathli",
              "bowler": "EL Arlott",
              "non_striker": "GM Harris",
              "runs": {
                "batter": 4,
                "extras": 0,
                "total": 4
              }
            },
            {
              "batter": "KM Chathli",
              "bowler": "EL Arlott",
              "non_striker": "GM Harris",
              "runs": {
                "batter": 1,
                "extras": 0,
                "total": 1
              }
            }
          ]
        },
        {
          "over": 11,
          "deliveries": [
            {
              "batter": "GM Harris",
              "bowler": "MLL Taylor",
              "non_striker": "KM Chathli",
              "runs": {
                "batter": 1,
                "extras": 0,
                "total": 1
              }
            },
            {
              "batter": "KM Chathli",
              "bowler": "MLL Taylor",
              "non_striker": "GM Harris",
              "runs": {
                "batter": 1,
                "extras": 0,
                "total": 1
              }
            },
            {
              "batter": "GM Harris",
              "bowler": "MLL Taylor",
              "non_striker": "KM Chathli",
              "runs": {
                "batter": 1,
                "extras": 0,
                "total": 1
              }
            },
            {
              "batter": "KM Chathli",
              "bowler": "MLL Taylor",
              "non_striker": "GM Harris",
              "runs": {
                "batter": 4,
                "extras": 0,
                "total": 4
              }
            },
            {
              "batter": "KM Chathli",
              "bowler": "MLL Taylor",
              "non_striker": "GM Harris",
              "runs": {
                "batter": 1,
                "extras": 0,
                "total": 1
              }
            }
          ]
        },
        {
          "over": 12,
          "deliveries": [
            {
              "batter": "KM Chathli",
              "bowler": "HL Baker",
              "non_striker": "GM Harris",
              "runs": {
                "batter": 4,
                "extras": 0,
                "total": 4
              }
            },
            {
              "batter": "KM Chathli",
              "bowler": "HL Baker",
              "non_striker": "GM Harris",
              "runs": {
                "batter": 4,
                "extras": 0,
                "total": 4
              }
            },
            {
              "batter": "KM Chathli",
              "bowler": "HL Baker",
              "non_striker": "GM Harris",
              "runs": {
                "batter": 1,
                "extras": 0,
                "total": 1
              }
            },
            {
              "batter": "GM Harris",
              "bowler": "HL Baker",
              "non_striker": "KM Chathli",
              "runs": {
                "batter": 4,
                "extras": 0,
                "total": 4
              }
            },
            {
              "batter": "GM Harris",
              "bowler": "HL Baker",
              "non_striker": "KM Chathli",
              "runs": {
                "batter": 2,
                "extras": 0,
                "total": 2
              }
            }
          ]
        },
        {
          "over": 13,
          "deliveries": [
            {
              "batter": "GM Harris",
              "bowler": "ML Schutt",
              "non_striker": "KM Chathli",
              "runs": {
                "batter": 2,
                "extras": 0,
                "total": 2
              }
            },
            {
              "batter": "GM Harris",
              "bowler": "ML Schutt",
              "non_striker": "KM Chathli",
              "runs": {
                "batter": 2,
                "extras": 0,
                "total": 2
              }
            },
            {
              "batter": "GM Harris",
              "bowler": "ML Schutt",
              "non_striker": "KM Chathli",
              "runs": {
                "batter": 4,
                "extras": 0,
                "total": 4
              }
            },
            {
              "batter": "GM Harris",
              "bowler": "ML Schutt",
              "non_striker": "KM Chathli",
              "runs": {
                "batter": 1,
                "extras": 0,
                "total": 1
              }
            },
            {
              "batter": "KM Chathli",
              "bowler": "ML Schutt",
              "non_striker": "GM Harris",
              "runs": {
                "batter": 4,
                "extras": 0,
                "total": 4
              }
            }
          ]
        },
        {
          "over": 14,
          "deliveries": [
            {
              "batter": "GM Harris",
              "bowler": "EA Perry",
              "non_striker": "KM Chathli",
              "runs": {
                "batter": 1,
                "extras": 0,
                "total": 1
              }
            },
            {
              "batter": "KM Chathli",
              "bowler": "EA Perry",
              "non_striker": "GM Harris",
              "runs": {
                "batter": 4,
                "extras": 0,
                "total": 4
              }
            },
            {
              "batter": "KM Chathli",
              "bowler": "EA Perry",
              "non_striker": "GM Harris",
              "runs": {
                "batter": 0,
                "extras": 0,
                "total": 0
              },
              "wickets": [
                {
                  "player_out": "KM Chathli",
                  "fielders": [
                    {
                      "name": "AE Jones"
                    }
                  ],
                  "kind": "caught"
                }
              ]
            },
            {
              "batter": "DR Gibson",
              "bowler": "EA Perry",
              "non_striker": "GM Harris",
              "runs": {
                "batter": 4,
                "extras": 0,
                "total": 4
              }
            },
            {
              "batter": "DR Gibson",
              "bowler": "EA Perry",
              "non_striker": "GM Harris",
              "runs": {
                "batter": 4,
                "extras": 0,
                "total": 4
              }
            }
          ]
        },
        {
          "over": 15,
          "deliveries": [
            {
              "batter": "DR Gibson",
              "bowler": "MLL Taylor",
              "non_striker": "GM Harris",
              "runs": {
                "batter": 0,
                "extras": 0,
                "total": 0
              }
            },
            {
              "batter": "DR Gibson",
              "bowler": "MLL Taylor",
              "non_striker": "GM Harris",
              "runs": {
                "batter": 0,
                "extras": 0,
                "total": 0
              }
            },
            {
              "batter": "DR Gibson",
              "bowler": "MLL Taylor",
              "non_striker": "GM Harris",
              "runs": {
                "batter": 1,
                "extras": 0,
                "total": 1
              }
            },
            {
              "batter": "GM Harris",
              "bowler": "MLL Taylor",
              "non_striker": "DR Gibson",
              "runs": {
                "batter": 6,
                "extras": 0,
                "total": 6
              }
            },
            {
              "batter": "GM Harris",
              "bowler": "MLL Taylor",
              "non_striker": "DR Gibson",
              "runs": {
                "batter": 1,
                "extras": 0,
                "total": 1
              }
            }
          ]
        },
        {
          "over": 16,
          "deliveries": [
            {
              "batter": "GM Harris",
              "bowler": "EL Arlott",
              "non_striker": "DR Gibson",
              "runs": {
                "batter": 4,
                "extras": 0,
                "total": 4
              }
            },
            {
              "batter": "GM Harris",
              "bowler": "EL Arlott",
              "non_striker": "DR Gibson",
              "runs": {
                "batter": 4,
                "extras": 0,
                "total": 4
              }
            },
            {
              "batter": "GM Harris",
              "bowler": "EL Arlott",
              "non_striker": "DR Gibson",
              "review": {
                "by": "London Spirit",
                "umpire": "G Bambury",
                "batter": "GM Harris",
                "decision": "struck down",
                "type": "wicket"
              },
              "runs": {
                "batter": 0,
                "extras": 0,
                "total": 0
              },
              "wickets": [
                {
                  "player_out": "GM Harris",
                  "kind": "lbw"
                }
              ]
            },
            {
              "batter": "IECM Wong",
              "bowler": "EL Arlott",
              "non_striker": "DR Gibson",
              "runs": {
                "batter": 0,
                "extras": 0,
                "total": 0
              }
            },
            {
              "batter": "IECM Wong",
              "bowler": "EL Arlott",
              "non_striker": "DR Gibson",
              "runs": {
                "batter": 0,
                "extras": 0,
                "total": 0
              }
            }
          ]
        },
        {
          "over": 17,
          "deliveries": [
            {
              "batter": "IECM Wong",
              "bowler": "MLL Taylor",
              "non_striker": "DR Gibson",
              "runs": {
                "batter": 0,
                "extras": 0,
                "total": 0
              }
            },
            {
              "batter": "IECM Wong",
              "bowler": "MLL Taylor",
              "non_striker": "DR Gibson",
              "runs": {
                "batter": 2,
                "extras": 0,
                "total": 2
              }
            },
            {
              "batter": "IECM Wong",
              "bowler": "MLL Taylor",
              "non_striker": "DR Gibson",
              "runs": {
                "batter": 4,
                "extras": 0,
                "total": 4
              }
            },
            {
              "batter": "IECM Wong",
              "bowler": "MLL Taylor",
              "non_striker": "DR Gibson",
              "runs": {
                "batter": 0,
                "extras": 0,
                "total": 0
              }
            },
            {
              "batter": "IECM Wong",
              "bowler": "MLL Taylor",
              "non_striker": "DR Gibson",
              "runs": {
                "batter": 0,
                "extras": 0,
                "total": 0
              }
            }
          ]
        },
        {
          "over": 18,
          "deliveries": [
            {
              "batter": "DR Gibson",
              "bowler": "ML Schutt",
              "non_striker": "IECM Wong",
              "runs": {
                "batter": 1,
                "extras": 0,
                "total": 1
              }
            },
            {
              "batter": "IECM Wong",
              "bowler": "ML Schutt",
              "non_striker": "DR Gibson",
              "runs": {
                "batter": 4,
                "extras": 0,
                "total": 4
              }
            },
            {
              "batter": "IECM Wong",
              "bowler": "ML Schutt",
              "non_striker": "DR Gibson",
              "runs": {
                "batter": 2,
                "extras": 0,
                "total": 2
              }
            },
            {
              "batter": "IECM Wong",
              "bowler": "ML Schutt",
              "non_striker": "DR Gibson",
              "runs": {
                "batter": 0,
                "extras": 0,
                "total": 0
              },
              "wickets": [
                {
                  "player_out": "IECM Wong",
                  "fielders": [
                    {
                      "name": "EL Lamb"
                    }
                  ],
                  "kind": "caught"
                }
              ]
            },
            {
              "batter": "S Glenn",
              "bowler": "ML Schutt",
              "non_striker": "DR Gibson",
              "runs": {
                "batter": 4,
                "extras": 0,
                "total": 4
              }
            }
          ]
        },
        {
          "over": 19,
          "deliveries": [
            {
              "batter": "S Glenn",
              "bowler": "EL Arlott",
              "non_striker": "DR Gibson",
              "runs": {
                "batter": 2,
                "extras": 0,
                "total": 2
              }
            },
            {
              "batter": "S Glenn",
              "bowler": "EL Arlott",
              "non_striker": "DR Gibson",
              "runs": {
                "batter": 0,
                "extras": 0,
                "total": 0
              }
            },
            {
              "batter": "S Glenn",
              "bowler": "EL Arlott",
              "non_striker": "DR Gibson",
              "runs": {
                "batter": 1,
                "extras": 0,
                "total": 1
              }
            },
            {
              "batter": "DR Gibson",
              "bowler": "EL Arlott",
              "non_striker": "S Glenn",
              "runs": {
                "batter": 2,
                "extras": 0,
                "total": 2
              }
            },
            {
              "batter": "DR Gibson",
              "bowler": "EL Arlott",
              "non_striker": "S Glenn",
              "runs": {
                "batter": 2,
                "extras": 0,
                "total": 2
              }
            }
          ]
        }
      ],
      "powerplays": [
        {
          "from": 0.1,
          "to": 4.6,
          "type": "mandatory"
        }
      ]
    },
    {
      "team": "Birmingham Phoenix",
      "absent_hurt": [
        "PJ Brett"
      ],
      "overs": [
        {
          "over": 0,
          "deliveries": [
            {
              "batter": "G Voll",
              "bowler": "R Tyson",
              "non_striker": "EL Lamb",
              "runs": {
                "batter": 0,
                "extras": 0,
                "total": 0
              }
            },
            {
              "batter": "G Voll",
              "bowler": "R Tyson",
              "non_striker": "EL Lamb",
              "runs": {
                "batter": 1,
                "extras": 0,
                "total": 1
              }
            },
            {
              "batter": "EL Lamb",
              "bowler": "R Tyson",
              "non_striker": "G Voll",
              "runs": {
                "batter": 1,
                "extras": 0,
                "total": 1
              }
            },
            {
              "batter": "G Voll",
              "bowler": "R Tyson",
              "non_striker": "EL Lamb",
              "runs": {
                "batter": 2,
                "extras": 0,
                "total": 2
              }
            },
            {
              "batter": "G Voll",
              "bowler": "R Tyson",
              "non_striker": "EL Lamb",
              "runs": {
                "batter": 0,
                "extras": 0,
                "total": 0
              }
            }
          ]
        },
        {
          "over": 1,
          "deliveries": [
            {
              "batter": "G Voll",
              "bowler": "IECM Wong",
              "non_striker": "EL Lamb",
              "runs": {
                "batter": 1,
                "extras": 0,
                "total": 1
              }
            },
            {
              "batter": "EL Lamb",
              "bowler": "IECM Wong",
              "non_striker": "G Voll",
              "runs": {
                "batter": 1,
                "extras": 0,
                "total": 1
              }
            },
            {
              "batter": "G Voll",
              "bowler": "IECM Wong",
              "non_striker": "EL Lamb",
              "runs": {
                "batter": 0,
                "extras": 0,
                "total": 0
              }
            },
            {
              "batter": "G Voll",
              "bowler": "IECM Wong",
              "non_striker": "EL Lamb",
              "runs": {
                "batter": 4,
                "extras": 0,
                "total": 4
              }
            },
            {
              "batter": "G Voll",
              "bowler": "IECM Wong",
              "non_striker": "EL Lamb",
              "runs": {
                "batter": 0,
                "extras": 0,
                "total": 0
              },
              "wickets": [
                {
                  "player_out": "G Voll",
                  "fielders": [
                    {
                      "name": "KM Chathli"
                    }
                  ],
                  "kind": "caught"
                }
              ]
            }
          ]
        },
        {
          "over": 2,
          "deliveries": [
            {
              "batter": "EL Lamb",
              "bowler": "CE Dean",
              "non_striker": "EA Perry",
              "runs": {
                "batter": 0,
                "extras": 0,
                "total": 0
              }
            },
            {
              "batter": "EL Lamb",
              "bowler": "CE Dean",
              "non_striker": "EA Perry",
              "runs": {
                "batter": 4,
                "extras": 0,
                "total": 4
              }
            },
            {
              "batter": "EL Lamb",
              "bowler": "CE Dean",
              "non_striker": "EA Perry",
              "runs": {
                "batter": 1,
                "extras": 0,
                "total": 1
              }
            },
            {
              "batter": "EA Perry",
              "bowler": "CE Dean",
              "non_striker": "EL Lamb",
              "runs": {
                "batter": 1,
                "extras": 0,
                "total": 1
              }
            },
            {
              "batter": "EL Lamb",
              "bowler": "CE Dean",
              "non_striker": "EA Perry",
              "runs": {
                "batter": 4,
                "extras": 0,
                "total": 4
              }
            }
          ]
        },
        {
          "over": 3,
          "deliveries": [
            {
              "batter": "EL Lamb",
              "bowler": "R Tyson",
              "non_striker": "EA Perry",
              "runs": {
                "batter": 4,
                "extras": 0,
                "total": 4
              }
            },
            {
              "batter": "EL Lamb",
              "bowler": "R Tyson",
              "non_striker": "EA Perry",
              "runs": {
                "batter": 4,
                "extras": 0,
                "total": 4
              }
            },
            {
              "batter": "EL Lamb",
              "bowler": "R Tyson",
              "non_striker": "EA Perry",
              "runs": {
                "batter": 0,
                "extras": 0,
                "total": 0
              }
            },
            {
              "batter": "EL Lamb",
              "bowler": "R Tyson",
              "non_striker": "EA Perry",
              "runs": {
                "batter": 1,
                "extras": 0,
                "total": 1
              }
            },
            {
              "batter": "EA Perry",
              "bowler": "R Tyson",
              "non_striker": "EL Lamb",
              "runs": {
                "batter": 0,
                "extras": 0,
                "total": 0
              }
            }
          ]
        },
        {
          "over": 4,
          "deliveries": [
            {
              "batter": "EL Lamb",
              "bowler": "E Gray",
              "non_striker": "EA Perry",
              "runs": {
                "batter": 1,
                "extras": 0,
                "total": 1
              }
            },
            {
              "batter": "EA Perry",
              "bowler": "E Gray",
              "non_striker": "EL Lamb",
              "runs": {
                "batter": 1,
                "extras": 0,
                "total": 1
              }
            },
            {
              "batter": "EL Lamb",
              "bowler": "E Gray",
              "non_striker": "EA Perry",
              "runs": {
                "batter": 1,
                "extras": 0,
                "total": 1
              }
            },
            {
              "batter": "EA Perry",
              "bowler": "E Gray",
              "non_striker": "EL Lamb",
              "runs": {
                "batter": 1,
                "extras": 0,
                "total": 1
              }
            },
            {
              "batter": "EL Lamb",
              "bowler": "E Gray",
              "non_striker": "EA Perry",
              "runs": {
                "batter": 1,
                "extras": 0,
                "total": 1
              },
              "wickets": [
                {
                  "player_out": "EL Lamb",
                  "fielders": [
                    {
                      "name": "G Redmayne"
                    },
                    {
                      "name": "IECM Wong"
                    }
                  ],
                  "kind": "run out"
                }
              ]
            }
          ]
        },
        {
          "over": 5,
          "deliveries": [
            {
              "batter": "AE Jones",
              "bowler": "S Glenn",
              "non_striker": "EA Perry",
              "runs": {
                "batter": 0,
                "extras": 0,
                "total": 0
              }
            },
            {
              "batter": "AE Jones",
              "bowler": "S Glenn",
              "non_striker": "EA Perry",
              "runs": {
                "batter": 1,
                "extras": 0,
                "total": 1
              }
            },
            {
              "batter": "EA Perry",
              "bowler": "S Glenn",
              "non_striker": "AE Jones",
              "runs": {
                "batter": 1,
                "extras": 0,
                "total": 1
              }
            },
            {
              "batter": "AE Jones",
              "bowler": "S Glenn",
              "non_striker": "EA Perry",
              "runs": {
                "batter": 0,
                "extras": 0,
                "total": 0
              }
            },
            {
              "batter": "AE Jones",
              "bowler": "S Glenn",
              "non_striker": "EA Perry",
              "runs": {
                "batter": 0,
                "extras": 0,
                "total": 0
              }
            }
          ]
        },
        {
          "over": 6,
          "deliveries": [
            {
              "batter": "EA Perry",
              "bowler": "CR Knott",
              "non_striker": "AE Jones",
              "runs": {
                "batter": 1,
                "extras": 0,
                "total": 1
              }
            },
            {
              "batter": "AE Jones",
              "bowler": "CR Knott",
              "non_striker": "EA Perry",
              "runs": {
                "batter": 1,
                "extras": 0,
                "total": 1
              }
            },
            {
              "batter": "EA Perry",
              "bowler": "CR Knott",
              "non_striker": "AE Jones",
              "runs": {
                "batter": 0,
                "extras": 0,
                "total": 0
              },
              "wickets": [
                {
                  "player_out": "EA Perry",
                  "fielders": [
                    {
                      "name": "E Gray"
                    }
                  ],
                  "kind": "caught"
                }
              ]
            },
            {
              "batter": "M Kelly",
              "bowler": "CR Knott",
              "non_striker": "AE Jones",
              "runs": {
                "batter": 0,
                "extras": 0,
                "total": 0
              }
            },
            {
              "batter": "M Kelly",
              "bowler": "CR Knott",
              "non_striker": "AE Jones",
              "runs": {
                "batter": 1,
                "extras": 0,
                "total": 1
              }
            }
          ]
        },
        {
          "over": 7,
          "deliveries": [
            {
              "batter": "AE Jones",
              "bowler": "E Gray",
              "non_striker": "M Kelly",
              "runs": {
                "batter": 1,
                "extras": 0,
                "total": 1
              }
            },
            {
              "batter": "M Kelly",
              "bowler": "E Gray",
              "non_striker": "AE Jones",
              "runs": {
                "batter": 1,
                "extras": 0,
                "total": 1
              }
            },
            {
              "batter": "AE Jones",
              "bowler": "E Gray",
              "non_striker": "M Kelly",
              "runs": {
                "batter": 1,
                "extras": 0,
                "total": 1
              }
            },
            {
              "batter": "M Kelly",
              "bowler": "E Gray",
              "non_striker": "AE Jones",
              "runs": {
                "batter": 0,
                "extras": 0,
                "total": 0
              }
            },
            {
              "batter": "M Kelly",
              "bowler": "E Gray",
              "non_striker": "AE Jones",
              "review": {
                "by": "Birmingham Phoenix",
                "umpire": "G Bambury",
                "batter": "M Kelly",
                "decision": "struck down",
                "type": "wicket",
                "umpires_call": true
              },
              "runs": {
                "batter": 0,
                "extras": 0,
                "total": 0
              },
              "wickets": [
                {
                  "player_out": "M Kelly",
                  "kind": "lbw"
                }
              ]
            }
          ]
        },
        {
          "over": 8,
          "deliveries": [
            {
              "batter": "AE Jones",
              "bowler": "S Glenn",
              "non_striker": "A Lister",
              "runs": {
                "batter": 1,
                "extras": 0,
                "total": 1
              }
            },
            {
              "batter": "A Lister",
              "bowler": "S Glenn",
              "non_striker": "AE Jones",
              "runs": {
                "batter": 1,
                "extras": 0,
                "total": 1
              }
            },
            {
              "batter": "AE Jones",
              "bowler": "S Glenn",
              "non_striker": "A Lister",
              "runs": {
                "batter": 1,
                "extras": 0,
                "total": 1
              }
            },
            {
              "batter": "A Lister",
              "bowler": "S Glenn",
              "non_striker": "AE Jones",
              "runs": {
                "batter": 1,
                "extras": 0,
                "total": 1
              }
            },
            {
              "batter": "AE Jones",
              "bowler": "S Glenn",
              "non_striker": "A Lister",
              "runs": {
                "batter": 1,
                "extras": 0,
                "total": 1
              }
            }
          ]
        },
        {
          "over": 9,
          "deliveries": [
            {
              "batter": "A Lister",
              "bowler": "CR Knott",
              "non_striker": "AE Jones",
              "runs": {
                "batter": 0,
                "extras": 0,
                "total": 0
              }
            },
            {
              "batter": "A Lister",
              "bowler": "CR Knott",
              "non_striker": "AE Jones",
              "runs": {
                "batter": 1,
                "extras": 0,
                "total": 1
              }
            },
            {
              "batter": "AE Jones",
              "bowler": "CR Knott",
              "non_striker": "A Lister",
              "runs": {
                "batter": 1,
                "extras": 0,
                "total": 1
              }
            },
            {
              "batter": "A Lister",
              "bowler": "CR Knott",
              "non_striker": "AE Jones",
              "runs": {
                "batter": 1,
                "extras": 0,
                "total": 1
              }
            },
            {
              "batter": "AE Jones",
              "bowler": "CR Knott",
              "non_striker": "A Lister",
              "runs": {
                "batter": 1,
                "extras": 0,
                "total": 1
              }
            }
          ]
        },
        {
          "over": 10,
          "deliveries": [
            {
              "batter": "AE Jones",
              "bowler": "R Tyson",
              "non_striker": "A Lister",
              "runs": {
                "batter": 1,
                "extras": 0,
                "total": 1
              }
            },
            {
              "batter": "A Lister",
              "bowler": "R Tyson",
              "non_striker": "AE Jones",
              "runs": {
                "batter": 0,
                "extras": 0,
                "total": 0
              }
            },
            {
              "batter": "A Lister",
              "bowler": "R Tyson",
              "non_striker": "AE Jones",
              "runs": {
                "batter": 0,
                "extras": 0,
                "total": 0
              },
              "wickets": [
                {
                  "player_out": "A Lister",
                  "fielders": [
                    {
                      "name": "GM Harris"
                    }
                  ],
                  "kind": "caught"
                }
              ]
            },
            {
              "batter": "EL Arlott",
              "bowler": "R Tyson",
              "non_striker": "AE Jones",
              "runs": {
                "batter": 0,
                "extras": 0,
                "total": 0
              }
            },
            {
              "batter": "EL Arlott",
              "bowler": "R Tyson",
              "non_striker": "AE Jones",
              "runs": {
                "batter": 0,
                "extras": 0,
                "total": 0
              }
            }
          ]
        },
        {
          "over": 11,
          "deliveries": [
            {
              "batter": "EL Arlott",
              "bowler": "CE Dean",
              "non_striker": "AE Jones",
              "runs": {
                "batter": 1,
                "extras": 0,
                "total": 1
              }
            },
            {
              "batter": "AE Jones",
              "bowler": "CE Dean",
              "non_striker": "EL Arlott",
              "runs": {
                "batter": 0,
                "extras": 0,
                "total": 0
              }
            },
            {
              "batter": "AE Jones",
              "bowler": "CE Dean",
              "non_striker": "EL Arlott",
              "runs": {
                "batter": 0,
                "extras": 0,
                "total": 0
              },
              "wickets": [
                {
                  "player_out": "AE Jones",
                  "kind": "bowled"
                }
              ]
            },
            {
              "batter": "MLL Taylor",
              "bowler": "CE Dean",
              "extras": {
                "wides": 1
              },
              "non_striker": "EL Arlott",
              "runs": {
                "batter": 0,
                "extras": 1,
                "total": 1
              }
            },
            {
              "batter": "MLL Taylor",
              "bowler": "CE Dean",
              "non_striker": "EL Arlott",
              "runs": {
                "batter": 4,
                "extras": 0,
                "total": 4
              }
            },
            {
              "batter": "MLL Taylor",
              "bowler": "CE Dean",
              "non_striker": "EL Arlott",
              "review": {
                "by": "London Spirit",
                "umpire": "G Bambury",
                "batter": "MLL Taylor",
                "decision": "upheld",
                "type": "wicket"
              },
              "runs": {
                "batter": 0,
                "extras": 0,
                "total": 0
              },
              "wickets": [
                {
                  "player_out": "MLL Taylor",
                  "kind": "lbw"
                }
              ]
            }
          ]
        },
        {
          "over": 12,
          "deliveries": [
            {
              "batter": "EL Arlott",
              "bowler": "IECM Wong",
              "non_striker": "ML Schutt",
              "runs": {
                "batter": 0,
                "extras": 0,
                "total": 0
              }
            },
            {
              "batter": "EL Arlott",
              "bowler": "IECM Wong",
              "non_striker": "ML Schutt",
              "runs": {
                "batter": 0,
                "extras": 0,
                "total": 0
              }
            },
            {
              "batter": "EL Arlott",
              "bowler": "IECM Wong",
              "non_striker": "ML Schutt",
              "runs": {
                "batter": 0,
                "extras": 0,
                "total": 0
              }
            },
            {
              "batter": "EL Arlott",
              "bowler": "IECM Wong",
              "non_striker": "ML Schutt",
              "runs": {
                "batter": 1,
                "extras": 0,
                "total": 1
              }
            },
            {
              "batter": "ML Schutt",
              "bowler": "IECM Wong",
              "non_striker": "EL Arlott",
              "runs": {
                "batter": 1,
                "extras": 0,
                "total": 1
              }
            }
          ]
        },
        {
          "over": 13,
          "deliveries": [
            {
              "batter": "EL Arlott",
              "bowler": "S Glenn",
              "non_striker": "ML Schutt",
              "runs": {
                "batter": 1,
                "extras": 0,
                "total": 1
              }
            },
            {
              "batter": "ML Schutt",
              "bowler": "S Glenn",
              "non_striker": "EL Arlott",
              "runs": {
                "batter": 0,
                "extras": 0,
                "total": 0
              }
            },
            {
              "batter": "ML Schutt",
              "bowler": "S Glenn",
              "non_striker": "EL Arlott",
              "runs": {
                "batter": 1,
                "extras": 0,
                "total": 1
              }
            },
            {
              "batter": "EL Arlott",
              "bowler": "S Glenn",
              "non_striker": "ML Schutt",
              "runs": {
                "batter": 1,
                "extras": 0,
                "total": 1
              }
            },
            {
              "batter": "ML Schutt",
              "bowler": "S Glenn",
              "non_striker": "EL Arlott",
              "runs": {
                "batter": 4,
                "extras": 0,
                "total": 4
              }
            }
          ]
        },
        {
          "over": 14,
          "deliveries": [
            {
              "batter": "EL Arlott",
              "bowler": "R Tyson",
              "non_striker": "ML Schutt",
              "runs": {
                "batter": 1,
                "extras": 0,
                "total": 1
              }
            },
            {
              "batter": "ML Schutt",
              "bowler": "R Tyson",
              "non_striker": "EL Arlott",
              "runs": {
                "batter": 2,
                "extras": 0,
                "total": 2
              }
            },
            {
              "batter": "ML Schutt",
              "bowler": "R Tyson",
              "non_striker": "EL Arlott",
              "runs": {
                "batter": 0,
                "extras": 0,
                "total": 0
              }
            },
            {
              "batter": "ML Schutt",
              "bowler": "R Tyson",
              "non_striker": "EL Arlott",
              "runs": {
                "batter": 1,
                "extras": 0,
                "total": 1
              }
            },
            {
              "batter": "EL Arlott",
              "bowler": "R Tyson",
              "non_striker": "ML Schutt",
              "runs": {
                "batter": 0,
                "extras": 0,
                "total": 0
              }
            }
          ]
        },
        {
          "over": 15,
          "deliveries": [
            {
              "batter": "EL Arlott",
              "bowler": "E Gray",
              "non_striker": "ML Schutt",
              "runs": {
                "batter": 4,
                "extras": 0,
                "total": 4
              }
            },
            {
              "batter": "EL Arlott",
              "bowler": "E Gray",
              "non_striker": "ML Schutt",
              "runs": {
                "batter": 1,
                "extras": 0,
                "total": 1
              }
            },
            {
              "batter": "ML Schutt",
              "bowler": "E Gray",
              "non_striker": "EL Arlott",
              "runs": {
                "batter": 0,
                "extras": 0,
                "total": 0
              },
              "wickets": [
                {
                  "player_out": "ML Schutt",
                  "kind": "bowled"
                }
              ]
            },
            {
              "batter": "HL Baker",
              "bowler": "E Gray",
              "non_striker": "EL Arlott",
              "runs": {
                "batter": 0,
                "extras": 0,
                "total": 0
              },
              "wickets": [
                {
                  "player_out": "HL Baker",
                  "fielders": [
                    {
                      "name": "KM Chathli"
                    },
                    {
                      "name": "G Redmayne"
                    }
                  ],
                  "kind": "run out"
                }
              ]
            }
          ]
        }
      ],
      "powerplays": [
        {
          "from": 0.1,
          "to": 4.5,
          "type": "mandatory"
        }
      ],
      "target": {
        "overs": 20,
        "runs": 165
      }
    }
  ]
}